Timestamp,Points,1. Your gender:,2. Your age:,3. Your region:,4. Your marital status:,5. Your status:,6. Your average monthly income:,7.What type of employment do you prefer?:,"8. If Entrepreneurship is attractive to you, what motives can motivate you to engage in entrepreneurial activity (1-minimum value, 10-maximum value) [8.1. Flexible work schedule]","8. If Entrepreneurship is attractive to you, what motives can motivate you to engage in entrepreneurial activity (1-minimum value, 10-maximum value) [8.2. Having an inspiring Business idea]","8. If Entrepreneurship is attractive to you, what motives might motivate you to engage in entrepreneurial activity (1 is the minimum value, 10 is the maximum value) [8.3. Unwillingness to work for someone]","8. If Entrepreneurship is attractive to you, what motives might motivate you to engage in entrepreneurial activity (1-minimum value, 10-maximum value) [8.4. Prestige]","8. If Entrepreneurship is attractive to you, what motives might motivate you to engage in entrepreneurial activity (1 is the minimum value, 10 is the maximum value) [8.5. Try something new]","8. If Entrepreneurship is attractive to you, what motives can motivate you to engage in entrepreneurial activity (1-minimum value, 10-maximum value) [8.6. Realization of your ambitions]","8. If Entrepreneurship is attractive to you, what motives can motivate you to engage in entrepreneurial activity (1-minimum value, 10-maximum value) [8.7. Improve social status]","8. If Entrepreneurship is attractive to you, what motives can motivate you to engage in entrepreneurial activity (1-minimum value, 10-maximum value) [8.8. Financial independence]",9. The field of activity that you would choose for Entrepreneurship:,10. Your competitive advantage for engaging in Entrepreneurship (you can specify several characteristics):,11. Select programs/funds/organizations/resources that you know of to support entrepreneurship:,"12. Rate the criteria that are important when choosing a business support program: (1 - minimum value, 10 - maximum value) [12.1. Opportunity to learn]","12. Rate the criteria that are important when choosing a business support program: (1 - minimum value, 10 - maximum value) [12.2. Favorable financing conditions]","12. Rate the criteria that are important when choosing a program to support entrepreneurship: (1 - minimum value, 10 - maximum value) [12.3. Availability of information]","12. Rate the criteria that are important when choosing a program to support entrepreneurship: (1 - minimum value, 10 - maximum value) [12.4. Notoriety]","12. Rate the criteria that are important when choosing a program to support entrepreneurship: (1 - minimum value, 10 - maximum value) [12.5. Competence and qualifications of employees]","12. Rate the criteria that are important when choosing a business support program: (1 - minimum value, 10 - maximum value) [12.6. Non-obligation to return money]","12. Rate the criteria that are important when choosing a business support program: (1 - minimum value, 10 - maximum value) [12.7. Industry affiliation]","12. Rate the criteria that are important when choosing a business support program: (1 - minimum value, 10 - maximum value) [12.8. Recommendations]","12. Rate the criteria that are important when choosing a program to support entrepreneurship: (1 - minimum value, 10 - maximum value) [12.9. Support and bringing to the result]",13. Rate on a 5-point scale your interest in starting your own business in the tourism industry:,14. Factors that may attract you to the tourism industry for Entrepreneurship: (Select all applicable answers),"15. Obstacles that stand in the way of young people engaging in innovative entrepreneurship in the field of tourism: (1 - minimum value, 10 - maximum value) [15.1. Bureaucracy]","15. Obstacles that stand in the way of youth engaging in innovative entrepreneurship in the field of tourism: (1- minimum value, 10- maximum value) [15.2. High taxes]","15. Obstacles that stand in the way of young people engaging in innovative entrepreneurship in the field of tourism: (1 - minimum value, 10 - maximum value) [15.3. Corruption]","15. Obstacles that stand in the way of young people engaging in innovative entrepreneurship in the field of tourism: (1- minimum value, 10- maximum value) [15.4. Lack of knowledge of the market]","15. Obstacles that stand in the way of young people engaging in innovative entrepreneurship in the field of tourism: (1 - minimum value, 10 - maximum value) [15.5. Lack of information on government support for business]","15. Obstacles that stand in the way of young people engaging in innovative entrepreneurship in the field of tourism: (1 - minimum value, 10 - maximum value) [15.6. Lack of support from the state]","15. Obstacles that stand in the way of young people engaging in innovative entrepreneurship in the field of tourism: (1 - minimum value, 10 - maximum value) [15.7. Lack of self-confidence or fear of failure]","15. Obstacles that stand in the way of young people engaging in innovative entrepreneurship in the field of tourism: (1- minimum value, 10- maximum value) [15.8. Lack of business education or experience]","15.Obstacles that stand in the way of young people engaging in innovative entrepreneurship in the field of tourism: (1 - minimum value, 10 - maximum value) [15.9. Lack of a team of like-minded people]","15. Obstacles that stand in the way of young people engaging in innovative entrepreneurship in the field of tourism: (1 - minimum value, 10 - maximum value) [15.10. Difficulties of running a business]",16.What innovative solutions do you think could significantly improve tourism in Kazakhstan?
26.08.2024 13:14:10,,1.2. Female,2.3. 26 - 30 years old,3.9. Karaganda region,4.1. Married,5.1. Student,6.2. 150 000 tg – 300 000 tg,Doctoral student ,4,4,4,4,3,3,4,4,9.14. Tourism,"10.3. Communication skills, 10.4. Leadership, 10.8. Creative thinking","11.1. JSC ""Entrepreneurship Development Fund ""Damu""",10,10,10,9,10,10,8,7,10,5,"14.1. Quick start without initial investment, 14.2. Opportunities for innovation, 14.3. Possibility of creating a family business, 14.4. International Bisuness, 14.5. Independence and flexibility in work, 14.6. Trips, 14.7. Financial support for start-up entrepreneurs",10,10,10,8,9,10,8,8,8,9,"16.2. Implementation of artificial intelligence technologies to create digital twins of tourist sites that can be explored online or via VR, 16.5.Implementation of 4D technologies, creating multidimensional tours that immerse you in the atmosphere of a place not only visually, but also tactilely and through smells, 16.7. Development of universal mobile applications for travel planning and booking services"
26.08.2024 13:40:17,,1.1. Male,2.4. 31 - 35 years old,3.8. Zhetisu region,4.2. Not married,5.3. Working specialist,6.2. 150 000 tg – 300 000 tg,7.1. Civil service,10,10,10,10,10,10,10,10,9.8. Industry,"10.1. Analytics, 10.2. Willingness to take risks, 10.3. Communication skills, 10.4. Leadership, 10.8. Creative thinking","11.1. JSC ""Entrepreneurship Development Fund ""Damu"", 11.4. State program ""Business Roadmap - 2025"", 11.5.National Chamber of Entrepreneurs ""Atameken""",3,3,3,3,3,3,3,3,3,5,14.7. Financial support for start-up entrepreneurs,3,3,3,3,3,3,3,3,3,3,"16.5.Implementation of 4D technologies, creating multidimensional tours that immerse you in the atmosphere of a place not only visually, but also tactilely and through smells, 16.6. Creating ""digital avatars"" of tourists that can represent them in an online environment and interact with other tourists and locals, 16.7. Development of universal mobile applications for travel planning and booking services"
26.08.2024 13:40:26,,1.1. Male,2.4. 31 - 35 years old,3.2. Akmola region,4.2. Not married,5.2. Civil servant,6.2. 150 000 tg – 300 000 tg,7.1. Civil service,5,4,4,5,5,4,4,4,9.3. Information Technology,"10.1. Analytics, 10.3. Communication skills, 10.4. Leadership, 10.5. Problem solving skills, 10.7. Stress resistance","11.1. JSC ""Entrepreneurship Development Fund ""Damu"", 11.2.JSC National Management Holding Baiterek, 11.4. State program ""Business Roadmap - 2025"", 11.5.National Chamber of Entrepreneurs ""Atameken"", 11.6.Grants for startups",5,5,1,5,1,1,1,1,1,4,"14.2. Opportunities for innovation, 14.4. International Bisuness, 14.5. Independence and flexibility in work, 14.6. Trips",10,9,10,9,10,9,10,9,10,9,"16.1. Development of holographic guides that can accompany tourists to historical sites and attractions, 16.2. Implementation of artificial intelligence technologies to create digital twins of tourist sites that can be explored online or via VR, 16.7. Development of universal mobile applications for travel planning and booking services"
26.08.2024 13:40:42,,1.2. Female,2.4. 31 - 35 years old,3.2. Akmola region,4.2. Not married,5.6. Unemployed,6.5. No income,7.2. Employment with guaranteed income.,8,8,8,8,8,9,9,9,9.14. Tourism,"10.2. Willingness to take risks, 10.3. Communication skills, 10.4. Leadership, 10.7. Stress resistance",11.11. No knowledge of such resources,10,10,9,3,10,4,4,4,10,1,"14.1. Quick start without initial investment, 14.2. Opportunities for innovation, 14.3. Possibility of creating a family business, 14.4. International Bisuness, 14.5. Independence and flexibility in work, 14.6. Trips, 14.7. Financial support for start-up entrepreneurs",10,10,10,10,10,10,10,10,10,10,"16.1. Development of holographic guides that can accompany tourists to historical sites and attractions, 16.2. Implementation of artificial intelligence technologies to create digital twins of tourist sites that can be explored online or via VR, 16.3.Creating smart tours using biosensors that analyze tourists' emotions and states to offer personalized routes, 16.4. Development of neural interfaces that allow tourists to interact with tourism applications and services using thoughts, 16.5.Implementation of 4D technologies, creating multidimensional tours that immerse you in the atmosphere of a place not only visually, but also tactilely and through smells, 16.6. Creating ""digital avatars"" of tourists that can represent them in an online environment and interact with other tourists and locals, 16.7. Development of universal mobile applications for travel planning and booking services"
26.08.2024 13:47:11,,1.1. Male,2.1. 18 - 22 years old,3.16. Ulytau region,4.2. Not married,5.1. Student,6.5. No income,7.1. Civil service,4,4,3,6,6,5,5,8,9.11. Construction,"10.1. Analytics, 10.9. Project management, 10.10. Financial literacy",11.11. No knowledge of such resources,5,5,7,8,9,5,7,7,7,1,"14.1. Quick start without initial investment, 14.5. Independence and flexibility in work, 14.6. Trips, 14.7. Financial support for start-up entrepreneurs",10,10,10,7,7,10,9,10,10,10,"16.1. Development of holographic guides that can accompany tourists to historical sites and attractions, 16.2. Implementation of artificial intelligence technologies to create digital twins of tourist sites that can be explored online or via VR, 16.4. Development of neural interfaces that allow tourists to interact with tourism applications and services using thoughts, 16.6. Creating ""digital avatars"" of tourists that can represent them in an online environment and interact with other tourists and locals, 16.7. Development of universal mobile applications for travel planning and booking services"
26.08.2024 13:49:44,,1.2. Female,2.4. 31 - 35 years old,3.9. Karaganda region,4.1. Married,5.2. Civil servant,6.3. 300 000 tg – 500 000 tg,7.1. Civil service,3,3,3,3,3,3,3,3,9.9. Entertainment and leisure,10.3. Communication skills,11.11. No knowledge of such resources,3,3,3,3,3,3,3,3,3,5,14.6. Trips,3,3,3,3,3,3,3,3,3,3,16.2. Implementation of artificial intelligence technologies to create digital twins of tourist sites that can be explored online or via VR
26.08.2024 13:50:29,,1.2. Female,2.4. 31 - 35 years old,3.9. Karaganda region,4.1. Married,5.1. Student,6.2. 150 000 tg – 300 000 tg,7.3. Entrepreneurship,9,9,9,9,8,9,9,9,9.12. Trade,"10.1. Analytics, 10.2. Willingness to take risks, 10.5. Problem solving skills, 10.6. Planning, 10.8. Creative thinking","11.6.Grants for startups, 11.8. Educational courses and seminars on entrepreneurship",8,9,9,9,9,7,9,9,9,4,"14.2. Opportunities for innovation, 14.3. Possibility of creating a family business, 14.6. Trips",8,10,7,7,9,9,2,5,5,8,"16.2. Implementation of artificial intelligence technologies to create digital twins of tourist sites that can be explored online or via VR, 16.5.Implementation of 4D technologies, creating multidimensional tours that immerse you in the atmosphere of a place not only visually, but also tactilely and through smells, 16.7. Development of universal mobile applications for travel planning and booking services"
26.08.2024 13:57:28,,1.2. Female,2.3. 26 - 30 years old,3.18. Astana city,4.1. Married,5.3. Working specialist,6.2. 150 000 tg – 300 000 tg,7.2. Employment with guaranteed income.,3,2,3,3,2,2,3,3,9.16. Excursions and guide services,"10.3. Communication skills, 10.5. Problem solving skills, 10.6. Planning, 10.8. Creative thinking","11.1. JSC ""Entrepreneurship Development Fund ""Damu"", 11.11. No knowledge of such resources",3,3,3,3,2,2,2,2,2,3,"14.1. Quick start without initial investment, 14.4. International Bisuness, 14.5. Independence and flexibility in work, 14.6. Trips",2,2,3,3,3,2,2,2,2,2,16.7. Development of universal mobile applications for travel planning and booking services
26.08.2024 14:00:28,,1.1. Male,2.4. 31 - 35 years old,3.1. Abay region,4.1. Married,5.2. Civil servant,6.2. 150 000 tg – 300 000 tg,7.1. Civil service,8,9,10,8,9,10,10,10,9.9. Entertainment and leisure,"10.2. Willingness to take risks, 10.3. Communication skills, 10.4. Leadership, 10.5. Problem solving skills, 10.7. Stress resistance, 10.9. Project management","11.1. JSC ""Entrepreneurship Development Fund ""Damu"", 11.2.JSC National Management Holding Baiterek, 11.4. State program ""Business Roadmap - 2025"", 11.5.National Chamber of Entrepreneurs ""Atameken"", 11.6.Grants for startups, 11.8. Educational courses and seminars on entrepreneurship, 11.9.Online Resources and Platforms for Entrepreneurs, 11.10.Private Business Incubators and Accelerators",8,10,10,4,9,9,10,3,10,3,14.1. Quick start without initial investment,10,2,3,9,9,9,8,8,8,8,"16.1. Development of holographic guides that can accompany tourists to historical sites and attractions, 16.2. Implementation of artificial intelligence technologies to create digital twins of tourist sites that can be explored online or via VR, 16.6. Creating ""digital avatars"" of tourists that can represent them in an online environment and interact with other tourists and locals, 16.7. Development of universal mobile applications for travel planning and booking services"
26.08.2024 14:14:44,,1.2. Female,2.1. 18 - 22 years old,3.9. Karaganda region,4.2. Not married,5.1. Student,6.1. 85 000 tg - 150 000 tg,7.2. Employment with guaranteed income.,1,1,1,2,2,1,1,2,9.1. Hotel sector,10.1. Analytics,"11.1. JSC ""Entrepreneurship Development Fund ""Damu""",1,1,1,2,2,1,2,2,2,1,14.1. Quick start without initial investment,1,2,2,1,1,2,2,1,1,1,16.1. Development of holographic guides that can accompany tourists to historical sites and attractions
26.08.2024 14:15:41,,1.2. Female,2.4. 31 - 35 years old,3.18. Astana city,4.2. Not married,5.3. Working specialist,6.2. 150 000 tg – 300 000 tg,7.3. Entrepreneurship,3,3,3,3,3,3,3,3,9.9. Entertainment and leisure,"10.2. Willingness to take risks, 10.3. Communication skills, 10.4. Leadership, 10.5. Problem solving skills, 10.6. Planning, 10.7. Stress resistance, 10.8. Creative thinking, 10.9. Project management","11.1. JSC ""Entrepreneurship Development Fund ""Damu"", 11.6.Grants for startups",10,10,10,10,10,10,10,10,10,5,"14.1. Quick start without initial investment, 14.4. International Bisuness, 14.5. Independence and flexibility in work, 14.6. Trips",10,10,10,10,10,10,10,10,10,10,"16.1. Development of holographic guides that can accompany tourists to historical sites and attractions, 16.7. Development of universal mobile applications for travel planning and booking services"
26.08.2024 14:17:42,,1.2. Female,2.4. 31 - 35 years old,3.16. Ulytau region,4.1. Married,5.6. Unemployed,6.1. 85 000 tg - 150 000 tg,7.2. Employment with guaranteed income.,5,10,10,9,10,7,9,10,9.2. Healthcare,"10.2. Willingness to take risks, 10.3. Communication skills, 10.5. Problem solving skills, 10.6. Planning, 10.7. Stress resistance, 10.10. Financial literacy","11.8. Educational courses and seminars on entrepreneurship, 11.9.Online Resources and Platforms for Entrepreneurs, 11.11. No knowledge of such resources",2,3,3,3,2,2,2,3,3,3,"14.1. Quick start without initial investment, 14.3. Possibility of creating a family business, 14.5. Independence and flexibility in work, 14.6. Trips, 14.7. Financial support for start-up entrepreneurs",3,3,3,2,3,2,3,2,3,1,"16.1. Development of holographic guides that can accompany tourists to historical sites and attractions, 16.2. Implementation of artificial intelligence technologies to create digital twins of tourist sites that can be explored online or via VR, 16.3.Creating smart tours using biosensors that analyze tourists' emotions and states to offer personalized routes, 16.4. Development of neural interfaces that allow tourists to interact with tourism applications and services using thoughts, 16.5.Implementation of 4D technologies, creating multidimensional tours that immerse you in the atmosphere of a place not only visually, but also tactilely and through smells, 16.6. Creating ""digital avatars"" of tourists that can represent them in an online environment and interact with other tourists and locals, 16.7. Development of universal mobile applications for travel planning and booking services"
26.08.2024 14:21:47,,1.2. Female,2.2. 23 - 25 years old,3.9. Karaganda region,4.2. Not married,5.3. Working specialist,6.2. 150 000 tg – 300 000 tg,7.2. Employment with guaranteed income.,3,3,3,2,2,3,3,3,9.4. Art,"10.4. Leadership, 10.5. Problem solving skills, 10.7. Stress resistance, 10.8. Creative thinking","11.1. JSC ""Entrepreneurship Development Fund ""Damu"", 11.5.National Chamber of Entrepreneurs ""Atameken"", 11.6.Grants for startups, 11.7. Consulting and mentoring from experienced entrepreneurs, 11.8. Educational courses and seminars on entrepreneurship, 11.9.Online Resources and Platforms for Entrepreneurs",10,10,10,10,10,10,10,7,10,3,"14.4. International Bisuness, 14.5. Independence and flexibility in work, 14.6. Trips, 14.7. Financial support for start-up entrepreneurs",6,6,7,3,6,2,8,9,9,9,"16.1. Development of holographic guides that can accompany tourists to historical sites and attractions, 16.2. Implementation of artificial intelligence technologies to create digital twins of tourist sites that can be explored online or via VR, 16.7. Development of universal mobile applications for travel planning and booking services"
26.08.2024 14:23:24,,1.1. Male,2.4. 31 - 35 years old,3.15. Turkestan region,4.1. Married,5.2. Civil servant,6.2. 150 000 tg – 300 000 tg,7.1. Civil service,3,3,3,3,3,3,3,3,9.6. Education,"10.2. Willingness to take risks, 10.4. Leadership, 10.8. Creative thinking","11.1. JSC ""Entrepreneurship Development Fund ""Damu"", 11.5.National Chamber of Entrepreneurs ""Atameken""",8,7,8,7,7,8,8,7,8,3,"14.1. Quick start without initial investment, 14.3. Possibility of creating a family business, 14.4. International Bisuness",8,5,8,7,7,6,8,6,8,7,"16.1. Development of holographic guides that can accompany tourists to historical sites and attractions, 16.2. Implementation of artificial intelligence technologies to create digital twins of tourist sites that can be explored online or via VR, 16.3.Creating smart tours using biosensors that analyze tourists' emotions and states to offer personalized routes, 16.4. Development of neural interfaces that allow tourists to interact with tourism applications and services using thoughts, 16.5.Implementation of 4D technologies, creating multidimensional tours that immerse you in the atmosphere of a place not only visually, but also tactilely and through smells, 16.6. Creating ""digital avatars"" of tourists that can represent them in an online environment and interact with other tourists and locals, 16.7. Development of universal mobile applications for travel planning and booking services"
26.08.2024 14:24:05,,1.2. Female,2.4. 31 - 35 years old,3.19. Almaty city,4.1. Married,5.3. Working specialist,6.3. 300 000 tg – 500 000 tg,7.2. Employment with guaranteed income.,4,3,3,4,4,3,3,3,9.2. Healthcare,"10.3. Communication skills, 10.6. Planning",11.11. No knowledge of such resources,3,3,3,2,3,2,2,3,2,1,14.6. Trips,3,3,3,3,3,1,2,3,3,2,16.7. Development of universal mobile applications for travel planning and booking services
26.08.2024 14:25:58,,1.1. Male,2.4. 31 - 35 years old,3.15. Turkestan region,4.1. Married,5.2. Civil servant,6.2. 150 000 tg – 300 000 tg,7.1. Civil service,8,8,7,8,8,8,8,8,9.6. Education,"10.2. Willingness to take risks, 10.7. Stress resistance","11.1. JSC ""Entrepreneurship Development Fund ""Damu"", 11.5.National Chamber of Entrepreneurs ""Atameken""",7,7,6,5,4,4,7,4,6,3,14.3. Possibility of creating a family business,7,7,7,8,8,8,8,7,7,8,"16.1. Development of holographic guides that can accompany tourists to historical sites and attractions, 16.6. Creating ""digital avatars"" of tourists that can represent them in an online environment and interact with other tourists and locals, 16.7. Development of universal mobile applications for travel planning and booking services"
26.08.2024 14:29:59,,1.2. Female,2.3. 26 - 30 years old,3.9. Karaganda region,4.1. Married,5.3. Working specialist,6.4. More than 500 000 tg,7.2. Employment with guaranteed income.,2,10,10,1,10,10,10,10,Sport ,"10.1. Analytics, 10.4. Leadership, 10.5. Problem solving skills, 10.7. Stress resistance, 10.10. Financial literacy","11.1. JSC ""Entrepreneurship Development Fund ""Damu"", 11.6.Grants for startups",10,9,10,8,10,4,5,10,10,1,"14.1. Quick start without initial investment, 14.4. International Bisuness, 14.7. Financial support for start-up entrepreneurs",10,10,10,10,10,10,9,10,10,10,"16.2. Implementation of artificial intelligence technologies to create digital twins of tourist sites that can be explored online or via VR, 16.3.Creating smart tours using biosensors that analyze tourists' emotions and states to offer personalized routes, 16.4. Development of neural interfaces that allow tourists to interact with tourism applications and services using thoughts, 16.5.Implementation of 4D technologies, creating multidimensional tours that immerse you in the atmosphere of a place not only visually, but also tactilely and through smells, 16.7. Development of universal mobile applications for travel planning and booking services"
26.08.2024 14:49:13,,1.1. Male,2.4. 31 - 35 years old,3.9. Karaganda region,4.1. Married,5.4. Entrepreneur,6.3. 300 000 tg – 500 000 tg,7.3. Entrepreneurship,10,9,9,10,10,10,10,10,9.12. Trade,"10.1. Analytics, 10.5. Problem solving skills, 10.7. Stress resistance","11.1. JSC ""Entrepreneurship Development Fund ""Damu"", 11.4. State program ""Business Roadmap - 2025"", 11.5.National Chamber of Entrepreneurs ""Atameken""",10,10,9,10,9,9,9,10,9,3,"14.1. Quick start without initial investment, 14.5. Independence and flexibility in work, 14.7. Financial support for start-up entrepreneurs",10,10,10,10,10,10,10,10,10,10,"16.5.Implementation of 4D technologies, creating multidimensional tours that immerse you in the atmosphere of a place not only visually, but also tactilely and through smells, 16.6. Creating ""digital avatars"" of tourists that can represent them in an online environment and interact with other tourists and locals, 16.7. Development of universal mobile applications for travel planning and booking services"
26.08.2024 14:52:28,,1.2. Female,2.4. 31 - 35 years old,3.16. Ulytau region,4.1. Married,5.2. Civil servant,6.2. 150 000 tg – 300 000 tg,7.1. Civil service,3,2,3,3,3,3,3,3,9.1. Hotel sector,10.3. Communication skills,11.11. No knowledge of such resources,2,3,3,2,3,3,2,3,3,4,14.1. Quick start without initial investment,3,3,3,2,3,3,3,3,3,3,16.7. Development of universal mobile applications for travel planning and booking services
26.08.2024 14:55:09,,1.1. Male,2.3. 26 - 30 years old,3.9. Karaganda region,4.1. Married,5.3. Working specialist,6.2. 150 000 tg – 300 000 tg,7.2. Employment with guaranteed income.,8,10,10,10,10,10,10,10,9.11. Construction,"10.2. Willingness to take risks, 10.4. Leadership, 10.6. Planning, 10.9. Project management","11.1. JSC ""Entrepreneurship Development Fund ""Damu"", 11.3. JSC ""Qazaqstan Investment Corporation""",10,10,10,10,10,10,10,10,10,5,14.6. Trips,10,10,10,10,10,10,10,10,10,10,"16.2. Implementation of artificial intelligence technologies to create digital twins of tourist sites that can be explored online or via VR, 16.6. Creating ""digital avatars"" of tourists that can represent them in an online environment and interact with other tourists and locals"
26.08.2024 14:59:11,,1.2. Female,2.3. 26 - 30 years old,3.16. Ulytau region,4.2. Not married,5.4. Entrepreneur,6.2. 150 000 tg – 300 000 tg,7.3. Entrepreneurship,5,5,5,5,5,5,5,5,9.1. Hotel sector,"10.2. Willingness to take risks, 10.3. Communication skills, 10.6. Planning, 10.7. Stress resistance","11.1. JSC ""Entrepreneurship Development Fund ""Damu"", 11.5.National Chamber of Entrepreneurs ""Atameken""",5,5,5,5,5,5,5,5,5,5,14.7. Financial support for start-up entrepreneurs,5,5,5,5,5,5,5,5,5,5,"16.3.Creating smart tours using biosensors that analyze tourists' emotions and states to offer personalized routes, 16.7. Development of universal mobile applications for travel planning and booking services"
26.08.2024 15:01:44,,1.1. Male,2.2. 23 - 25 years old,3.16. Ulytau region,4.2. Not married,5.2. Civil servant,6.2. 150 000 tg – 300 000 tg,7.1. Civil service,2,2,1,2,2,2,2,2,9.9. Entertainment and leisure,10.7. Stress resistance,11.6.Grants for startups,2,2,1,2,2,1,2,2,1,2,14.2. Opportunities for innovation,1,2,2,1,3,1,2,1,2,2,"16.2. Implementation of artificial intelligence technologies to create digital twins of tourist sites that can be explored online or via VR, 16.7. Development of universal mobile applications for travel planning and booking services"
26.08.2024 15:01:54,,1.2. Female,2.1. 18 - 22 years old,3.9. Karaganda region,4.2. Not married,5.1. Student,6.2. 150 000 tg – 300 000 tg,7.1. Civil service,2,2,2,3,3,1,3,1,9.6. Education,10.1. Analytics,"11.1. JSC ""Entrepreneurship Development Fund ""Damu""",1,2,3,1,2,3,1,2,3,1,14.4. International Bisuness,1,2,3,2,2,2,9,10,10,10,16.1. Development of holographic guides that can accompany tourists to historical sites and attractions
26.08.2024 15:03:00,,1.2. Female,2.3. 26 - 30 years old,3.18. Astana city,4.1. Married,5.6. Unemployed,6.5. No income,7.3. Entrepreneurship,4,8,7,5,4,7,8,10,9.12. Trade,10.10. Financial literacy,"11.1. JSC ""Entrepreneurship Development Fund ""Damu""",5,8,9,10,8,10,6,10,10,5,"14.1. Quick start without initial investment, 14.4. International Bisuness, 14.5. Independence and flexibility in work, 14.6. Trips",8,10,10,8,9,9,7,8,7,10,"16.7. Development of universal mobile applications for travel planning and booking services, Хороший Сервис, ценовая политика"
26.08.2024 15:04:32,,1.2. Female,2.4. 31 - 35 years old,3.16. Ulytau region,4.1. Married,5.3. Working specialist,6.2. 150 000 tg – 300 000 tg,7.2. Employment with guaranteed income.,1,10,10,10,10,10,10,10,9.2. Healthcare,"10.2. Willingness to take risks, 10.6. Planning, 10.10. Financial literacy","11.1. JSC ""Entrepreneurship Development Fund ""Damu"", 11.2.JSC National Management Holding Baiterek, 11.4. State program ""Business Roadmap - 2025"", 11.5.National Chamber of Entrepreneurs ""Atameken"", 11.6.Grants for startups, 11.8. Educational courses and seminars on entrepreneurship, 11.9.Online Resources and Platforms for Entrepreneurs",10,10,10,10,10,10,10,10,10,5,"14.1. Quick start without initial investment, 14.3. Possibility of creating a family business, 14.4. International Bisuness, 14.5. Independence and flexibility in work, 14.6. Trips, 14.7. Financial support for start-up entrepreneurs",1,10,10,10,10,10,10,10,10,10,"16.1. Development of holographic guides that can accompany tourists to historical sites and attractions, 16.2. Implementation of artificial intelligence technologies to create digital twins of tourist sites that can be explored online or via VR, 16.4. Development of neural interfaces that allow tourists to interact with tourism applications and services using thoughts, 16.5.Implementation of 4D technologies, creating multidimensional tours that immerse you in the atmosphere of a place not only visually, but also tactilely and through smells, 16.6. Creating ""digital avatars"" of tourists that can represent them in an online environment and interact with other tourists and locals, 16.7. Development of universal mobile applications for travel planning and booking services"
26.08.2024 15:06:54,,1.2. Female,2.1. 18 - 22 years old,3.16. Ulytau region,4.1. Married,5.1. Student,6.5. No income,7.2. Employment with guaranteed income.,10,8,10,5,9,9,8,10,9.4. Art,"10.2. Willingness to take risks, 10.7. Stress resistance, 10.8. Creative thinking",11.11. No knowledge of such resources,10,9,10,7,9,7,9,9,10,2,"14.4. International Bisuness, 14.6. Trips",10,10,10,10,10,10,10,10,10,10,"16.1. Development of holographic guides that can accompany tourists to historical sites and attractions, 16.2. Implementation of artificial intelligence technologies to create digital twins of tourist sites that can be explored online or via VR, 16.3.Creating smart tours using biosensors that analyze tourists' emotions and states to offer personalized routes, 16.4. Development of neural interfaces that allow tourists to interact with tourism applications and services using thoughts, 16.5.Implementation of 4D technologies, creating multidimensional tours that immerse you in the atmosphere of a place not only visually, but also tactilely and through smells, 16.6. Creating ""digital avatars"" of tourists that can represent them in an online environment and interact with other tourists and locals, 16.7. Development of universal mobile applications for travel planning and booking services"
26.08.2024 15:13:46,,1.2. Female,2.3. 26 - 30 years old,3.18. Astana city,4.2. Not married,5.2. Civil servant,6.3. 300 000 tg – 500 000 tg,7.3. Entrepreneurship,3,2,3,3,3,3,3,3,9.12. Trade,"10.1. Analytics, 10.2. Willingness to take risks, 10.3. Communication skills, 10.4. Leadership, 10.5. Problem solving skills, 10.6. Planning, 10.7. Stress resistance, 10.8. Creative thinking","11.1. JSC ""Entrepreneurship Development Fund ""Damu"", 11.5.National Chamber of Entrepreneurs ""Atameken""",10,10,10,10,10,10,10,10,10,4,"14.1. Quick start without initial investment, 14.4. International Bisuness, 14.7. Financial support for start-up entrepreneurs",10,10,10,10,10,10,10,10,10,10,"16.1. Development of holographic guides that can accompany tourists to historical sites and attractions, 16.3.Creating smart tours using biosensors that analyze tourists' emotions and states to offer personalized routes, 16.7. Development of universal mobile applications for travel planning and booking services"
26.08.2024 15:14:44,,1.2. Female,2.4. 31 - 35 years old,3.18. Astana city,4.1. Married,5.4. Entrepreneur,6.3. 300 000 tg – 500 000 tg,7.3. Entrepreneurship,10,10,5,7,8,8,10,10,9.9. Entertainment and leisure,"10.2. Willingness to take risks, 10.4. Leadership","11.1. JSC ""Entrepreneurship Development Fund ""Damu"", 11.4. State program ""Business Roadmap - 2025"", 11.5.National Chamber of Entrepreneurs ""Atameken""",5,6,5,1,4,10,10,7,10,3,"14.3. Possibility of creating a family business, 14.6. Trips",10,10,10,4,9,10,5,10,6,6,"16.3.Creating smart tours using biosensors that analyze tourists' emotions and states to offer personalized routes, 16.7. Development of universal mobile applications for travel planning and booking services"
26.08.2024 15:17:16,,1.2. Female,2.3. 26 - 30 years old,3.9. Karaganda region,4.1. Married,5.2. Civil servant,6.2. 150 000 tg – 300 000 tg,7.1. Civil service,10,10,10,10,10,10,10,10,9.12. Trade,"10.1. Analytics, 10.2. Willingness to take risks, 10.3. Communication skills, 10.4. Leadership, 10.5. Problem solving skills, 10.6. Planning, 10.7. Stress resistance, 10.8. Creative thinking, 10.9. Project management, 10.10. Financial literacy","11.1. JSC ""Entrepreneurship Development Fund ""Damu""",10,10,10,10,10,10,10,10,10,3,"14.1. Quick start without initial investment, 14.2. Opportunities for innovation, 14.3. Possibility of creating a family business, 14.4. International Bisuness, 14.5. Independence and flexibility in work, 14.6. Trips, 14.7. Financial support for start-up entrepreneurs",7,6,7,9,6,5,5,10,10,10,16.7. Development of universal mobile applications for travel planning and booking services
26.08.2024 15:18:56,,1.2. Female,2.1. 18 - 22 years old,3.16. Ulytau region,4.2. Not married,5.1. Student,6.2. 150 000 tg – 300 000 tg,7.1. Civil service,7,10,2,8,10,8,6,10,9.2. Healthcare,"10.2. Willingness to take risks, 10.5. Problem solving skills, 10.7. Stress resistance, 10.10. Financial literacy","11.2.JSC National Management Holding Baiterek, 11.5.National Chamber of Entrepreneurs ""Atameken"", 11.8. Educational courses and seminars on entrepreneurship, 11.9.Online Resources and Platforms for Entrepreneurs",9,5,7,9,10,7,3,10,8,3,"14.3. Possibility of creating a family business, 14.5. Independence and flexibility in work",2,7,8,6,9,10,1,4,4,2,"16.3.Creating smart tours using biosensors that analyze tourists' emotions and states to offer personalized routes, 16.5.Implementation of 4D technologies, creating multidimensional tours that immerse you in the atmosphere of a place not only visually, but also tactilely and through smells, 16.7. Development of universal mobile applications for travel planning and booking services"
26.08.2024 15:26:22,,1.2. Female,2.3. 26 - 30 years old,3.16. Ulytau region,4.1. Married,Maternity leave ,6.3. 300 000 tg – 500 000 tg,7.3. Entrepreneurship,1,2,3,1,2,3,1,2,9.1. Hotel sector,10.1. Analytics,"11.1. JSC ""Entrepreneurship Development Fund ""Damu""",1,2,1,2,1,2,1,2,1,3,14.5. Independence and flexibility in work,2,2,2,2,2,2,2,2,2,2,"16.1. Development of holographic guides that can accompany tourists to historical sites and attractions, 16.2. Implementation of artificial intelligence technologies to create digital twins of tourist sites that can be explored online or via VR, 16.3.Creating smart tours using biosensors that analyze tourists' emotions and states to offer personalized routes, 16.4. Development of neural interfaces that allow tourists to interact with tourism applications and services using thoughts, 16.5.Implementation of 4D technologies, creating multidimensional tours that immerse you in the atmosphere of a place not only visually, but also tactilely and through smells, 16.6. Creating ""digital avatars"" of tourists that can represent them in an online environment and interact with other tourists and locals, 16.7. Development of universal mobile applications for travel planning and booking services, "
26.08.2024 15:38:39,,1.1. Male,2.1. 18 - 22 years old,3.9. Karaganda region,4.2. Not married,Furniture maker,6.4. More than 500 000 tg,Furniture maker,10,10,10,10,10,10,10,10,Furniture,Firnuture,11.11. No knowledge of such resources,10,10,10,10,10,10,10,10,10,1,14.3. Possibility of creating a family business,10,10,10,10,10,10,10,10,10,10,16.2. Implementation of artificial intelligence technologies to create digital twins of tourist sites that can be explored online or via VR
26.08.2024 15:57:24,,1.2. Female,2.3. 26 - 30 years old,3.9. Karaganda region,4.1. Married,5.2. Civil servant,6.1. 85 000 tg - 150 000 tg,7.1. Civil service,1,2,1,1,1,1,1,3,9.2. Healthcare,"10.3. Communication skills, 10.4. Leadership, 10.7. Stress resistance","11.1. JSC ""Entrepreneurship Development Fund ""Damu""",2,2,3,1,2,1,2,2,1,1,14.1. Quick start without initial investment,1,4,10,1,4,6,1,3,1,1,16.7. Development of universal mobile applications for travel planning and booking services
26.08.2024 15:58:58,,1.2. Female,2.3. 26 - 30 years old,3.9. Karaganda region,4.1. Married,5.6. Unemployed,6.5. No income,7.2. Employment with guaranteed income.,5,2,2,2,2,2,2,2,9.9. Entertainment and leisure,"10.2. Willingness to take risks, 10.3. Communication skills, 10.5. Problem solving skills, 10.7. Stress resistance, 10.10. Financial literacy",11.11. No knowledge of such resources,5,5,5,5,5,2,2,9,9,3,14.5. Independence and flexibility in work,3,3,3,3,3,3,3,3,3,3,Доступная цена за лучшие условия проживания
26.08.2024 16:02:24,,1.2. Female,2.1. 18 - 22 years old,3.9. Karaganda region,4.2. Not married,5.1. Student,6.5. No income,7.2. Employment with guaranteed income.,4,2,8,10,9,10,10,10,9.7. Catering,"10.2. Willingness to take risks, 10.3. Communication skills, 10.5. Problem solving skills, 10.7. Stress resistance, 10.8. Creative thinking, 10.10. Financial literacy",11.11. No knowledge of such resources,10,10,9,6,10,6,6,10,10,4,"14.1. Quick start without initial investment, 14.6. Trips, 14.7. Financial support for start-up entrepreneurs",1,9,1,9,10,8,10,10,10,10,"16.3.Creating smart tours using biosensors that analyze tourists' emotions and states to offer personalized routes, 16.6. Creating ""digital avatars"" of tourists that can represent them in an online environment and interact with other tourists and locals, 16.7. Development of universal mobile applications for travel planning and booking services"
26.08.2024 16:05:47,,1.2. Female,2.1. 18 - 22 years old,3.16. Ulytau region,4.2. Not married,5.1. Student,6.5. No income,7.3. Entrepreneurship,8,9,2,10,10,7,8,10,9.7. Catering,"10.1. Analytics, 10.2. Willingness to take risks, 10.6. Planning, 10.8. Creative thinking","11.5.National Chamber of Entrepreneurs ""Atameken"", 11.11. No knowledge of such resources",9,9,7,8,6,6,7,7,8,3,14.7. Financial support for start-up entrepreneurs,1,1,1,2,3,4,8,9,10,10,"16.6. Creating ""digital avatars"" of tourists that can represent them in an online environment and interact with other tourists and locals, 16.7. Development of universal mobile applications for travel planning and booking services"
26.08.2024 16:07:11,,1.1. Male,2.4. 31 - 35 years old,3.16. Ulytau region,4.1. Married,5.3. Working specialist,6.4. More than 500 000 tg,7.3. Entrepreneurship,3,3,3,3,3,3,3,3,9.13. Transport,"10.1. Analytics, 10.2. Willingness to take risks, 10.3. Communication skills, 10.4. Leadership, 10.5. Problem solving skills, 10.6. Planning, 10.7. Stress resistance, 10.8. Creative thinking, 10.9. Project management, 10.10. Financial literacy","11.1. JSC ""Entrepreneurship Development Fund ""Damu"", 11.2.JSC National Management Holding Baiterek, 11.3. JSC ""Qazaqstan Investment Corporation"", 11.4. State program ""Business Roadmap - 2025"", 11.5.National Chamber of Entrepreneurs ""Atameken"", 11.6.Grants for startups, 11.7. Consulting and mentoring from experienced entrepreneurs, 11.8. Educational courses and seminars on entrepreneurship, 11.9.Online Resources and Platforms for Entrepreneurs, 11.10.Private Business Incubators and Accelerators, 11.11. No knowledge of such resources, ",3,3,3,3,3,3,3,3,3,5,"14.1. Quick start without initial investment, 14.2. Opportunities for innovation, 14.3. Possibility of creating a family business, 14.4. International Bisuness, 14.5. Independence and flexibility in work, 14.6. Trips, 14.7. Financial support for start-up entrepreneurs",3,3,3,3,3,3,3,3,3,3,"16.1. Development of holographic guides that can accompany tourists to historical sites and attractions, 16.2. Implementation of artificial intelligence technologies to create digital twins of tourist sites that can be explored online or via VR, 16.3.Creating smart tours using biosensors that analyze tourists' emotions and states to offer personalized routes, 16.4. Development of neural interfaces that allow tourists to interact with tourism applications and services using thoughts, 16.5.Implementation of 4D technologies, creating multidimensional tours that immerse you in the atmosphere of a place not only visually, but also tactilely and through smells, 16.6. Creating ""digital avatars"" of tourists that can represent them in an online environment and interact with other tourists and locals, 16.7. Development of universal mobile applications for travel planning and booking services"
26.08.2024 16:10:07,,1.1. Male,2.4. 31 - 35 years old,3.9. Karaganda region,4.2. Not married,5.3. Working specialist,6.1. 85 000 tg - 150 000 tg,7.3. Entrepreneurship,3,3,3,3,3,3,3,3,9.8. Industry,10.8. Creative thinking,"11.4. State program ""Business Roadmap - 2025""",2,2,2,2,2,2,2,2,2,5,14.7. Financial support for start-up entrepreneurs,2,2,2,2,2,2,2,2,2,2,"16.5.Implementation of 4D technologies, creating multidimensional tours that immerse you in the atmosphere of a place not only visually, but also tactilely and through smells"
26.08.2024 16:17:22,,1.2. Female,2.2. 23 - 25 years old,3.9. Karaganda region,4.1. Married,5.3. Working specialist,6.3. 300 000 tg – 500 000 tg,7.3. Entrepreneurship,3,3,2,3,3,3,2,3,9.12. Trade,"10.2. Willingness to take risks, 10.5. Problem solving skills, 10.7. Stress resistance","11.1. JSC ""Entrepreneurship Development Fund ""Damu""",3,3,3,2,2,3,3,2,3,1,"14.1. Quick start without initial investment, 14.5. Independence and flexibility in work, 14.7. Financial support for start-up entrepreneurs",3,3,2,3,2,2,3,2,3,3,"16.1. Development of holographic guides that can accompany tourists to historical sites and attractions, 16.4. Development of neural interfaces that allow tourists to interact with tourism applications and services using thoughts"
26.08.2024 16:38:56,,1.2. Female,2.4. 31 - 35 years old,3.16. Ulytau region,4.1. Married,5.3. Working specialist,6.3. 300 000 tg – 500 000 tg,7.2. Employment with guaranteed income.,10,10,10,10,10,10,10,10,9.14. Tourism,"10.3. Communication skills, 10.5. Problem solving skills, 10.6. Planning, 10.7. Stress resistance, 10.8. Creative thinking, 10.10. Financial literacy","11.1. JSC ""Entrepreneurship Development Fund ""Damu"", 11.6.Grants for startups",10,10,10,10,10,10,10,10,10,5,"14.3. Possibility of creating a family business, 14.4. International Bisuness, 14.5. Independence and flexibility in work, 14.6. Trips",1,1,1,1,1,1,1,1,1,1,"16.1. Development of holographic guides that can accompany tourists to historical sites and attractions, 16.7. Development of universal mobile applications for travel planning and booking services"
26.08.2024 16:46:23,,1.1. Male,2.4. 31 - 35 years old,3.16. Ulytau region,4.1. Married,5.5. Freelancer / self-employed,6.4. More than 500 000 tg,7.3. Entrepreneurship,10,9,9,9,9,9,9,10,9.11. Construction,"10.3. Communication skills, 10.5. Problem solving skills, 10.7. Stress resistance, 10.9. Project management","11.1. JSC ""Entrepreneurship Development Fund ""Damu"", 11.2.JSC National Management Holding Baiterek, 11.4. State program ""Business Roadmap - 2025"", 11.6.Grants for startups, 11.7. Consulting and mentoring from experienced entrepreneurs",10,9,1,5,1,1,6,3,10,2,"14.2. Opportunities for innovation, 14.5. Independence and flexibility in work",10,8,10,7,10,10,1,5,5,4,"16.1. Development of holographic guides that can accompany tourists to historical sites and attractions, 16.2. Implementation of artificial intelligence technologies to create digital twins of tourist sites that can be explored online or via VR, 16.3.Creating smart tours using biosensors that analyze tourists' emotions and states to offer personalized routes, 16.4. Development of neural interfaces that allow tourists to interact with tourism applications and services using thoughts, 16.5.Implementation of 4D technologies, creating multidimensional tours that immerse you in the atmosphere of a place not only visually, but also tactilely and through smells, 16.6. Creating ""digital avatars"" of tourists that can represent them in an online environment and interact with other tourists and locals, 16.7. Development of universal mobile applications for travel planning and booking services"
26.08.2024 16:57:38,,1.2. Female,2.1. 18 - 22 years old,3.16. Ulytau region,4.2. Not married,5.1. Student,6.5. No income,7.2. Employment with guaranteed income.,5,5,7,6,9,7,5,6,9.14. Tourism,"10.2. Willingness to take risks, 10.4. Leadership, 10.8. Creative thinking",11.11. No knowledge of such resources,5,7,5,6,4,4,5,5,5,4,"14.2. Opportunities for innovation, 14.3. Possibility of creating a family business, 14.6. Trips",3,5,4,5,5,4,4,4,5,4,"16.1. Development of holographic guides that can accompany tourists to historical sites and attractions, 16.2. Implementation of artificial intelligence technologies to create digital twins of tourist sites that can be explored online or via VR, 16.3.Creating smart tours using biosensors that analyze tourists' emotions and states to offer personalized routes, 16.5.Implementation of 4D technologies, creating multidimensional tours that immerse you in the atmosphere of a place not only visually, but also tactilely and through smells, 16.7. Development of universal mobile applications for travel planning and booking services"
26.08.2024 17:07:04,,1.1. Male,2.1. 18 - 22 years old,3.9. Karaganda region,4.2. Not married,5.1. Student,6.2. 150 000 tg – 300 000 tg,Bisuness,1,3,2,1,3,3,1,2,9.14. Tourism,"10.1. Analytics, 10.4. Leadership, 10.7. Stress resistance, 10.10. Financial literacy","11.3. JSC ""Qazaqstan Investment Corporation""",1,3,3,1,3,3,1,2,2,5,"14.4. International Bisuness, 14.6. Trips",1,2,3,1,2,1,2,2,3,3,"16.1. Development of holographic guides that can accompany tourists to historical sites and attractions, 16.3.Creating smart tours using biosensors that analyze tourists' emotions and states to offer personalized routes, 16.7. Development of universal mobile applications for travel planning and booking services"
26.08.2024 17:16:16,,1.2. Female,2.3. 26 - 30 years old,3.16. Ulytau region,4.1. Married,5.6. Unemployed,6.1. 85 000 tg - 150 000 tg,7.3. Entrepreneurship,1,2,2,1,2,3,2,3,9.8. Industry,10.9. Project management,"11.1. JSC ""Entrepreneurship Development Fund ""Damu""",1,2,1,2,1,2,2,1,2,4,14.1. Quick start without initial investment,2,1,2,1,2,2,2,1,2,3,"16.2. Implementation of artificial intelligence technologies to create digital twins of tourist sites that can be explored online or via VR, "
26.08.2024 17:26:30,,1.2. Female,2.3. 26 - 30 years old,3.16. Ulytau region,4.1. Married,5.4. Entrepreneur,6.2. 150 000 tg – 300 000 tg,7.3. Entrepreneurship,3,3,3,3,3,3,3,3,9.2. Healthcare,"10.4. Leadership, 10.5. Problem solving skills","11.1. JSC ""Entrepreneurship Development Fund ""Damu""",3,3,3,3,4,4,3,3,3,1,"14.1. Quick start without initial investment, 14.7. Financial support for start-up entrepreneurs",2,3,2,2,2,2,2,2,2,1,"16.1. Development of holographic guides that can accompany tourists to historical sites and attractions, 16.2. Implementation of artificial intelligence technologies to create digital twins of tourist sites that can be explored online or via VR, 16.3.Creating smart tours using biosensors that analyze tourists' emotions and states to offer personalized routes, 16.4. Development of neural interfaces that allow tourists to interact with tourism applications and services using thoughts, 16.5.Implementation of 4D technologies, creating multidimensional tours that immerse you in the atmosphere of a place not only visually, but also tactilely and through smells, 16.6. Creating ""digital avatars"" of tourists that can represent them in an online environment and interact with other tourists and locals, 16.7. Development of universal mobile applications for travel planning and booking services"
26.08.2024 17:33:12,,1.1. Male,2.1. 18 - 22 years old,3.16. Ulytau region,4.2. Not married,5.1. Student,6.5. No income,7.2. Employment with guaranteed income.,1,2,3,2,1,2,3,2,9.12. Trade,10.1. Analytics,"11.5.National Chamber of Entrepreneurs ""Atameken""",1,2,3,2,1,2,3,2,1,5,14.6. Trips,3,2,1,2,3,2,1,2,3,2,16.4. Development of neural interfaces that allow tourists to interact with tourism applications and services using thoughts
26.08.2024 17:48:06,,1.2. Female,2.3. 26 - 30 years old,3.9. Karaganda region,4.2. Not married,5.3. Working specialist,6.2. 150 000 tg – 300 000 tg,7.2. Employment with guaranteed income.,10,10,10,10,10,10,10,10,9.9. Entertainment and leisure,"10.4. Leadership, 10.6. Planning, 10.8. Creative thinking","11.1. JSC ""Entrepreneurship Development Fund ""Damu""",10,10,10,10,10,10,10,10,10,5,"14.1. Quick start without initial investment, 14.2. Opportunities for innovation, 14.4. International Bisuness",9,10,10,10,10,10,10,10,10,10,"16.1. Development of holographic guides that can accompany tourists to historical sites and attractions, 16.2. Implementation of artificial intelligence technologies to create digital twins of tourist sites that can be explored online or via VR"
26.08.2024 17:54:26,,1.1. Male,2.3. 26 - 30 years old,3.9. Karaganda region,4.2. Not married,5.3. Working specialist,6.4. More than 500 000 tg,7.3. Entrepreneurship,1,9,4,4,7,10,10,10,9.8. Industry,"10.1. Analytics, 10.3. Communication skills, 10.4. Leadership, 10.5. Problem solving skills, 10.6. Planning, 10.7. Stress resistance, 10.8. Creative thinking, 10.9. Project management, 10.10. Financial literacy","11.1. JSC ""Entrepreneurship Development Fund ""Damu"", 11.5.National Chamber of Entrepreneurs ""Atameken"", 11.6.Grants for startups, 11.7. Consulting and mentoring from experienced entrepreneurs, 11.10.Private Business Incubators and Accelerators",10,10,10,4,10,10,5,5,4,1,14.6. Trips,8,8,10,4,5,5,5,5,5,5,"16.1. Development of holographic guides that can accompany tourists to historical sites and attractions, 16.2. Implementation of artificial intelligence technologies to create digital twins of tourist sites that can be explored online or via VR, 16.3.Creating smart tours using biosensors that analyze tourists' emotions and states to offer personalized routes, 16.4. Development of neural interfaces that allow tourists to interact with tourism applications and services using thoughts, 16.5.Implementation of 4D technologies, creating multidimensional tours that immerse you in the atmosphere of a place not only visually, but also tactilely and through smells, 16.6. Creating ""digital avatars"" of tourists that can represent them in an online environment and interact with other tourists and locals, 16.7. Development of universal mobile applications for travel planning and booking services"
26.08.2024 17:57:03,,1.2. Female,2.4. 31 - 35 years old,3.9. Karaganda region,4.1. Married,5.3. Working specialist,6.3. 300 000 tg – 500 000 tg,7.2. Employment with guaranteed income.,10,9,8,10,9,9,10,10,9.9. Entertainment and leisure,"10.1. Analytics, 10.4. Leadership, 10.6. Planning, 10.8. Creative thinking","11.1. JSC ""Entrepreneurship Development Fund ""Damu"", 11.4. State program ""Business Roadmap - 2025"", 11.5.National Chamber of Entrepreneurs ""Atameken"", 11.6.Grants for startups, 11.7. Consulting and mentoring from experienced entrepreneurs, 11.8. Educational courses and seminars on entrepreneurship",10,10,10,9,10,9,9,9,9,2,"14.1. Quick start without initial investment, 14.3. Possibility of creating a family business, 14.4. International Bisuness, 14.5. Independence and flexibility in work, 14.6. Trips, 14.7. Financial support for start-up entrepreneurs",10,9,10,10,10,9,9,9,9,9,"16.2. Implementation of artificial intelligence technologies to create digital twins of tourist sites that can be explored online or via VR, 16.7. Development of universal mobile applications for travel planning and booking services"
26.08.2024 17:59:55,,1.2. Female,2.4. 31 - 35 years old,3.16. Ulytau region,4.2. Not married,5.3. Working specialist,6.2. 150 000 tg – 300 000 tg,7.1. Civil service,10,10,10,10,10,10,10,10,9.15. Financial and credit sector,"10.6. Planning, 10.9. Project management, 10.10. Financial literacy","11.5.National Chamber of Entrepreneurs ""Atameken""",10,10,10,10,10,10,10,10,10,5,"14.1. Quick start without initial investment, 14.3. Possibility of creating a family business, 14.7. Financial support for start-up entrepreneurs",10,10,10,10,10,10,10,10,10,10,"16.3.Creating smart tours using biosensors that analyze tourists' emotions and states to offer personalized routes, 16.5.Implementation of 4D technologies, creating multidimensional tours that immerse you in the atmosphere of a place not only visually, but also tactilely and through smells"
26.08.2024 18:02:49,,1.2. Female,2.3. 26 - 30 years old,3.9. Karaganda region,4.1. Married,5.6. Unemployed,6.1. 85 000 tg - 150 000 tg,7.3. Entrepreneurship,10,8,10,7,6,8,3,10,9.9. Entertainment and leisure,"10.3. Communication skills, 10.5. Problem solving skills, 10.7. Stress resistance, 10.8. Creative thinking","11.5.National Chamber of Entrepreneurs ""Atameken"", 11.6.Grants for startups",8,9,7,10,10,10,7,5,10,5,14.3. Possibility of creating a family business,10,10,10,7,7,6,5,1,2,4,"16.1. Development of holographic guides that can accompany tourists to historical sites and attractions, 16.7. Development of universal mobile applications for travel planning and booking services"
26.08.2024 18:08:02,,1.1. Male,2.4. 31 - 35 years old,3.9. Karaganda region,4.1. Married,5.1. Student,6.3. 300 000 tg – 500 000 tg,7.3. Entrepreneurship,10,10,10,10,10,10,10,10,9.9. Entertainment and leisure,"10.1. Analytics, 10.2. Willingness to take risks, 10.4. Leadership, 10.6. Planning, 10.8. Creative thinking, 10.9. Project management","11.1. JSC ""Entrepreneurship Development Fund ""Damu"", 11.5.National Chamber of Entrepreneurs ""Atameken"", 11.8. Educational courses and seminars on entrepreneurship",10,10,10,10,10,10,10,10,10,5,"14.1. Quick start without initial investment, 14.6. Trips",10,10,10,10,10,10,10,10,10,10,"16.1. Development of holographic guides that can accompany tourists to historical sites and attractions, 16.7. Development of universal mobile applications for travel planning and booking services"
26.08.2024 18:09:16,,1.2. Female,2.3. 26 - 30 years old,3.18. Astana city,4.1. Married,5.3. Working specialist,6.4. More than 500 000 tg,Freelancing,10,10,10,7,9,10,9,10,9.15.Financial and credit sector,"10.1. Analytics, 10.6. Planning, 10.10. Financial literacy","11.1. JSC ""Entrepreneurship Development Fund ""Damu"", 11.10.Private Business Incubators and Accelerators",8,8,10,6,8,10,10,8,9,1,"14.1. Quick start without initial investment, 14.5. Independence and flexibility in work, 14.6. Trips",6,5,7,9,4,4,8,7,6,6,"16.1. Development of holographic guides that can accompany tourists to historical sites and attractions, 16.7. Development of universal mobile applications for travel planning and booking services"
26.08.2024 18:15:03,,1.2. Female,2.1. 18 - 22 years old,3.9. Karaganda region,4.2. Not married,5.1. Student,6.1. 85 000 tg - 150 000 tg,7.1. Civil service,5,3,3,5,8,8,8,8,9.2. Healthcare,"10.3. Communication skills, 10.4. Leadership, 10.5. Problem solving skills, 10.6. Planning, 10.7. Stress resistance","11.5.National Chamber of Entrepreneurs ""Atameken"", 11.6.Grants for startups",7,8,8,4,8,4,8,8,8,2,14.4. International Bisuness,7,8,8,6,5,8,8,6,5,3,"16.5.Implementation of 4D technologies, creating multidimensional tours that immerse you in the atmosphere of a place not only visually, but also tactilely and through smells, 16.6. Creating ""digital avatars"" of tourists that can represent them in an online environment and interact with other tourists and locals"
26.08.2024 18:19:54,,1.2. Female,2.4. 31 - 35 years old,3.9. Karaganda region,4.1. Married,5.4. Entrepreneur,6.4. More than 500 000 tg,7.3. Entrepreneurship,10,10,10,10,10,10,10,10,9.14. Tourism,10.5. Problem solving skills,"11.1. JSC ""Entrepreneurship Development Fund ""Damu""",10,10,10,10,10,10,10,10,10,5,14.1. Quick start without initial investment,10,9,10,9,10,10,10,10,10,10,16.7. Development of universal mobile applications for travel planning and booking services
26.08.2024 18:31:46,,1.2. Female,2.4. 31 - 35 years old,3.9. Karaganda region,4.1. Married,5.3. Working specialist,6.4. More than 500 000 tg,7.3. Entrepreneurship,8,5,2,5,8,8,8,8,9.12. Trade,"10.1. Analytics, 10.2. Willingness to take risks, 10.3. Communication skills, 10.4. Leadership, 10.5. Problem solving skills, 10.7. Stress resistance","11.1. JSC ""Entrepreneurship Development Fund ""Damu"", 11.2.JSC National Management Holding Baiterek",8,1,1,1,3,1,1,1,1,5,"14.1. Quick start without initial investment, 14.5. Independence and flexibility in work, 14.6. Trips",8,8,8,3,8,8,3,4,3,6,"16.1. Development of holographic guides that can accompany tourists to historical sites and attractions, 16.6. Creating ""digital avatars"" of tourists that can represent them in an online environment and interact with other tourists and locals"
26.08.2024 18:36:36,,1.2. Female,2.1. 18 - 22 years old,3.9. Karaganda region,4.2. Not married,5.1. Student,6.5. No income,7.1. Civil service,1,10,10,3,1,10,10,10,9.4. Art,10.8. Creative thinking,11.2.JSC National Management Holding Baiterek,1,1,1,3,3,3,3,1,1,2,14.3. Possibility of creating a family business,5,3,10,1,3,10,10,10,10,10,16.4. Development of neural interfaces that allow tourists to interact with tourism applications and services using thoughts
26.08.2024 18:49:25,,1.1. Male,2.3. 26 - 30 years old,3.18. Astana city,4.1. Married,5.3. Working specialist,6.4. More than 500 000 tg,7.3. Entrepreneurship,2,3,1,2,2,3,3,3,Design,"10.4. Leadership, 10.5. Problem solving skills, 10.7. Stress resistance, 10.8. Creative thinking",11.11. No knowledge of such resources,3,3,2,3,3,2,2,2,1,1,"14.1. Quick start without initial investment, 14.6. Trips",2,2,2,3,3,2,2,3,3,2,"16.1. Development of holographic guides that can accompany tourists to historical sites and attractions, 16.2. Implementation of artificial intelligence technologies to create digital twins of tourist sites that can be explored online or via VR, 16.3.Creating smart tours using biosensors that analyze tourists' emotions and states to offer personalized routes, 16.4. Development of neural interfaces that allow tourists to interact with tourism applications and services using thoughts, 16.5.Implementation of 4D technologies, creating multidimensional tours that immerse you in the atmosphere of a place not only visually, but also tactilely and through smells, 16.6. Creating ""digital avatars"" of tourists that can represent them in an online environment and interact with other tourists and locals, 16.7. Development of universal mobile applications for travel planning and booking services"
26.08.2024 18:49:51,,1.2. Female,2.4. 31 - 35 years old,3.9. Karaganda region,4.1. Married,5.6. Unemployed,6.1. 85 000 tg - 150 000 tg,7.3. Entrepreneurship,8,10,1,9,9,9,9,9,9.10. Agriculture,"10.3. Communication skills, 10.8. Creative thinking","11.5.National Chamber of Entrepreneurs ""Atameken""",10,10,10,4,10,1,5,5,5,5,14.4. International Bisuness,1,10,10,10,10,10,10,10,10,10,16.1. Development of holographic guides that can accompany tourists to historical sites and attractions
26.08.2024 18:59:40,,1.2. Female,2.4. 31 - 35 years old,3.19. Almaty city,4.1. Married,5.3. Working specialist,6.4. More than 500 000 tg,7.2. Employment with guaranteed income.,7,5,8,1,3,4,2,6,9.12. Trade,"10.1. Analytics, 10.2. Willingness to take risks, 10.3. Communication skills, 10.4. Leadership, 10.5. Problem solving skills, 10.6. Planning, 10.7. Stress resistance, 10.9. Project management, 10.10. Financial literacy","11.1. JSC ""Entrepreneurship Development Fund ""Damu"", 11.4. State program ""Business Roadmap - 2025"", 11.6.Grants for startups",4,10,7,6,9,8,3,5,4,4,"14.6. Trips, 14.7. Financial support for start-up entrepreneurs",8,10,9,1,4,5,2,1,3,6,"16.1. Development of holographic guides that can accompany tourists to historical sites and attractions, 16.5.Implementation of 4D technologies, creating multidimensional tours that immerse you in the atmosphere of a place not only visually, but also tactilely and through smells, 16.6. Creating ""digital avatars"" of tourists that can represent them in an online environment and interact with other tourists and locals"
26.08.2024 19:17:14,,1.1. Male,2.1. 18 - 22 years old,3.9. Karaganda region,4.2. Not married,5.1. Student,6.1. 85 000 tg - 150 000 tg,7.3. Entrepreneurship,2,3,2,1,2,3,1,3,9.5. Logistics,10.1. Analytics,"11.4. State program ""Business Roadmap - 2025""",1,1,3,4,2,2,4,4,4,5,14.6. Trips,3,3,9,7,8,7,8,7,7,8,16.1. Development of holographic guides that can accompany tourists to historical sites and attractions
26.08.2024 19:19:38,,1.2. Female,2.4. 31 - 35 years old,3.18. Astana city,4.2. Not married,5.6. Unemployed,6.1. 85 000 tg - 150 000 tg,7.2. Employment with guaranteed income.,6,10,7,5,5,5,9,9,9.12. Trade,10.1. Analytics,"11.8. Educational courses and seminars on entrepreneurship, 11.9.Online Resources and Platforms for Entrepreneurs",10,9,10,9,10,10,10,9,9,1,"14.1. Quick start without initial investment, 14.3. Possibility of creating a family business, 14.6. Trips",6,6,6,10,6,8,10,10,10,10,16.7. Development of universal mobile applications for travel planning and booking services
26.08.2024 19:21:13,,1.1. Male,2.4. 31 - 35 years old,3.16. Ulytau region,4.1. Married,5.3. Working specialist,6.4. More than 500 000 tg,7.3. Entrepreneurship,5,7,1,3,3,9,2,1,9.14. Tourism,"10.2. Willingness to take risks, 10.7. Stress resistance",11.11. No knowledge of such resources,1,1,1,1,1,2,4,3,3,5,"14.4. International Bisuness, 14.5. Independence and flexibility in work, 14.6. Trips",10,10,10,10,10,10,8,8,8,9,"16.1. Development of holographic guides that can accompany tourists to historical sites and attractions, 16.3.Creating smart tours using biosensors that analyze tourists' emotions and states to offer personalized routes, 16.4. Development of neural interfaces that allow tourists to interact with tourism applications and services using thoughts, 16.6. Creating ""digital avatars"" of tourists that can represent them in an online environment and interact with other tourists and locals, 16.7. Development of universal mobile applications for travel planning and booking services"
26.08.2024 19:23:11,,1.2. Female,2.1. 18 - 22 years old,3.9. Karaganda region,4.2. Not married,5.5. Freelancer / self-employed,6.2. 150 000 tg – 300 000 tg,7.3. Entrepreneurship,10,10,10,10,10,10,10,10,9.1. Hotel sector,10.4. Leadership,"11.1. JSC ""Entrepreneurship Development Fund ""Damu"", ",10,10,10,10,10,10,10,10,10,5,14.7. Financial support for start-up entrepreneurs,10,10,10,10,10,10,10,10,10,10,"16.1. Development of holographic guides that can accompany tourists to historical sites and attractions, 16.2. Implementation of artificial intelligence technologies to create digital twins of tourist sites that can be explored online or via VR, 16.3.Creating smart tours using biosensors that analyze tourists' emotions and states to offer personalized routes, 16.4. Development of neural interfaces that allow tourists to interact with tourism applications and services using thoughts, 16.5.Implementation of 4D technologies, creating multidimensional tours that immerse you in the atmosphere of a place not only visually, but also tactilely and through smells, 16.6. Creating ""digital avatars"" of tourists that can represent them in an online environment and interact with other tourists and locals, 16.7. Development of universal mobile applications for travel planning and booking services"
26.08.2024 19:29:04,,1.1. Male,2.2. 23 - 25 years old,3.16. Ulytau region,4.2. Not married,5.3. Working specialist,6.2. 150 000 tg – 300 000 tg,7.2. Employment with guaranteed income.,7,6,8,8,8,9,9,10,9.4. Art,"10.3. Communication skills, 10.5. Problem solving skills, 10.10. Financial literacy","11.1. JSC ""Entrepreneurship Development Fund ""Damu"", 11.5.National Chamber of Entrepreneurs ""Atameken""",5,9,7,8,8,10,8,9,8,3,"14.1. Quick start without initial investment, 14.5. Independence and flexibility in work, 14.6. Trips",8,8,8,9,8,6,10,9,7,9,"16.1. Development of holographic guides that can accompany tourists to historical sites and attractions, 16.3.Creating smart tours using biosensors that analyze tourists' emotions and states to offer personalized routes"
26.08.2024 19:36:34,,1.2. Female,2.4. 31 - 35 years old,3.9. Karaganda region,4.1. Married,5.1. Student,6.5. No income,7.3. Entrepreneurship,3,3,3,3,3,3,3,3,9.2. Healthcare,10.3. Communication skills,"11.1. JSC ""Entrepreneurship Development Fund ""Damu"", 11.2.JSC National Management Holding Baiterek, 11.4. State program ""Business Roadmap - 2025"", 11.5.National Chamber of Entrepreneurs ""Atameken""",3,3,3,3,3,3,3,3,3,5,"14.1. Quick start without initial investment, 14.2. Opportunities for innovation, 14.5. Independence and flexibility in work, 14.6. Trips",3,3,3,3,3,3,3,2,3,3,"16.1. Development of holographic guides that can accompany tourists to historical sites and attractions, 16.7. Development of universal mobile applications for travel planning and booking services"
26.08.2024 19:37:05,,1.1. Male,2.2. 23 - 25 years old,3.9. Karaganda region,4.2. Not married,5.3. Working specialist,6.4. More than 500 000 tg,7.2. Employment with guaranteed income.,6,6,6,6,6,6,6,6,9.7. Catering,"10.1. Analytics, 10.8. Creative thinking",11.11. No knowledge of such resources,1,1,1,1,1,1,1,1,1,1,Creating something worthwhile for people,10,10,10,2,2,2,1,1,1,1,I do not know
26.08.2024 19:42:41,,1.2. Female,2.2. 23 - 25 years old,3.16. Ulytau region,4.1. Married,5.3. Working specialist,6.2. 150 000 tg – 300 000 tg,7.2. Employment with guaranteed income.,2,2,2,2,2,2,2,2,9.6. Education,"10.2. Willingness to take risks, 10.3. Communication skills, 10.8. Creative thinking, 10.10. Financial literacy","11.1. JSC ""Entrepreneurship Development Fund ""Damu"", 11.5.National Chamber of Entrepreneurs ""Atameken""",3,3,3,3,3,3,3,3,3,1,14.7. Financial support for start-up entrepreneurs,10,10,10,10,10,10,10,10,10,10,"16.1. Development of holographic guides that can accompany tourists to historical sites and attractions, 16.3.Creating smart tours using biosensors that analyze tourists' emotions and states to offer personalized routes, 16.7. Development of universal mobile applications for travel planning and booking services"
26.08.2024 20:28:51,,1.2. Female,2.4. 31 - 35 years old,3.9. Karaganda region,4.1. Married,5.4. Entrepreneur,6.2. 150 000 tg – 300 000 tg,7.3. Entrepreneurship,4,4,4,4,4,4,4,4,9.12. Trade,10.6. Planning,"11.1. JSC ""Entrepreneurship Development Fund ""Damu""",3,3,3,3,3,3,3,3,3,5,14.5. Independence and flexibility in work,2,3,3,3,3,3,3,3,3,3,"16.2. Implementation of artificial intelligence technologies to create digital twins of tourist sites that can be explored online or via VR, 16.5.Implementation of 4D technologies, creating multidimensional tours that immerse you in the atmosphere of a place not only visually, but also tactilely and through smells"
26.08.2024 20:29:02,,1.1. Male,2.1. 18 - 22 years old,3.4. Almaty region,4.2. Not married,5.3. Working specialist,6.4. More than 500 000 tg,7.3. Entrepreneurship,3,3,3,3,3,3,3,3,9.12. Trade,"10.1. Analytics, 10.5. Problem solving skills, 10.6. Planning, 10.7. Stress resistance, 10.9. Project management, 10.10. Financial literacy","11.5.National Chamber of Entrepreneurs ""Atameken"", 11.9.Online Resources and Platforms for Entrepreneurs",2,2,2,1,2,2,2,2,2,5,"14.1. Quick start without initial investment, 14.3. Possibility of creating a family business, 14.5. Independence and flexibility in work, 14.6. Trips",2,2,2,2,2,2,1,1,2,2,16.7. Development of universal mobile applications for travel planning and booking services
26.08.2024 20:34:28,,1.2. Female,2.4. 31 - 35 years old,3.9. Karaganda region,4.2. Not married,5.3. Working specialist,6.2. 150 000 tg – 300 000 tg,7.2. Employment with guaranteed income.,9,9,9,9,9,6,6,10,9.12. Trade,"10.1. Analytics, 10.6. Planning, 10.8. Creative thinking, 10.10. Financial literacy","11.1. JSC ""Entrepreneurship Development Fund ""Damu"", 11.5.National Chamber of Entrepreneurs ""Atameken"", 11.6.Grants for startups",8,5,10,7,5,1,5,5,5,2,"14.4. International Bisuness, 14.6. Trips, 14.7. Financial support for start-up entrepreneurs",6,4,10,10,5,3,10,2,2,4,"16.2. Implementation of artificial intelligence technologies to create digital twins of tourist sites that can be explored online or via VR, 16.3.Creating smart tours using biosensors that analyze tourists' emotions and states to offer personalized routes, 16.7. Development of universal mobile applications for travel planning and booking services"
26.08.2024 20:53:06,,1.1. Male,2.3. 26 - 30 years old,3.7. Zhambyl region,4.1. Married,5.3. Working specialist,6.3. 300 000 tg – 500 000 tg,7.3. Entrepreneurship,10,10,10,4,4,4,7,10,9.7. Catering,"10.1. Analytics, 10.3. Communication skills, 10.5. Problem solving skills, 10.10. Financial literacy",11.11. No knowledge of such resources,1,10,10,1,10,10,1,1,3,1,14.6. Trips,10,10,10,10,10,8,10,10,8,8,16.7. Development of universal mobile applications for travel planning and booking services
26.08.2024 20:57:05,,1.2. Female,2.4. 31 - 35 years old,3.4. Almaty region,4.1. Married,5.3. Working specialist,6.2. 150 000 tg – 300 000 tg,7.2. Employment with guaranteed income.,3,3,3,3,3,3,3,3,9.6. Education,10.8. Creative thinking,11.11. No knowledge of such resources,3,3,3,3,3,3,3,3,3,5,14.6. Trips,3,3,3,3,3,3,1,2,1,2,16.2. Implementation of artificial intelligence technologies to create digital twins of tourist sites that can be explored online or via VR
26.08.2024 21:05:52,,1.2. Female,2.3. 26 - 30 years old,3.9. Karaganda region,4.1. Married,5.5. Freelancer / self-employed,6.1. 85 000 tg - 150 000 tg,7.3. Entrepreneurship,10,10,1,6,10,10,10,10,9.6. Education,"10.1. Analytics, 10.2. Willingness to take risks, 10.4. Leadership, 10.6. Planning, 10.10. Financial literacy","11.1. JSC ""Entrepreneurship Development Fund ""Damu"", 11.6.Grants for startups",10,10,10,7,10,8,7,9,10,5,"14.1. Quick start without initial investment, 14.4. International Bisuness, 14.6. Trips, 14.7. Financial support for start-up entrepreneurs",2,2,9,10,9,9,6,6,7,1,"16.1. Development of holographic guides that can accompany tourists to historical sites and attractions, 16.2. Implementation of artificial intelligence technologies to create digital twins of tourist sites that can be explored online or via VR, 16.3.Creating smart tours using biosensors that analyze tourists' emotions and states to offer personalized routes, 16.4. Development of neural interfaces that allow tourists to interact with tourism applications and services using thoughts, 16.5.Implementation of 4D technologies, creating multidimensional tours that immerse you in the atmosphere of a place not only visually, but also tactilely and through smells, 16.6. Creating ""digital avatars"" of tourists that can represent them in an online environment and interact with other tourists and locals, 16.7. Development of universal mobile applications for travel planning and booking services"
26.08.2024 21:08:26,,1.2. Female,2.4. 31 - 35 years old,3.9. Karaganda region,4.1. Married,5.3. Working specialist,6.2. 150 000 tg – 300 000 tg,7.2. Employment with guaranteed income.,3,3,3,1,3,3,2,1,9.14. Tourism,"10.2. Willingness to take risks, 10.3. Communication skills, 10.4. Leadership, 10.6. Planning, 10.7. Stress resistance","11.1. JSC ""Entrepreneurship Development Fund ""Damu"", 11.4. State program ""Business Roadmap - 2025"", 11.5.National Chamber of Entrepreneurs ""Atameken""",3,3,3,3,3,1,1,3,2,5,"14.1. Quick start without initial investment, 14.2. Opportunities for innovation, 14.3. Possibility of creating a family business, 14.4. International Bisuness, 14.5. Independence and flexibility in work, 14.6. Trips, 14.7. Financial support for start-up entrepreneurs",1,1,1,1,3,3,2,3,3,3,"16.1. Development of holographic guides that can accompany tourists to historical sites and attractions, 16.2. Implementation of artificial intelligence technologies to create digital twins of tourist sites that can be explored online or via VR, 16.3.Creating smart tours using biosensors that analyze tourists' emotions and states to offer personalized routes, 16.7. Development of universal mobile applications for travel planning and booking services"
26.08.2024 21:16:46,,1.2. Female,2.2. 23 - 25 years old,3.9. Karaganda region,4.1. Married,5.6. Unemployed,6.1. 85 000 tg - 150 000 tg,7.3. Entrepreneurship,10,2,6,8,8,7,9,10,9.12. Trade,"10.3. Communication skills, 10.6. Planning, 10.7. Stress resistance, 10.10. Financial literacy","11.1. JSC ""Entrepreneurship Development Fund ""Damu"", 11.5.National Chamber of Entrepreneurs ""Atameken"", 11.10.Private Business Incubators and Accelerators",10,10,10,6,10,10,7,8,10,3,"14.4. International Bisuness, 14.6. Trips",10,10,10,7,8,8,8,7,8,8,16.7. Development of universal mobile applications for travel planning and booking services
26.08.2024 21:17:08,,1.1. Male,2.4. 31 - 35 years old,3.9. Karaganda region,4.1. Married,5.4. Entrepreneur,6.4. More than 500 000 tg,on someone ,10,8,10,5,9,9,9,8,9.12. Trade,"10.6. Planning, 10.10. Financial literacy","11.1. JSC ""Entrepreneurship Development Fund ""Damu"", 11.2.JSC National Management Holding Baiterek, 11.4. State program ""Business Roadmap - 2025"", 11.5.National Chamber of Entrepreneurs ""Atameken"", 11.6.Grants for startups, 11.7. Consulting and mentoring from experienced entrepreneurs, 11.8. Educational courses and seminars on entrepreneurship, 11.9.Online Resources and Platforms for Entrepreneurs, 11.10.Private Business Incubators and Accelerators",7,10,8,8,9,2,2,8,10,4,14.6. Trips,6,6,2,2,3,3,3,3,3,3,16.2. Implementation of artificial intelligence technologies to create digital twins of tourist sites that can be explored online or via VR
26.08.2024 21:20:21,,1.2. Female,2.4. 31 - 35 years old,3.9. Karaganda region,4.1. Married,5.4. Entrepreneur,6.1. 85 000 tg - 150 000 tg,7.3. Entrepreneurship,3,1,3,1,1,1,1,1,Confectionery  Bisuness ,10.7. Stress resistance,11.6.Grants for startups,1,1,1,1,1,1,1,1,1,1,14.3. Possibility of creating a family business,7,10,7,5,10,10,3,4,5,7,16.7. Development of universal mobile applications for travel planning and booking services
26.08.2024 21:26:54,,1.1. Male,2.1. 18 - 22 years old,3.9. Karaganda region,4.2. Not married,5.1. Student,6.5. No income,7.2. Employment with guaranteed income.,3,10,4,5,10,8,7,9,9.3. Information Technology,10.7. Stress resistance,11.11. No knowledge of such resources,10,8,9,6,7,6,6,6,8,1,14.6. Trips,7,5,7,8,9,7,10,6,7,5,16.7. Development of universal mobile applications for travel planning and booking services
26.08.2024 21:31:41,,1.2. Female,2.4. 31 - 35 years old,3.9. Karaganda region,4.1. Married,5.4. Entrepreneur,6.3. 300 000 tg – 500 000 tg,7.3. Entrepreneurship,3,3,3,3,3,3,3,3,9.15.Financial and credit sector,"10.2. Willingness to take risks, 10.3. Communication skills, 10.4. Leadership, 10.5. Problem solving skills, 10.8. Creative thinking","11.1. JSC ""Entrepreneurship Development Fund ""Damu"", 11.2.JSC National Management Holding Baiterek, 11.3. JSC ""Qazaqstan Investment Corporation"", 11.4. State program ""Business Roadmap - 2025"", 11.5.National Chamber of Entrepreneurs ""Atameken"", 11.6.Grants for startups, 11.7. Consulting and mentoring from experienced entrepreneurs, 11.8. Educational courses and seminars on entrepreneurship, 11.9.Online Resources and Platforms for Entrepreneurs, 11.10.Private Business Incubators and Accelerators",3,3,3,1,1,1,2,1,1,1,"14.1. Quick start without initial investment, 14.3. Possibility of creating a family business, 14.4. International Bisuness",3,3,3,3,3,1,3,3,3,1,"16.2. Implementation of artificial intelligence technologies to create digital twins of tourist sites that can be explored online or via VR, 16.7. Development of universal mobile applications for travel planning and booking services"
26.08.2024 21:35:15,,1.1. Male,2.4. 31 - 35 years old,3.9. Karaganda region,4.1. Married,5.3. Working specialist,6.2. 150 000 tg – 300 000 tg,7.3. Entrepreneurship,10,10,10,10,10,10,10,10,9.7. Catering,"10.1. Analytics, 10.3. Communication skills, 10.6. Planning, 10.7. Stress resistance","11.1. JSC ""Entrepreneurship Development Fund ""Damu"", 11.4. State program ""Business Roadmap - 2025"", 11.5.National Chamber of Entrepreneurs ""Atameken"", 11.9.Online Resources and Platforms for Entrepreneurs",10,10,10,8,10,8,8,8,8,4,"14.1. Quick start without initial investment, 14.4. International Bisuness, 14.5. Independence and flexibility in work, 14.6. Trips, 14.7. Financial support for start-up entrepreneurs",8,8,8,8,8,8,8,8,8,8,"16.1. Development of holographic guides that can accompany tourists to historical sites and attractions, 16.2. Implementation of artificial intelligence technologies to create digital twins of tourist sites that can be explored online or via VR, 16.3.Creating smart tours using biosensors that analyze tourists' emotions and states to offer personalized routes, 16.4. Development of neural interfaces that allow tourists to interact with tourism applications and services using thoughts, 16.5.Implementation of 4D technologies, creating multidimensional tours that immerse you in the atmosphere of a place not only visually, but also tactilely and through smells, 16.6. Creating ""digital avatars"" of tourists that can represent them in an online environment and interact with other tourists and locals, 16.7. Development of universal mobile applications for travel planning and booking services"
26.08.2024 21:38:22,,1.1. Male,2.3. 26 - 30 years old,3.16. Ulytau region,4.1. Married,5.3. Working specialist,6.3. 300 000 tg – 500 000 tg,7.2. Employment with guaranteed income.,10,7,10,5,7,4,4,10,9.14. Tourism,"10.3. Communication skills, 10.7. Stress resistance, 10.10. Financial literacy","11.1. JSC ""Entrepreneurship Development Fund ""Damu"", 11.5.National Chamber of Entrepreneurs ""Atameken""",10,10,10,3,8,5,6,4,10,3,14.7. Financial support for start-up entrepreneurs,6,8,3,10,10,4,10,10,6,7,16.7. Development of universal mobile applications for travel planning and booking services
26.08.2024 21:38:27,,1.1. Male,2.3. 26 - 30 years old,3.18. Astana city,4.2. Not married,5.3. Working specialist,6.3. 300 000 tg – 500 000 tg,7.2. Employment with guaranteed income.,4,10,10,6,10,10,10,10,9.7. Catering,"10.1. Analytics, 10.2. Willingness to take risks, 10.3. Communication skills, 10.4. Leadership, 10.5. Problem solving skills, 10.6. Planning, 10.7. Stress resistance, 10.8. Creative thinking, 10.9. Project management","11.1. JSC ""Entrepreneurship Development Fund ""Damu"", 11.5.National Chamber of Entrepreneurs ""Atameken"", 11.6.Grants for startups",10,10,10,10,10,10,10,10,10,5,14.2. Opportunities for innovation,10,10,10,10,10,10,10,10,10,10,"16.3.Creating smart tours using biosensors that analyze tourists' emotions and states to offer personalized routes, 16.7. Development of universal mobile applications for travel planning and booking services"
26.08.2024 21:39:36,,1.2. Female,2.4. 31 - 35 years old,3.9. Karaganda region,4.1. Married,5.5. Freelancer / self-employed,6.1. 85 000 tg - 150 000 tg,7.3. Entrepreneurship,10,10,10,10,10,10,10,10,9.10. Agriculture,"10.2. Willingness to take risks, 10.3. Communication skills, 10.6. Planning, 10.8. Creative thinking, 10.10. Financial literacy","11.1. JSC ""Entrepreneurship Development Fund ""Damu"", 11.4. State program ""Business Roadmap - 2025"", 11.5.National Chamber of Entrepreneurs ""Atameken"", 11.6.Grants for startups, 11.7. Consulting and mentoring from experienced entrepreneurs, 11.8. Educational courses and seminars on entrepreneurship, 11.9.Online Resources and Platforms for Entrepreneurs",10,10,10,5,10,10,10,10,10,3,"14.1. Quick start without initial investment, 14.3. Possibility of creating a family business, 14.5. Independence and flexibility in work, 14.7. Financial support for start-up entrepreneurs",7,10,10,1,4,4,5,5,10,10,"16.3.Creating smart tours using biosensors that analyze tourists' emotions and states to offer personalized routes, 16.6. Creating ""digital avatars"" of tourists that can represent them in an online environment and interact with other tourists and locals, 16.7. Development of universal mobile applications for travel planning and booking services"
26.08.2024 21:57:27,,1.1. Male,2.3. 26 - 30 years old,3.1. Abay region,4.1. Married,5.2. Civil servant,6.2. 150 000 tg – 300 000 tg,7.1. Civil service,9,9,9,9,10,10,9,10,9.9. Entertainment and leisure,"10.1. Analytics, 10.3. Communication skills, 10.4. Leadership, 10.5. Problem solving skills, 10.6. Planning",11.11. No knowledge of such resources,10,10,9,9,10,10,9,10,10,3,"14.3. Possibility of creating a family business, 14.4. International Bisuness, 14.6. Trips",8,9,9,10,10,9,1,9,8,9,"16.1. Development of holographic guides that can accompany tourists to historical sites and attractions, 16.7. Development of universal mobile applications for travel planning and booking services"
26.08.2024 22:00:37,,1.2. Female,2.4. 31 - 35 years old,3.9. Karaganda region,4.1. Married,5.6. Unemployed,6.5. No income,7.3. Entrepreneurship,3,3,1,3,3,1,1,3,9.10. Agriculture,"10.4. Leadership, 10.5. Problem solving skills, 10.6. Planning","11.6.Grants for startups, 11.7. Consulting and mentoring from experienced entrepreneurs",3,3,3,3,3,3,3,3,3,5,14.1. Quick start without initial investment,1,1,1,1,3,1,1,2,2,2,"16.1. Development of holographic guides that can accompany tourists to historical sites and attractions, 16.5.Implementation of 4D technologies, creating multidimensional tours that immerse you in the atmosphere of a place not only visually, but also tactilely and through smells"
26.08.2024 22:07:44,,1.2. Female,2.3. 26 - 30 years old,3.9. Karaganda region,4.1. Married,5.3. Working specialist,6.2. 150 000 tg – 300 000 tg,7.2. Employment with guaranteed income.,2,3,2,3,3,3,3,3,9.14. Tourism,"10.3. Communication skills, 10.5. Problem solving skills, 10.6. Planning, 10.7. Stress resistance, 10.10. Financial literacy","11.1. JSC ""Entrepreneurship Development Fund ""Damu"", 11.2.JSC National Management Holding Baiterek, 11.5.National Chamber of Entrepreneurs ""Atameken""",2,2,3,2,3,2,2,2,2,3,"14.1. Quick start without initial investment, 14.6. Trips, 14.7. Financial support for start-up entrepreneurs",2,2,1,2,2,2,2,2,2,2,"16.3.Creating smart tours using biosensors that analyze tourists' emotions and states to offer personalized routes, 16.6. Creating ""digital avatars"" of tourists that can represent them in an online environment and interact with other tourists and locals, 16.7. Development of universal mobile applications for travel planning and booking services"
26.08.2024 22:09:10,,1.2. Female,2.3. 26 - 30 years old,3.9. Karaganda region,4.1. Married,5.3. Working specialist,6.2. 150 000 tg – 300 000 tg,7.2. Employment with guaranteed income.,10,10,5,10,10,10,10,10,9.2. Healthcare,"10.2. Willingness to take risks, 10.6. Planning, 10.7. Stress resistance","11.1. JSC ""Entrepreneurship Development Fund ""Damu"", 11.5.National Chamber of Entrepreneurs ""Atameken"", 11.6.Grants for startups, 11.8. Educational courses and seminars on entrepreneurship",10,10,10,10,10,1,10,10,10,5,"14.3. Possibility of creating a family business, 14.5. Independence and flexibility in work, 14.6. Trips",10,10,10,10,10,10,10,10,10,10,"16.3.Creating smart tours using biosensors that analyze tourists' emotions and states to offer personalized routes, 16.5.Implementation of 4D technologies, creating multidimensional tours that immerse you in the atmosphere of a place not only visually, but also tactilely and through smells"
26.08.2024 22:09:23,,1.2. Female,2.4. 31 - 35 years old,3.9. Karaganda region,4.2. Not married,5.3. Working specialist,6.3. 300 000 tg – 500 000 tg,7.2. Employment with guaranteed income.,3,3,2,3,3,3,3,3,9.11. Construction,"10.6. Planning, 10.8. Creative thinking, 10.9. Project management","11.1. JSC ""Entrepreneurship Development Fund ""Damu""",1,1,1,1,1,1,1,1,1,4,"14.1. Quick start without initial investment, 14.6. Trips",1,1,1,1,1,1,1,1,1,1,"16.1. Development of holographic guides that can accompany tourists to historical sites and attractions, 16.7. Development of universal mobile applications for travel planning and booking services"
26.08.2024 22:11:43,,1.2. Female,2.3. 26 - 30 years old,3.9. Karaganda region,4.1. Married,5.3. Working specialist,6.2. 150 000 tg – 300 000 tg,7.2. Employment with guaranteed income.,2,2,2,2,2,2,2,2,9.14. Tourism,"10.2. Willingness to take risks, 10.5. Problem solving skills, 10.6. Planning, 10.7. Stress resistance, 10.9. Project management, 10.10. Financial literacy","11.1. JSC ""Entrepreneurship Development Fund ""Damu"", 11.2.JSC National Management Holding Baiterek, 11.4. State program ""Business Roadmap - 2025"", 11.5.National Chamber of Entrepreneurs ""Atameken""",2,2,2,2,2,2,2,2,2,3,"14.1. Quick start without initial investment, 14.2. Opportunities for innovation, 14.6. Trips, 14.7. Financial support for start-up entrepreneurs",2,2,2,2,2,2,2,2,2,2,"16.3.Creating smart tours using biosensors that analyze tourists' emotions and states to offer personalized routes, 16.4. Development of neural interfaces that allow tourists to interact with tourism applications and services using thoughts, 16.5.Implementation of 4D technologies, creating multidimensional tours that immerse you in the atmosphere of a place not only visually, but also tactilely and through smells, 16.6. Creating ""digital avatars"" of tourists that can represent them in an online environment and interact with other tourists and locals"
26.08.2024 22:22:02,,1.1. Male,2.3. 26 - 30 years old,3.18. Astana city,4.1. Married,5.3. Working specialist,6.3. 300 000 tg – 500 000 tg,7.2. Employment with guaranteed income.,3,10,10,7,10,10,10,10,9.12. Trade,"10.1. Analytics, 10.2. Willingness to take risks, 10.3. Communication skills, 10.4. Leadership, 10.5. Problem solving skills, 10.6. Planning, 10.7. Stress resistance, 10.8. Creative thinking, 10.9. Project management, 10.10. Financial literacy","11.2.JSC National Management Holding Baiterek, 11.10.Private Business Incubators and Accelerators",10,9,10,10,10,8,8,10,10,5,"14.3. Possibility of creating a family business, 14.4. International Bisuness, 14.5. Independence and flexibility in work",10,10,10,10,10,10,9,9,9,8,"16.2. Implementation of artificial intelligence technologies to create digital twins of tourist sites that can be explored online or via VR, 16.3.Creating smart tours using biosensors that analyze tourists' emotions and states to offer personalized routes, 16.6. Creating ""digital avatars"" of tourists that can represent them in an online environment and interact with other tourists and locals"
26.08.2024 22:37:54,,1.2. Female,2.4. 31 - 35 years old,3.9. Karaganda region,4.1. Married,5.3. Working specialist,6.3. 300 000 tg – 500 000 tg,7.2. Employment with guaranteed income.,10,10,8,8,8,9,9,9,9.15.Financial and credit sector,"10.1. Analytics, 10.3. Communication skills, 10.4. Leadership, 10.6. Planning, 10.7. Stress resistance, 10.8. Creative thinking, 10.10. Financial literacy","11.1. JSC ""Entrepreneurship Development Fund ""Damu"", 11.5.National Chamber of Entrepreneurs ""Atameken"", 11.6.Grants for startups",10,10,10,10,8,9,8,8,9,5,"14.1. Quick start without initial investment, 14.3. Possibility of creating a family business, 14.4. International Bisuness, 14.6. Trips",10,8,10,8,10,10,8,8,9,9,"16.2. Implementation of artificial intelligence technologies to create digital twins of tourist sites that can be explored online or via VR, 16.3.Creating smart tours using biosensors that analyze tourists' emotions and states to offer personalized routes, 16.6. Creating ""digital avatars"" of tourists that can represent them in an online environment and interact with other tourists and locals, 16.7. Development of universal mobile applications for travel planning and booking services"
26.08.2024 22:38:39,,1.2. Female,2.3. 26 - 30 years old,3.9. Karaganda region,4.1. Married,5.2. Civil servant,6.5. No income,7.3. Entrepreneurship,3,3,3,3,3,3,3,3,9.12. Trade,"10.4. Leadership, 10.8. Creative thinking, 10.9. Project management","11.1. JSC ""Entrepreneurship Development Fund ""Damu""",3,3,3,3,3,3,3,3,3,5,14.7. Financial support for start-up entrepreneurs,3,3,3,3,3,3,3,3,3,3,16.1. Development of holographic guides that can accompany tourists to historical sites and attractions
26.08.2024 22:42:38,,1.2. Female,2.3. 26 - 30 years old,3.16. Ulytau region,4.1. Married,5.4. Entrepreneur,6.4. More than 500 000 tg,7.3. Entrepreneurship,10,10,10,10,10,10,10,10,9.9. Entertainment and leisure,"10.2. Willingness to take risks, 10.5. Problem solving skills, 10.6. Planning, 10.7. Stress resistance, 10.8. Creative thinking","11.1. JSC ""Entrepreneurship Development Fund ""Damu"", 11.3. JSC ""Qazaqstan Investment Corporation"", 11.6.Grants for startups",10,10,10,10,10,10,10,10,10,5,"14.1. Quick start without initial investment, 14.5. Independence and flexibility in work, 14.6. Trips",10,10,10,10,10,10,10,10,10,10,"16.1. Development of holographic guides that can accompany tourists to historical sites and attractions, 16.2. Implementation of artificial intelligence technologies to create digital twins of tourist sites that can be explored online or via VR, 16.3.Creating smart tours using biosensors that analyze tourists' emotions and states to offer personalized routes, 16.4. Development of neural interfaces that allow tourists to interact with tourism applications and services using thoughts, 16.5.Implementation of 4D technologies, creating multidimensional tours that immerse you in the atmosphere of a place not only visually, but also tactilely and through smells, 16.6. Creating ""digital avatars"" of tourists that can represent them in an online environment and interact with other tourists and locals, 16.7. Development of universal mobile applications for travel planning and booking services"
26.08.2024 22:42:42,,1.1. Male,2.4. 31 - 35 years old,3.9. Karaganda region,4.2. Not married,5.4. Entrepreneur,6.4. More than 500 000 tg,7.3. Entrepreneurship,10,10,1,5,10,10,5,5,9.11. Construction,"10.3. Communication skills, 10.4. Leadership, 10.5. Problem solving skills, 10.7. Stress resistance, 10.9. Project management","11.1. JSC ""Entrepreneurship Development Fund ""Damu"", 11.5.National Chamber of Entrepreneurs ""Atameken"", 11.8. Educational courses and seminars on entrepreneurship, 11.9.Online Resources and Platforms for Entrepreneurs",10,6,10,10,10,8,10,10,10,3,"14.1. Quick start without initial investment, 14.6. Trips",10,9,10,8,10,9,9,10,9,6,"16.1. Development of holographic guides that can accompany tourists to historical sites and attractions, 16.7. Development of universal mobile applications for travel planning and booking services"
26.08.2024 22:49:37,,1.2. Female,2.4. 31 - 35 years old,3.16. Ulytau region,4.2. Not married,5.4. Entrepreneur,6.3. 300 000 tg – 500 000 tg,7.3. Entrepreneurship,1,2,2,1,3,2,3,3,9.8. Industry,10.2. Willingness to take risks,"11.1. JSC ""Entrepreneurship Development Fund ""Damu""",3,2,2,3,2,1,2,1,3,4,14.1. Quick start without initial investment,3,2,2,3,3,2,3,2,3,3,16.2. Implementation of artificial intelligence technologies to create digital twins of tourist sites that can be explored online or via VR
26.08.2024 22:55:41,,1.2. Female,2.1. 18 - 22 years old,3.9. Karaganda region,4.2. Not married,5.3. Working specialist,6.1. 85 000 tg - 150 000 tg,7.3. Entrepreneurship,5,9,1,9,9,9,9,9,9.11. Construction,"10.4. Leadership, 10.6. Planning, 10.7. Stress resistance, 10.8. Creative thinking, 10.10. Financial literacy",11.6.Grants for startups,9,9,9,5,9,5,5,9,9,5,"14.4. International Bisuness, 14.6. Trips, 14.7. Financial support for start-up entrepreneurs",3,3,1,1,1,1,1,1,3,3,"16.3.Creating smart tours using biosensors that analyze tourists' emotions and states to offer personalized routes, 16.7. Development of universal mobile applications for travel planning and booking services"
26.08.2024 23:11:18,,1.1. Male,2.4. 31 - 35 years old,3.19. Almaty city,4.1. Married,5.4. Entrepreneur,6.3. 300 000 tg – 500 000 tg,7.3. Entrepreneurship,3,3,3,3,3,3,3,3,9.7. Catering,10.2. Willingness to take risks,"11.1. JSC ""Entrepreneurship Development Fund ""Damu"", 11.5.National Chamber of Entrepreneurs ""Atameken""",2,2,2,2,2,2,2,2,2,5,"14.1. Quick start without initial investment, 14.7. Financial support for start-up entrepreneurs",2,2,2,2,2,2,2,2,2,2,16.1. Development of holographic guides that can accompany tourists to historical sites and attractions
26.08.2024 23:13:36,,1.1. Male,2.4. 31 - 35 years old,3.9. Karaganda region,4.2. Not married,5.5. Freelancer / self-employed,6.2. 150 000 tg – 300 000 tg,7.3. Entrepreneurship,8,10,10,5,10,10,6,10,9.11. Construction,"10.1. Analytics, 10.2. Willingness to take risks, 10.4. Leadership, 10.5. Problem solving skills",11.11. No knowledge of such resources,8,8,10,2,7,8,1,1,5,1,"14.1. Quick start without initial investment, 14.7. Financial support for start-up entrepreneurs",3,5,10,8,10,10,10,6,6,6,16.7. Development of universal mobile applications for travel planning and booking services
26.08.2024 23:19:12,,1.1. Male,2.4. 31 - 35 years old,3.16. Ulytau region,4.2. Not married,5.2. Civil servant,6.2. 150 000 tg – 300 000 tg,Become a lawyer,1,1,2,2,1,2,2,2,legal outsourcing,"10.2. Willingness to take risks, 10.3. Communication skills, 10.4. Leadership, 10.5. Problem solving skills, 10.6. Planning, 10.7. Stress resistance, 10.8. Creative thinking","11.1. JSC ""Entrepreneurship Development Fund ""Damu""",1,1,1,1,1,1,1,1,1,5,"14.4. International Bisuness, 14.7. Financial support for start-up entrepreneurs",1,1,1,1,1,1,1,1,1,1,16.2. Implementation of artificial intelligence technologies to create digital twins of tourist sites that can be explored online or via VR
26.08.2024 23:47:36,,1.1. Male,2.4. 31 - 35 years old,3.18. Astana city,4.1. Married,5.4. Entrepreneur,6.4. More than 500 000 tg,7.3. Entrepreneurship,10,10,10,10,10,10,10,10,9.12. Trade,"10.1. Analytics, 10.2. Willingness to take risks, 10.4. Leadership, 10.5. Problem solving skills, 10.9. Project management","11.5.National Chamber of Entrepreneurs ""Atameken""",10,10,10,10,10,10,10,10,10,5,"14.1. Quick start without initial investment, 14.2. Opportunities for innovation, 14.4. International Bisuness, 14.5. Independence and flexibility in work, 14.6. Trips, 14.7. Financial support for start-up entrepreneurs",10,10,10,10,10,10,10,10,10,10,"16.1. Development of holographic guides that can accompany tourists to historical sites and attractions, 16.2. Implementation of artificial intelligence technologies to create digital twins of tourist sites that can be explored online or via VR, 16.3.Creating smart tours using biosensors that analyze tourists' emotions and states to offer personalized routes, 16.4. Development of neural interfaces that allow tourists to interact with tourism applications and services using thoughts, 16.5.Implementation of 4D technologies, creating multidimensional tours that immerse you in the atmosphere of a place not only visually, but also tactilely and through smells, 16.6. Creating ""digital avatars"" of tourists that can represent them in an online environment and interact with other tourists and locals, 16.7. Development of universal mobile applications for travel planning and booking services"
27.08.2024 0:32:08,,1.2. Female,2.4. 31 - 35 years old,3.18. Astana city,4.1. Married,5.5. Freelancer / self-employed,6.1. 85 000 tg - 150 000 tg,7.3. Entrepreneurship,3,3,3,3,3,3,3,3,9.15.Financial and credit sector,"10.1. Analytics, 10.3. Communication skills, 10.5. Problem solving skills, 10.6. Planning, 10.7. Stress resistance, 10.10. Financial literacy","11.1. JSC ""Entrepreneurship Development Fund ""Damu"", 11.2.JSC National Management Holding Baiterek, 11.4. State program ""Business Roadmap - 2025"", 11.5.National Chamber of Entrepreneurs ""Atameken"", 11.6.Grants for startups, 11.8. Educational courses and seminars on entrepreneurship, 11.9.Online Resources and Platforms for Entrepreneurs",3,3,3,2,3,3,2,3,3,4,"14.1. Quick start without initial investment, 14.3. Possibility of creating a family business, 14.4. International Bisuness, 14.6. Trips",3,2,3,3,3,3,3,3,2,3,"16.1. Development of holographic guides that can accompany tourists to historical sites and attractions, 16.2. Implementation of artificial intelligence technologies to create digital twins of tourist sites that can be explored online or via VR, 16.4. Development of neural interfaces that allow tourists to interact with tourism applications and services using thoughts, 16.6. Creating ""digital avatars"" of tourists that can represent them in an online environment and interact with other tourists and locals, 16.7. Development of universal mobile applications for travel planning and booking services"
27.08.2024 6:20:01,,1.2. Female,2.3. 26 - 30 years old,3.18. Astana city,4.1. Married,5.5. Freelancer / self-employed,6.2. 150 000 tg – 300 000 tg,7.3. Entrepreneurship,4,4,4,4,4,4,4,4,9.12. Trade,"10.1. Analytics, 10.2. Willingness to take risks, 10.7. Stress resistance, 10.8. Creative thinking, 10.9. Project management","11.1. JSC ""Entrepreneurship Development Fund ""Damu"", 11.4. State program ""Business Roadmap - 2025"", 11.5.National Chamber of Entrepreneurs ""Atameken"", 11.6.Grants for startups",3,3,3,1,1,1,1,1,3,5,"14.3. Possibility of creating a family business, 14.5. Independence and flexibility in work, 14.6. Trips",3,1,3,1,3,1,1,2,1,2,"16.3.Creating smart tours using biosensors that analyze tourists' emotions and states to offer personalized routes, 16.4. Development of neural interfaces that allow tourists to interact with tourism applications and services using thoughts, 16.5.Implementation of 4D technologies, creating multidimensional tours that immerse you in the atmosphere of a place not only visually, but also tactilely and through smells"
27.08.2024 7:11:32,,1.2. Female,2.2. 23 - 25 years old,3.9. Karaganda region,4.1. Married,5.4. Entrepreneur,6.3. 300 000 tg – 500 000 tg,7.3. Entrepreneurship,10,10,10,8,10,10,10,10,9.12. Trade,"10.2. Willingness to take risks, 10.3. Communication skills, 10.4. Leadership, 10.5. Problem solving skills, 10.6. Planning, 10.7. Stress resistance, 10.8. Creative thinking","11.1. JSC ""Entrepreneurship Development Fund ""Damu"", 11.5.National Chamber of Entrepreneurs ""Atameken"", К сожалению мало знаю",10,10,5,10,10,10,7,10,10,5,"14.1. Quick start without initial investment, 14.3. Possibility of creating a family business, 14.4. International Bisuness, 14.5. Independence and flexibility in work, 14.6. Trips, 14.7. Financial support for start-up entrepreneurs",10,10,10,10,10,10,7,7,7,8,16.1. Development of holographic guides that can accompany tourists to historical sites and attractions
27.08.2024 8:05:53,,1.1. Male,2.3. 26 - 30 years old,3.19. Almaty city,4.2. Not married,5.3. Working specialist,6.3. 300 000 tg – 500 000 tg,7.3. Entrepreneurship,10,10,1,1,10,10,1,10,9.3. Information Technology,"10.2. Willingness to take risks, 10.3. Communication skills, 10.4. Leadership, 10.5. Problem solving skills","11.1. JSC ""Entrepreneurship Development Fund ""Damu"", 11.5.National Chamber of Entrepreneurs ""Atameken""",1,10,1,1,1,10,1,1,1,1,14.4. International Bisuness,1,1,1,1,1,1,10,1,10,1,16.7. Development of universal mobile applications for travel planning and booking services
27.08.2024 8:41:15,,1.2. Female,2.2. 23 - 25 years old,3.9. Karaganda region,4.2. Not married,5.1. Student,6.1. 85 000 tg - 150 000 tg,7.2. Employment with guaranteed income.,1,2,2,2,2,2,2,1,9.2. Healthcare,10.4. Leadership,"11.1. JSC ""Entrepreneurship Development Fund ""Damu""",1,1,1,1,1,1,1,1,1,2,14.3. Possibility of creating a family business,1,1,1,1,1,1,1,1,1,1,16.2. Implementation of artificial intelligence technologies to create digital twins of tourist sites that can be explored online or via VR
27.08.2024 8:46:30,,1.2. Female,2.4. 31 - 35 years old,3.9. Karaganda region,4.1. Married,5.3. Working specialist,6.4. More than 500 000 tg,7.2. Employment with guaranteed income.,6,7,10,7,9,9,10,10,9.11. Construction,"10.1. Analytics, 10.9. Project management","11.1. JSC ""Entrepreneurship Development Fund ""Damu"", 11.5.National Chamber of Entrepreneurs ""Atameken""",8,10,10,5,10,10,6,7,8,3,"14.3. Possibility of creating a family business, 14.6. Trips",10,10,10,8,8,8,8,8,8,8,"16.1. Development of holographic guides that can accompany tourists to historical sites and attractions, 16.2. Implementation of artificial intelligence technologies to create digital twins of tourist sites that can be explored online or via VR, 16.7. Development of universal mobile applications for travel planning and booking services"
27.08.2024 9:02:37,,1.2. Female,2.4. 31 - 35 years old,3.16. Ulytau region,4.1. Married,5.2. Civil servant,6.2. 150 000 tg – 300 000 tg,7.1. Civil service,3,3,3,3,3,3,3,3,9.12. Trade,"10.2. Willingness to take risks, 10.3. Communication skills, 10.4. Leadership, 10.5. Problem solving skills, 10.6. Planning, 10.7. Stress resistance, 10.8. Creative thinking",11.11. No knowledge of such resources,1,2,1,1,1,1,1,1,1,1,14.1. Quick start without initial investment,2,2,2,2,2,2,3,2,1,2,16.7. Development of universal mobile applications for travel planning and booking services
27.08.2024 9:07:19,,1.2. Female,2.4. 31 - 35 years old,3.18. Astana city,4.2. Not married,5.3. Working specialist,6.3. 300 000 tg – 500 000 tg,7.2. Employment with guaranteed income.,4,4,4,4,4,4,4,4,9.10. Agriculture,"10.1. Analytics, 10.3. Communication skills, 10.4. Leadership, 10.9. Project management","11.1. JSC ""Entrepreneurship Development Fund ""Damu"", 11.5.National Chamber of Entrepreneurs ""Atameken"", 11.6.Grants for startups",3,3,3,3,3,3,3,3,3,3,"14.4. International Bisuness, 14.6. Trips",3,2,3,3,3,3,2,2,2,2,"16.1. Development of holographic guides that can accompany tourists to historical sites and attractions, 16.3.Creating smart tours using biosensors that analyze tourists' emotions and states to offer personalized routes, 16.7. Development of universal mobile applications for travel planning and booking services"
27.08.2024 9:07:47,,1.2. Female,2.4. 31 - 35 years old,3.18. Astana city,4.1. Married,5.3. Working specialist,6.3. 300 000 tg – 500 000 tg,7.3. Entrepreneurship,3,3,3,3,3,3,3,3,9.1. Hotel sector,"10.1. Analytics, 10.2. Willingness to take risks, 10.3. Communication skills, 10.4. Leadership, 10.6. Planning, 10.7. Stress resistance, 10.8. Creative thinking, 10.9. Project management","11.1. JSC ""Entrepreneurship Development Fund ""Damu"", 11.2.JSC National Management Holding Baiterek, 11.3. JSC ""Qazaqstan Investment Corporation"", 11.5.National Chamber of Entrepreneurs ""Atameken""",3,3,3,3,3,3,3,3,3,5,"14.1. Quick start without initial investment, 14.3. Possibility of creating a family business, 14.5. Independence and flexibility in work, 14.6. Trips, 14.7. Financial support for start-up entrepreneurs",3,3,3,3,3,3,3,3,3,3,"16.1. Development of holographic guides that can accompany tourists to historical sites and attractions, 16.2. Implementation of artificial intelligence technologies to create digital twins of tourist sites that can be explored online or via VR, 16.3.Creating smart tours using biosensors that analyze tourists' emotions and states to offer personalized routes, 16.4. Development of neural interfaces that allow tourists to interact with tourism applications and services using thoughts, 16.5.Implementation of 4D technologies, creating multidimensional tours that immerse you in the atmosphere of a place not only visually, but also tactilely and through smells, 16.6. Creating ""digital avatars"" of tourists that can represent them in an online environment and interact with other tourists and locals, 16.7. Development of universal mobile applications for travel planning and booking services"
27.08.2024 10:31:06,,1.2. Female,2.3. 26 - 30 years old,3.18. Astana city,4.2. Not married,5.5. Freelancer / self-employed,6.3. 300 000 tg – 500 000 tg,7.3. Entrepreneurship,10,8,10,9,10,10,8,10,9.6. Education,"10.1. Analytics, 10.2. Willingness to take risks, 10.5. Problem solving skills",11.11. No knowledge of such resources,9,10,10,10,10,10,8,8,8,1,"14.1. Quick start without initial investment, 14.5. Independence and flexibility in work, 14.6. Trips",9,10,10,10,10,10,8,10,10,10,"16.3.Creating smart tours using biosensors that analyze tourists' emotions and states to offer personalized routes, 16.6. Creating ""digital avatars"" of tourists that can represent them in an online environment and interact with other tourists and locals"
27.08.2024 11:34:00,,1.1. Male,2.4. 31 - 35 years old,3.16. Ulytau region,4.2. Not married,5.1. Student,6.4. More than 500 000 tg,Other,8,8,3,1,9,9,4,9,9.11. Construction,"10.1. Analytics, 10.2. Willingness to take risks, 10.4. Leadership, 10.6. Planning, 10.7. Stress resistance, 10.8. Creative thinking, 10.10. Financial literacy","11.1. JSC ""Entrepreneurship Development Fund ""Damu""",9,10,10,6,10,1,8,4,10,1,14.3. Possibility of creating a family business,10,1,1,10,5,2,2,2,8,8,"16.1. Development of holographic guides that can accompany tourists to historical sites and attractions, 16.3.Creating smart tours using biosensors that analyze tourists' emotions and states to offer personalized routes"
27.08.2024 11:41:50,,1.1. Male,2.3. 26 - 30 years old,3.16. Ulytau region,4.1. Married,5.3. Working specialist,6.4. More than 500 000 tg,7.2. Employment with guaranteed income.,1,1,1,1,1,1,1,1,9.13. Transport,10.9. Project management,11.10.Private Business Incubators and Accelerators,1,1,1,1,1,1,1,1,1,1,"14.1. Quick start without initial investment, 14.2. Opportunities for innovation, 14.3. Possibility of creating a family business, 14.5. Independence and flexibility in work",1,1,1,1,1,1,1,1,1,1,"16.1. Development of holographic guides that can accompany tourists to historical sites and attractions, 16.2. Implementation of artificial intelligence technologies to create digital twins of tourist sites that can be explored online or via VR"
27.08.2024 12:22:12,,1.1. Male,2.3. 26 - 30 years old,3.18. Astana city,4.2. Not married,5.2. Civil servant,6.2. 150 000 tg – 300 000 tg,7.1. Civil service,7,8,7,9,9,8,8,8,9.2. Healthcare,"10.1. Analytics, 10.3. Communication skills, 10.4. Leadership","11.1. JSC ""Entrepreneurship Development Fund ""Damu"", 11.2.JSC National Management Holding Baiterek, 11.3. JSC ""Qazaqstan Investment Corporation""",9,9,10,9,8,9,8,9,9,2,"14.1. Quick start without initial investment, 14.2. Opportunities for innovation, 14.3. Possibility of creating a family business",8,9,9,9,10,9,9,9,10,9,"16.2. Implementation of artificial intelligence technologies to create digital twins of tourist sites that can be explored online or via VR, 16.3.Creating smart tours using biosensors that analyze tourists' emotions and states to offer personalized routes, 16.4. Development of neural interfaces that allow tourists to interact with tourism applications and services using thoughts"
27.08.2024 13:31:44,,1.2. Female,2.4. 31 - 35 years old,3.9. Karaganda region,4.1. Married,5.3. Working specialist,6.1. 85 000 tg - 150 000 tg,7.2. Employment with guaranteed income.,3,3,3,1,1,1,3,3,9.3. Information Technology,10.7. Stress resistance,"11.1. JSC ""Entrepreneurship Development Fund ""Damu"", 11.4. State program ""Business Roadmap - 2025"", 11.9.Online Resources and Platforms for Entrepreneurs",10,10,10,9,10,8,8,10,10,3,14.7. Financial support for start-up entrepreneurs,8,8,8,10,10,8,8,8,8,8,Инновационные туалеты
27.08.2024 13:53:28,,1.2. Female,2.4. 31 - 35 years old,3.19. Almaty city,4.2. Not married,5.3. Working specialist,6.4. More than 500 000 tg,7.2. Employment with guaranteed income.,10,7,7,7,7,8,10,10,9.6. Education,"10.1. Analytics, 10.5. Problem solving skills, 10.8. Creative thinking","11.1. JSC ""Entrepreneurship Development Fund ""Damu"", 11.2.JSC National Management Holding Baiterek, 11.3. JSC ""Qazaqstan Investment Corporation"", 11.4. State program ""Business Roadmap - 2025"", 11.5.National Chamber of Entrepreneurs ""Atameken"", 11.6.Grants for startups, 11.7. Consulting and mentoring from experienced entrepreneurs, 11.8. Educational courses and seminars on entrepreneurship, 11.9.Online Resources and Platforms for Entrepreneurs, 11.10.Private Business Incubators and Accelerators",10,10,10,7,10,10,10,7,10,1,"14.5. Independence and flexibility in work, 14.6. Trips",7,7,7,10,1,1,1,4,4,3,"16.1. Development of holographic guides that can accompany tourists to historical sites and attractions, 16.2. Implementation of artificial intelligence technologies to create digital twins of tourist sites that can be explored online or via VR, 16.3.Creating smart tours using biosensors that analyze tourists' emotions and states to offer personalized routes, 16.4. Development of neural interfaces that allow tourists to interact with tourism applications and services using thoughts, 16.5.Implementation of 4D technologies, creating multidimensional tours that immerse you in the atmosphere of a place not only visually, but also tactilely and through smells, 16.6. Creating ""digital avatars"" of tourists that can represent them in an online environment and interact with other tourists and locals, 16.7. Development of universal mobile applications for travel planning and booking services"
27.08.2024 14:01:12,,1.2. Female,2.4. 31 - 35 years old,3.9. Karaganda region,4.2. Not married,5.4. Entrepreneur,6.1. 85 000 tg - 150 000 tg,7.3. Entrepreneurship,1,2,3,3,3,3,3,3,9.12. Trade,"10.1. Analytics, 10.2. Willingness to take risks, 10.3. Communication skills, 10.4. Leadership, 10.5. Problem solving skills, 10.6. Planning","11.1. JSC ""Entrepreneurship Development Fund ""Damu"", 11.5.National Chamber of Entrepreneurs ""Atameken"", 11.6.Grants for startups",2,2,2,2,2,2,2,2,2,5,14.2. Opportunities for innovation,2,3,3,2,2,2,3,3,3,3,"16.1. Development of holographic guides that can accompany tourists to historical sites and attractions, 16.3.Creating smart tours using biosensors that analyze tourists' emotions and states to offer personalized routes"
27.08.2024 14:06:05,,1.1. Male,2.3. 26 - 30 years old,3.18. Astana city,4.2. Not married,5.2. Civil servant,6.2. 150 000 tg – 300 000 tg,7.1. Civil service,8,8,8,7,9,10,6,9,9.14. Tourism,"10.3. Communication skills, 10.5. Problem solving skills, 10.7. Stress resistance","11.1. JSC ""Entrepreneurship Development Fund ""Damu"", 11.2.JSC National Management Holding Baiterek, 11.3. JSC ""Qazaqstan Investment Corporation""",8,8,8,8,8,8,8,8,8,3,"14.2. Opportunities for innovation, 14.6. Trips",4,4,4,4,4,4,4,4,4,4,16.7. Development of universal mobile applications for travel planning and booking services
27.08.2024 14:28:56,,1.1. Male,2.1. 18 - 22 years old,3.9. Karaganda region,4.2. Not married,5.1. Student,6.2. 150 000 tg – 300 000 tg,7.1. Civil service,6,10,5,2,9,10,7,10,9.7. Catering,"10.1. Analytics, 10.3. Communication skills, 10.6. Planning, 10.7. Stress resistance, 10.10. Financial literacy","11.4. State program ""Business Roadmap - 2025"", 11.5.National Chamber of Entrepreneurs ""Atameken"", 11.6.Grants for startups, 11.9.Online Resources and Platforms for Entrepreneurs, 11.10.Private Business Incubators and Accelerators",10,4,10,5,10,5,10,7,10,4,"14.2. Opportunities for innovation, 14.4. International Bisuness, 14.5. Independence and flexibility in work",9,7,10,10,7,5,5,6,7,4,"16.1. Development of holographic guides that can accompany tourists to historical sites and attractions, 16.3.Creating smart tours using biosensors that analyze tourists' emotions and states to offer personalized routes, 16.4. Development of neural interfaces that allow tourists to interact with tourism applications and services using thoughts"
27.08.2024 14:36:41,,1.2. Female,2.3. 26 - 30 years old,3.9. Karaganda region,4.2. Not married,5.3. Working specialist,6.2. 150 000 tg – 300 000 tg,7.2. Employment with guaranteed income.,10,9,10,9,10,10,10,10,9.7. Catering,"10.4. Leadership, 10.6. Planning, 10.8. Creative thinking, 10.9. Project management","11.1. JSC ""Entrepreneurship Development Fund ""Damu"", 11.8. Educational courses and seminars on entrepreneurship",10,9,10,9,9,7,7,6,9,4,"14.4. International Bisuness, 14.6. Trips",10,3,7,5,6,7,3,3,1,3,"16.2. Implementation of artificial intelligence technologies to create digital twins of tourist sites that can be explored online or via VR, 16.3.Creating smart tours using biosensors that analyze tourists' emotions and states to offer personalized routes, 16.7. Development of universal mobile applications for travel planning and booking services"
27.08.2024 14:38:27,,1.1. Male,2.3. 26 - 30 years old,3.9. Karaganda region,4.2. Not married,5.3. Working specialist,6.2. 150 000 tg – 300 000 tg,7.2. Employment with guaranteed income.,10,9,10,8,10,10,10,10,9.14. Tourism,"10.3. Communication skills, 10.6. Planning","11.1. JSC ""Entrepreneurship Development Fund ""Damu"", 11.5.National Chamber of Entrepreneurs ""Atameken""",10,10,10,9,10,10,10,10,10,4,"14.1. Quick start without initial investment, 14.2. Opportunities for innovation, 14.3. Possibility of creating a family business, 14.4. International Bisuness, 14.5. Independence and flexibility in work, 14.6. Trips, 14.7. Financial support for start-up entrepreneurs",10,10,10,10,9,9,10,10,10,10,"16.1. Development of holographic guides that can accompany tourists to historical sites and attractions, 16.2. Implementation of artificial intelligence technologies to create digital twins of tourist sites that can be explored online or via VR, 16.3.Creating smart tours using biosensors that analyze tourists' emotions and states to offer personalized routes, 16.4. Development of neural interfaces that allow tourists to interact with tourism applications and services using thoughts, 16.5.Implementation of 4D technologies, creating multidimensional tours that immerse you in the atmosphere of a place not only visually, but also tactilely and through smells, 16.6. Creating ""digital avatars"" of tourists that can represent them in an online environment and interact with other tourists and locals, 16.7. Development of universal mobile applications for travel planning and booking services"
27.08.2024 15:09:56,,1.2. Female,2.1. 18 - 22 years old,3.9. Karaganda region,4.2. Not married,5.1. Student,6.2. 150 000 tg – 300 000 tg,7.2. Employment with guaranteed income.,8,5,5,8,8,8,8,8,9.5. Logistics,"10.1. Analytics, 10.2. Willingness to take risks, 10.3. Communication skills, 10.4. Leadership, 10.5. Problem solving skills, 10.7. Stress resistance, 10.9. Project management","11.1. JSC ""Entrepreneurship Development Fund ""Damu"", 11.4. State program ""Business Roadmap - 2025"", 11.6.Grants for startups",8,5,8,5,8,8,5,1,8,1,"14.1. Quick start without initial investment, 14.3. Possibility of creating a family business, 14.5. Independence and flexibility in work, 14.6. Trips",10,10,10,5,10,10,5,10,5,10,"16.1. Development of holographic guides that can accompany tourists to historical sites and attractions, 16.3.Creating smart tours using biosensors that analyze tourists' emotions and states to offer personalized routes, 16.5.Implementation of 4D technologies, creating multidimensional tours that immerse you in the atmosphere of a place not only visually, but also tactilely and through smells, 16.7. Development of universal mobile applications for travel planning and booking services"
27.08.2024 15:10:19,,1.1. Male,2.1. 18 - 22 years old,3.9. Karaganda region,4.2. Not married,5.1. Student,6.5. No income,7.2. Employment with guaranteed income.,10,10,9,2,7,2,1,7,9.9. Entertainment and leisure,10.1. Analytics,11.11. No knowledge of such resources,9,3,2,2,3,9,8,8,7,2,"14.4. International Bisuness, 14.6. Trips",10,10,10,8,7,8,7,6,7,6,"16.1. Development of holographic guides that can accompany tourists to historical sites and attractions, 16.7. Development of universal mobile applications for travel planning and booking services"
27.08.2024 15:15:22,,1.1. Male,2.1. 18 - 22 years old,3.9. Karaganda region,4.2. Not married,5.3. Working specialist,6.3. 300 000 tg – 500 000 tg,7.2. Employment with guaranteed income.,10,5,10,10,10,10,10,10,9.5. Logistics,"10.2. Willingness to take risks, 10.3. Communication skills, 10.4. Leadership, 10.6. Planning, 10.7. Stress resistance, 10.8. Creative thinking, 10.9. Project management, 10.10. Financial literacy","11.1. JSC ""Entrepreneurship Development Fund ""Damu"", 11.5.National Chamber of Entrepreneurs ""Atameken"", 11.6.Grants for startups, 11.8. Educational courses and seminars on entrepreneurship, 11.9.Online Resources and Platforms for Entrepreneurs",10,10,10,10,10,10,10,10,10,3,"14.1. Quick start without initial investment, 14.2. Opportunities for innovation, 14.3. Possibility of creating a family business, 14.4. International Bisuness, 14.5. Independence and flexibility in work, 14.6. Trips, 14.7. Financial support for start-up entrepreneurs",10,10,10,10,10,10,10,10,10,10,"16.1. Development of holographic guides that can accompany tourists to historical sites and attractions, 16.2. Implementation of artificial intelligence technologies to create digital twins of tourist sites that can be explored online or via VR, 16.3.Creating smart tours using biosensors that analyze tourists' emotions and states to offer personalized routes, 16.4. Development of neural interfaces that allow tourists to interact with tourism applications and services using thoughts, 16.5.Implementation of 4D technologies, creating multidimensional tours that immerse you in the atmosphere of a place not only visually, but also tactilely and through smells, 16.6. Creating ""digital avatars"" of tourists that can represent them in an online environment and interact with other tourists and locals, 16.7. Development of universal mobile applications for travel planning and booking services"
27.08.2024 15:18:11,,1.2. Female,2.2. 23 - 25 years old,3.7. Zhambyl region,4.2. Not married,5.4. Entrepreneur,6.4. More than 500 000 tg,7.1. Civil service,10,10,10,10,10,10,10,10,9.9. Entertainment and leisure,"10.1. Analytics, 10.2. Willingness to take risks, 10.3. Communication skills, 10.4. Leadership, 10.5. Problem solving skills, 10.6. Planning, 10.7. Stress resistance, 10.8. Creative thinking, 10.9. Project management, 10.10. Financial literacy","11.1. JSC ""Entrepreneurship Development Fund ""Damu"", 11.2.JSC National Management Holding Baiterek, 11.3. JSC ""Qazaqstan Investment Corporation"", 11.4. State program ""Business Roadmap - 2025"", 11.6.Grants for startups, 11.10.Private Business Incubators and Accelerators",10,10,10,10,10,10,10,10,10,5,"14.1. Quick start without initial investment, 14.2. Opportunities for innovation, 14.3. Possibility of creating a family business, 14.4. International Bisuness, 14.5. Independence and flexibility in work, 14.6. Trips, 14.7. Financial support for start-up entrepreneurs",8,8,8,8,8,8,8,8,8,8,"16.1. Development of holographic guides that can accompany tourists to historical sites and attractions, 16.2. Implementation of artificial intelligence technologies to create digital twins of tourist sites that can be explored online or via VR, 16.3.Creating smart tours using biosensors that analyze tourists' emotions and states to offer personalized routes, 16.4. Development of neural interfaces that allow tourists to interact with tourism applications and services using thoughts, 16.5.Implementation of 4D technologies, creating multidimensional tours that immerse you in the atmosphere of a place not only visually, but also tactilely and through smells, 16.6. Creating ""digital avatars"" of tourists that can represent them in an online environment and interact with other tourists and locals, 16.7. Development of universal mobile applications for travel planning and booking services"
27.08.2024 15:19:10,,1.1. Male,2.1. 18 - 22 years old,3.9. Karaganda region,4.2. Not married,5.1. Student,6.5. No income,7.2. Employment with guaranteed income.,1,1,1,1,1,1,1,1,9.5. Logistics,"10.1. Analytics, 10.2. Willingness to take risks, 10.3. Communication skills, 10.8. Creative thinking","11.1. JSC ""Entrepreneurship Development Fund ""Damu""",1,1,2,1,2,3,2,1,2,4,"14.1. Quick start without initial investment, 14.2. Opportunities for innovation, 14.3. Possibility of creating a family business, 14.7. Financial support for start-up entrepreneurs",1,6,3,1,6,3,3,3,4,3,"16.1. Development of holographic guides that can accompany tourists to historical sites and attractions, 16.3.Creating smart tours using biosensors that analyze tourists' emotions and states to offer personalized routes, 16.6. Creating ""digital avatars"" of tourists that can represent them in an online environment and interact with other tourists and locals"
27.08.2024 15:20:07,,1.2. Female,2.1. 18 - 22 years old,3.9. Karaganda region,4.2. Not married,5.1. Student,6.1. 85 000 tg - 150 000 tg,7.3. Entrepreneurship,10,10,10,10,10,10,10,10,9.6. Education,"10.1. Analytics, 10.3. Communication skills, 10.5. Problem solving skills, 10.7. Stress resistance, 10.9. Project management","11.1. JSC ""Entrepreneurship Development Fund ""Damu""",10,10,10,10,10,10,10,10,10,2,"14.1. Quick start without initial investment, 14.4. International Bisuness, 14.5. Independence and flexibility in work, 14.7. Financial support for start-up entrepreneurs",10,10,10,10,10,10,10,10,10,10,"16.1. Development of holographic guides that can accompany tourists to historical sites and attractions, 16.2. Implementation of artificial intelligence technologies to create digital twins of tourist sites that can be explored online or via VR, 16.4. Development of neural interfaces that allow tourists to interact with tourism applications and services using thoughts, 16.6. Creating ""digital avatars"" of tourists that can represent them in an online environment and interact with other tourists and locals, 16.7. Development of universal mobile applications for travel planning and booking services"
27.08.2024 15:21:04,,1.1. Male,2.4. 31 - 35 years old,3.7. Zhambyl region,4.1. Married,5.4. Entrepreneur,6.3. 300 000 tg – 500 000 tg,7.3. Entrepreneurship,7,5,5,7,5,7,5,7,9.10. Agriculture,10.8. Creative thinking,"11.4. State program ""Business Roadmap - 2025""",6,3,5,4,8,2,5,1,7,5,14.5. Independence and flexibility in work,7,3,7,4,4,2,7,1,6,6,"16.1. Development of holographic guides that can accompany tourists to historical sites and attractions, 16.6. Creating ""digital avatars"" of tourists that can represent them in an online environment and interact with other tourists and locals"
27.08.2024 15:27:47,,1.1. Male,2.1. 18 - 22 years old,3.9. Karaganda region,4.2. Not married,5.4. Entrepreneur,6.4. More than 500 000 tg,7.3. Entrepreneurship,7,7,10,7,7,10,10,9,9.12. Trade,10.10. Financial literacy,11.9.Online Resources and Platforms for Entrepreneurs,10,8,10,7,10,7,9,6,9,1,14.7. Financial support for start-up entrepreneurs,5,5,5,6,6,6,7,7,7,7,16.1. Development of holographic guides that can accompany tourists to historical sites and attractions
27.08.2024 15:30:04,,1.2. Female,2.1. 18 - 22 years old,3.9. Karaganda region,4.2. Not married,5.1. Student,6.5. No income,7.3. Entrepreneurship,10,10,10,10,10,10,10,10,9.9. Entertainment and leisure,"10.1. Analytics, 10.3. Communication skills, 10.4. Leadership, 10.6. Planning, 10.8. Creative thinking, 10.9. Project management, 10.10. Financial literacy","11.1. JSC ""Entrepreneurship Development Fund ""Damu"", 11.3. JSC ""Qazaqstan Investment Corporation"", 11.4. State program ""Business Roadmap - 2025"", 11.5.National Chamber of Entrepreneurs ""Atameken"", 11.6.Grants for startups, 11.8. Educational courses and seminars on entrepreneurship",3,10,10,10,10,10,10,10,10,1,14.6. Trips,10,10,10,10,10,10,10,10,10,10,16.2. Implementation of artificial intelligence technologies to create digital twins of tourist sites that can be explored online or via VR
27.08.2024 15:30:37,,1.1. Male,2.1. 18 - 22 years old,3.9. Karaganda region,4.2. Not married,5.1. Student,6.2. 150 000 tg – 300 000 tg,7.3. Entrepreneurship,5,7,5,8,6,5,8,5,9.5. Logistics,"10.6. Planning, 10.7. Stress resistance, 10.10. Financial literacy","11.1. JSC ""Entrepreneurship Development Fund ""Damu""",6,8,8,7,6,6,6,9,9,3,"14.1. Quick start without initial investment, 14.2. Opportunities for innovation",5,5,6,7,5,7,7,6,6,7,"16.1. Development of holographic guides that can accompany tourists to historical sites and attractions, 16.3.Creating smart tours using biosensors that analyze tourists' emotions and states to offer personalized routes, 16.7. Development of universal mobile applications for travel planning and booking services"
27.08.2024 15:35:30,,1.1. Male,2.1. 18 - 22 years old,3.9. Karaganda region,4.2. Not married,5.1. Student,6.1. 85 000 tg - 150 000 tg,7.2. Employment with guaranteed income.,10,10,10,10,10,10,8,10,9.4. Art,"10.3. Communication skills, 10.5. Problem solving skills, 10.6. Planning, 10.7. Stress resistance, 10.8. Creative thinking","11.2.JSC National Management Holding Baiterek, 11.3. JSC ""Qazaqstan Investment Corporation"", 11.5.National Chamber of Entrepreneurs ""Atameken"", 11.6.Grants for startups, 11.7. Consulting and mentoring from experienced entrepreneurs, 11.8. Educational courses and seminars on entrepreneurship, 11.9.Online Resources and Platforms for Entrepreneurs, 11.10.Private Business Incubators and Accelerators",10,10,10,8,10,7,9,9,10,1,"14.1. Quick start without initial investment, 14.2. Opportunities for innovation, 14.3. Possibility of creating a family business, 14.4. International Bisuness, 14.5. Independence and flexibility in work, 14.6. Trips, 14.7. Financial support for start-up entrepreneurs",8,10,10,10,10,8,8,8,10,9,"16.1. Development of holographic guides that can accompany tourists to historical sites and attractions, 16.2. Implementation of artificial intelligence technologies to create digital twins of tourist sites that can be explored online or via VR, 16.3.Creating smart tours using biosensors that analyze tourists' emotions and states to offer personalized routes, 16.4. Development of neural interfaces that allow tourists to interact with tourism applications and services using thoughts, 16.5.Implementation of 4D technologies, creating multidimensional tours that immerse you in the atmosphere of a place not only visually, but also tactilely and through smells, 16.7. Development of universal mobile applications for travel planning and booking services"
27.08.2024 15:40:03,,1.1. Male,2.4. 31 - 35 years old,3.18. Astana city,4.1. Married,5.2. Civil servant,6.3. 300 000 tg – 500 000 tg,7.1. Civil service,10,10,10,10,10,10,10,10,9.7. Catering,10.5. Problem solving skills,"11.1. JSC ""Entrepreneurship Development Fund ""Damu""",10,10,10,10,10,10,10,10,10,3,"14.1. Quick start without initial investment, 14.3. Possibility of creating a family business, 14.4. International Bisuness, 14.6. Trips, 14.7. Financial support for start-up entrepreneurs",10,10,10,7,7,10,10,10,10,10,"16.1. Development of holographic guides that can accompany tourists to historical sites and attractions, 16.2. Implementation of artificial intelligence technologies to create digital twins of tourist sites that can be explored online or via VR, 16.3.Creating smart tours using biosensors that analyze tourists' emotions and states to offer personalized routes, 16.7. Development of universal mobile applications for travel planning and booking services"
27.08.2024 18:54:11,,1.2. Female,2.1. 18 - 22 years old,3.9. Karaganda region,4.2. Not married,"Учусь,работаю ",6.2. 150 000 tg – 300 000 tg,7.3. Entrepreneurship,10,10,10,8,10,10,10,10,9.12. Trade,"10.1. Analytics, 10.2. Willingness to take risks, 10.4. Leadership, 10.5. Problem solving skills, 10.9. Project management",11.11. No knowledge of such resources,10,10,10,10,10,10,10,10,10,1,"14.1. Quick start without initial investment, 14.2. Opportunities for innovation, 14.3. Possibility of creating a family business, 14.5. Independence and flexibility in work, 14.7. Financial support for start-up entrepreneurs",3,10,10,10,10,10,8,10,10,10,"16.1. Development of holographic guides that can accompany tourists to historical sites and attractions, 16.3.Creating smart tours using biosensors that analyze tourists' emotions and states to offer personalized routes, "
27.08.2024 18:54:38,,1.2. Female,2.1. 18 - 22 years old,3.9. Karaganda region,4.2. Not married,5.1. Student,6.5. No income,7.3. Entrepreneurship,10,10,10,10,10,10,10,10,9.14. Tourism,"10.1. Analytics, 10.2. Willingness to take risks, 10.3. Communication skills, 10.4. Leadership, 10.5. Problem solving skills, 10.6. Planning, 10.7. Stress resistance, 10.8. Creative thinking, 10.9. Project management, 10.10. Financial literacy","11.1. JSC ""Entrepreneurship Development Fund ""Damu"", 11.2.JSC National Management Holding Baiterek, 11.3. JSC ""Qazaqstan Investment Corporation"", 11.4. State program ""Business Roadmap - 2025"", 11.5.National Chamber of Entrepreneurs ""Atameken"", 11.6.Grants for startups, 11.7. Consulting and mentoring from experienced entrepreneurs, 11.8. Educational courses and seminars on entrepreneurship, 11.9.Online Resources and Platforms for Entrepreneurs, 11.10.Private Business Incubators and Accelerators, 11.11. No knowledge of such resources",10,10,10,10,10,10,10,10,10,5,"14.1. Quick start without initial investment, 14.2. Opportunities for innovation, 14.3. Possibility of creating a family business, 14.4. International Bisuness, 14.5. Independence and flexibility in work, 14.6. Trips, 14.7. Financial support for start-up entrepreneurs",3,3,3,3,3,3,3,3,3,3,"16.1. Development of holographic guides that can accompany tourists to historical sites and attractions, 16.2. Implementation of artificial intelligence technologies to create digital twins of tourist sites that can be explored online or via VR, 16.3.Creating smart tours using biosensors that analyze tourists' emotions and states to offer personalized routes, 16.4. Development of neural interfaces that allow tourists to interact with tourism applications and services using thoughts, 16.5.Implementation of 4D technologies, creating multidimensional tours that immerse you in the atmosphere of a place not only visually, but also tactilely and through smells, 16.6. Creating ""digital avatars"" of tourists that can represent them in an online environment and interact with other tourists and locals, 16.7. Development of universal mobile applications for travel planning and booking services"
27.08.2024 18:56:05,,1.2. Female,2.1. 18 - 22 years old,3.9. Karaganda region,4.2. Not married,5.1. Student,6.5. No income,7.3. Entrepreneurship,10,10,8,10,8,10,10,10,9.14. Tourism,"10.2. Willingness to take risks, 10.3. Communication skills, 10.7. Stress resistance",11.6.Grants for startups,10,10,10,7,9,9,9,9,10,5,"14.1. Quick start without initial investment, 14.4. International Bisuness, 14.5. Independence and flexibility in work, 14.6. Trips, 14.7. Financial support for start-up entrepreneurs",8,10,10,10,10,10,10,10,8,9,"16.2. Implementation of artificial intelligence technologies to create digital twins of tourist sites that can be explored online or via VR, 16.7. Development of universal mobile applications for travel planning and booking services"
27.08.2024 18:56:56,,1.2. Female,2.1. 18 - 22 years old,3.9. Karaganda region,4.2. Not married,5.1. Student,6.5. No income,7.2. Employment with guaranteed income.,8,8,5,5,9,9,10,10,9.14. Tourism,"10.3. Communication skills, 10.5. Problem solving skills, 10.7. Stress resistance, 10.10. Financial literacy","11.4. State program ""Business Roadmap - 2025"", 11.6.Grants for startups",8,8,9,6,10,5,5,7,10,5,"14.4. International Bisuness, 14.6. Trips",3,2,6,5,5,7,7,5,4,3,"16.3.Creating smart tours using biosensors that analyze tourists' emotions and states to offer personalized routes, 16.5.Implementation of 4D technologies, creating multidimensional tours that immerse you in the atmosphere of a place not only visually, but also tactilely and through smells"
27.08.2024 18:58:44,,1.2. Female,2.1. 18 - 22 years old,3.9. Karaganda region,4.2. Not married,5.1. Student,6.5. No income,7.2. Employment with guaranteed income.,8,10,2,4,10,10,7,10,9.6. Education,"10.1. Analytics, 10.2. Willingness to take risks, 10.8. Creative thinking, 10.9. Project management, 10.10. Financial literacy","11.1. JSC ""Entrepreneurship Development Fund ""Damu"", 11.4. State program ""Business Roadmap - 2025"", 11.6.Grants for startups, 11.7. Consulting and mentoring from experienced entrepreneurs, 11.8. Educational courses and seminars on entrepreneurship, 11.10.Private Business Incubators and Accelerators",10,10,10,6,10,5,10,10,10,5,14.2. Opportunities for innovation,3,7,8,10,6,6,10,8,10,6,"16.1. Development of holographic guides that can accompany tourists to historical sites and attractions, 16.2. Implementation of artificial intelligence technologies to create digital twins of tourist sites that can be explored online or via VR, 16.3.Creating smart tours using biosensors that analyze tourists' emotions and states to offer personalized routes, 16.4. Development of neural interfaces that allow tourists to interact with tourism applications and services using thoughts, 16.5.Implementation of 4D technologies, creating multidimensional tours that immerse you in the atmosphere of a place not only visually, but also tactilely and through smells, 16.6. Creating ""digital avatars"" of tourists that can represent them in an online environment and interact with other tourists and locals, 16.7. Development of universal mobile applications for travel planning and booking services"
27.08.2024 19:03:20,,1.2. Female,2.1. 18 - 22 years old,3.9. Karaganda region,4.2. Not married,5.1. Student,6.5. No income,7.3. Entrepreneurship,5,10,8,1,10,10,1,10,Hotel Bisuness и Catering.,"10.5. Problem solving skills, 10.6. Planning, 10.8. Creative thinking, 10.10. Financial literacy","11.6.Grants for startups, 11.8. Educational courses and seminars on entrepreneurship",5,10,10,8,10,9,8,6,7,1,Nothing.,5,7,7,10,10,10,10,8,8,8,"16.1. Development of holographic guides that can accompany tourists to historical sites and attractions, 16.3.Creating smart tours using biosensors that analyze tourists' emotions and states to offer personalized routes, 16.7. Development of universal mobile applications for travel planning and booking services"
27.08.2024 19:09:40,,1.1. Male,2.1. 18 - 22 years old,3.9. Karaganda region,4.2. Not married,5.1. Student,6.2. 150 000 tg – 300 000 tg,7.2. Employment with guaranteed income.,10,10,10,10,10,10,10,10,9.1. Hotel sector,"10.2. Willingness to take risks, 10.3. Communication skills, 10.4. Leadership, 10.5. Problem solving skills, 10.7. Stress resistance, 10.8. Creative thinking",11.11. No knowledge of such resources,10,10,10,10,10,10,10,10,10,5,"14.2. Opportunities for innovation, 14.3. Possibility of creating a family business, 14.5. Independence and flexibility in work",10,10,10,10,10,10,10,10,9,10,"16.1. Development of holographic guides that can accompany tourists to historical sites and attractions, 16.2. Implementation of artificial intelligence technologies to create digital twins of tourist sites that can be explored online or via VR, 16.3.Creating smart tours using biosensors that analyze tourists' emotions and states to offer personalized routes"
27.08.2024 19:10:55,,1.2. Female,2.1. 18 - 22 years old,3.9. Karaganda region,4.2. Not married,5.1. Student,6.5. No income,7.2. Employment with guaranteed income.,8,8,8,8,8,8,8,8,9.1. Hotel sector,"10.1. Analytics, 10.5. Problem solving skills, 10.6. Planning, 10.7. Stress resistance",11.11. No knowledge of such resources,9,9,9,9,9,9,9,9,9,4,"14.1. Quick start without initial investment, 14.3. Possibility of creating a family business, 14.5. Independence and flexibility in work",9,9,9,9,9,9,9,9,9,9,"16.1. Development of holographic guides that can accompany tourists to historical sites and attractions, 16.7. Development of universal mobile applications for travel planning and booking services"
27.08.2024 19:22:45,,1.1. Male,2.1. 18 - 22 years old,3.9. Karaganda region,4.2. Not married,5.1. Student,6.2. 150 000 tg – 300 000 tg,7.2. Employment with guaranteed income.,10,5,7,4,10,5,4,4,9.7. Catering,"10.3. Communication skills, 10.5. Problem solving skills, 10.6. Planning, 10.7. Stress resistance, 10.8. Creative thinking, 10.9. Project management, 10.10. Financial literacy",11.11. No knowledge of such resources,10,7,10,10,10,9,10,10,10,1,14.6. Trips,5,10,10,10,10,10,5,6,7,10,16.2. Implementation of artificial intelligence technologies to create digital twins of tourist sites that can be explored online or via VR
27.08.2024 19:27:10,,1.1. Male,2.1. 18 - 22 years old,3.9. Karaganda region,4.2. Not married,5.1. Student,6.1. 85 000 tg - 150 000 tg,7.3. Entrepreneurship,3,3,2,1,3,3,2,3,9.12. Trade,"10.1. Analytics, 10.2. Willingness to take risks, 10.3. Communication skills, 10.4. Leadership, 10.5. Problem solving skills, 10.6. Planning, 10.7. Stress resistance, 10.8. Creative thinking, 10.9. Project management, 10.10. Financial literacy",11.6.Grants for startups,6,10,10,5,10,10,7,6,10,1,"14.1. Quick start without initial investment, 14.2. Opportunities for innovation, 14.3. Possibility of creating a family business, 14.4. International Bisuness, 14.5. Independence and flexibility in work, 14.6. Trips, 14.7. Financial support for start-up entrepreneurs",10,10,10,3,3,3,4,4,4,2,"16.3.Creating smart tours using biosensors that analyze tourists' emotions and states to offer personalized routes, 16.6. Creating ""digital avatars"" of tourists that can represent them in an online environment and interact with other tourists and locals, 16.7. Development of universal mobile applications for travel planning and booking services"
27.08.2024 19:36:11,,1.2. Female,2.1. 18 - 22 years old,3.9. Karaganda region,4.2. Not married,5.1. Student,6.5. No income,7.1. Civil service,10,10,10,10,10,10,10,10,9.9. Entertainment and leisure,"10.3. Communication skills, 10.4. Leadership, 10.9. Project management, 10.10. Financial literacy","11.1. JSC ""Entrepreneurship Development Fund ""Damu"", 11.4. State program ""Business Roadmap - 2025""",10,10,10,10,10,10,10,10,10,5,"14.1. Quick start without initial investment, 14.2. Opportunities for innovation, 14.6. Trips, 14.7. Financial support for start-up entrepreneurs",5,8,6,9,7,6,6,6,6,6,"16.2. Implementation of artificial intelligence technologies to create digital twins of tourist sites that can be explored online or via VR, 16.4. Development of neural interfaces that allow tourists to interact with tourism applications and services using thoughts"
27.08.2024 19:36:14,,1.2. Female,2.1. 18 - 22 years old,3.9. Karaganda region,4.2. Not married,5.1. Student,6.5. No income,7.3. Entrepreneurship,10,10,10,8,6,10,1,9,9.14. Tourism,"10.2. Willingness to take risks, 10.3. Communication skills, 10.7. Stress resistance, 10.10. Financial literacy",11.11. No knowledge of such resources,10,9,10,9,10,9,8,9,10,4,"14.2. Opportunities for innovation, 14.5. Independence and flexibility in work, 14.6. Trips",2,3,4,3,3,3,3,2,3,3,"16.3.Creating smart tours using biosensors that analyze tourists' emotions and states to offer personalized routes, 16.6. Creating ""digital avatars"" of tourists that can represent them in an online environment and interact with other tourists and locals"
27.08.2024 19:37:37,,1.2. Female,2.1. 18 - 22 years old,3.1. Abay region,4.2. Not married,5.1. Student,6.5. No income,7.3. Entrepreneurship,4,2,2,3,10,3,2,2,9.14. Tourism,"10.5. Problem solving skills, 10.8. Creative thinking",11.11. No knowledge of such resources,9,3,8,9,8,10,3,8,10,4,"14.1. Quick start without initial investment, 14.6. Trips",3,4,5,3,3,5,2,2,3,9,"16.1. Development of holographic guides that can accompany tourists to historical sites and attractions, 16.5.Implementation of 4D technologies, creating multidimensional tours that immerse you in the atmosphere of a place not only visually, but also tactilely and through smells"
27.08.2024 19:42:26,,1.2. Female,2.1. 18 - 22 years old,3.9. Karaganda region,4.2. Not married,5.1. Student,6.2. 150 000 tg – 300 000 tg,7.3. Entrepreneurship,3,3,1,3,3,3,3,3,9.15.Financial and credit sector,10.6. Planning,"11.5.National Chamber of Entrepreneurs ""Atameken""",3,3,2,3,2,3,3,3,3,5,14.7. Financial support for start-up entrepreneurs,3,3,3,3,3,3,3,3,3,3,16.4. Development of neural interfaces that allow tourists to interact with tourism applications and services using thoughts
27.08.2024 19:44:45,,1.2. Female,2.1. 18 - 22 years old,3.9. Karaganda region,4.2. Not married,5.1. Student,6.5. No income,7.3. Entrepreneurship,9,8,5,7,7,6,7,9,9.4. Art,"10.3. Communication skills, 10.8. Creative thinking",11.11. No knowledge of such resources,9,8,8,8,8,8,8,8,8,3,"14.4. International Bisuness, 14.6. Trips, 14.7. Financial support for start-up entrepreneurs",5,9,9,5,8,8,10,9,7,8,"16.1. Development of holographic guides that can accompany tourists to historical sites and attractions, 16.2. Implementation of artificial intelligence technologies to create digital twins of tourist sites that can be explored online or via VR, 16.4. Development of neural interfaces that allow tourists to interact with tourism applications and services using thoughts"
27.08.2024 20:27:01,,1.2. Female,2.1. 18 - 22 years old,3.9. Karaganda region,4.1. Married,5.1. Student,6.5. No income,7.2. Employment with guaranteed income.,10,4,5,10,7,10,10,10,Beauty salon ,"10.3. Communication skills, 10.5. Problem solving skills, 10.6. Planning, 10.7. Stress resistance, 10.8. Creative thinking","11.1. JSC ""Entrepreneurship Development Fund ""Damu"", 11.6.Grants for startups, 11.7. Consulting and mentoring from experienced entrepreneurs",10,10,10,10,10,10,10,10,10,1,14.6. Trips,10,10,10,10,5,10,10,10,10,7,"16.3.Creating smart tours using biosensors that analyze tourists' emotions and states to offer personalized routes, 16.4. Development of neural interfaces that allow tourists to interact with tourism applications and services using thoughts, 16.7. Development of universal mobile applications for travel planning and booking services"
27.08.2024 20:40:03,,1.2. Female,2.1. 18 - 22 years old,3.9. Karaganda region,4.2. Not married,5.1. Student,6.1. 85 000 tg - 150 000 tg,7.2. Employment with guaranteed income.,8,10,2,8,10,10,10,9,9.12. Trade,"10.5. Problem solving skills, 10.7. Stress resistance","11.1. JSC ""Entrepreneurship Development Fund ""Damu"", 11.4. State program ""Business Roadmap - 2025"", 11.8. Educational courses and seminars on entrepreneurship, 11.9.Online Resources and Platforms for Entrepreneurs",10,9,8,9,10,6,6,9,10,4,"14.6. Trips, 14.7. Financial support for start-up entrepreneurs",2,2,2,3,4,2,4,4,4,4,"16.2. Implementation of artificial intelligence technologies to create digital twins of tourist sites that can be explored online or via VR, 16.3.Creating smart tours using biosensors that analyze tourists' emotions and states to offer personalized routes, 16.7. Development of universal mobile applications for travel planning and booking services"
27.08.2024 20:49:16,,1.2. Female,2.1. 18 - 22 years old,3.9. Karaganda region,4.1. Married,5.1. Student,6.5. No income,7.2. Employment with guaranteed income.,10,7,7,7,7,9,7,7,Beauty salon  ,"10.2. Willingness to take risks, 10.3. Communication skills, 10.5. Problem solving skills, 10.6. Planning, 10.7. Stress resistance, 10.8. Creative thinking","11.5.National Chamber of Entrepreneurs ""Atameken"", 11.6.Grants for startups, 11.8. Educational courses and seminars on entrepreneurship, 11.9.Online Resources and Platforms for Entrepreneurs",9,10,10,9,10,10,9,10,9,4,"14.1. Quick start without initial investment, 14.2. Opportunities for innovation, 14.3. Possibility of creating a family business, 14.4. International Bisuness, 14.5. Independence and flexibility in work, 14.6. Trips, 14.7. Financial support for start-up entrepreneurs",9,10,10,8,8,8,8,8,8,8,"16.1. Development of holographic guides that can accompany tourists to historical sites and attractions, 16.2. Implementation of artificial intelligence technologies to create digital twins of tourist sites that can be explored online or via VR, 16.3.Creating smart tours using biosensors that analyze tourists' emotions and states to offer personalized routes, 16.4. Development of neural interfaces that allow tourists to interact with tourism applications and services using thoughts, 16.7. Development of universal mobile applications for travel planning and booking services"
27.08.2024 20:59:49,,1.2. Female,2.4. 31 - 35 years old,3.16. Ulytau region,4.1. Married,5.5. Freelancer / self-employed,6.5. No income,7.3. Entrepreneurship,5,5,10,5,6,10,10,10,9.12. Trade,"10.1. Analytics, 10.2. Willingness to take risks, 10.3. Communication skills, 10.7. Stress resistance","11.5.National Chamber of Entrepreneurs ""Atameken""",10,10,10,5,5,10,5,5,10,4,"14.1. Quick start without initial investment, 14.2. Opportunities for innovation, 14.3. Possibility of creating a family business, 14.4. International Bisuness, 14.5. Independence and flexibility in work, 14.6. Trips, 14.7. Financial support for start-up entrepreneurs",4,5,5,5,5,5,5,5,5,5,"16.2. Implementation of artificial intelligence technologies to create digital twins of tourist sites that can be explored online or via VR, 16.4. Development of neural interfaces that allow tourists to interact with tourism applications and services using thoughts, 16.7. Development of universal mobile applications for travel planning and booking services"
27.08.2024 21:10:36,,1.2. Female,2.1. 18 - 22 years old,3.9. Karaganda region,4.2. Not married,5.1. Student,6.5. No income,7.3. Entrepreneurship,6,8,8,9,10,8,7,10,9.14. Tourism,"10.1. Analytics, 10.7. Stress resistance, 10.8. Creative thinking","11.2.JSC National Management Holding Baiterek, 11.6.Grants for startups",8,8,9,7,10,7,7,8,10,4,"14.4. International Bisuness, 14.5. Independence and flexibility in work, 14.6. Trips, 14.7. Financial support for start-up entrepreneurs",3,3,6,5,6,6,8,8,8,8,"16.1. Development of holographic guides that can accompany tourists to historical sites and attractions, 16.2. Implementation of artificial intelligence technologies to create digital twins of tourist sites that can be explored online or via VR, 16.7. Development of universal mobile applications for travel planning and booking services"
27.08.2024 21:12:03,,1.2. Female,2.1. 18 - 22 years old,3.9. Karaganda region,4.2. Not married,5.1. Student,6.5. No income,7.3. Entrepreneurship,7,7,5,8,6,6,8,9,9.14. Tourism,"10.3. Communication skills, 10.4. Leadership, 10.5. Problem solving skills, 10.8. Creative thinking",11.11. No knowledge of such resources,7,8,7,5,10,6,6,6,10,4,"14.4. International Bisuness, 14.7. Financial support for start-up entrepreneurs",6,6,10,7,5,7,4,4,3,4,"16.2. Implementation of artificial intelligence technologies to create digital twins of tourist sites that can be explored online or via VR, 16.4. Development of neural interfaces that allow tourists to interact with tourism applications and services using thoughts, 16.5.Implementation of 4D technologies, creating multidimensional tours that immerse you in the atmosphere of a place not only visually, but also tactilely and through smells"
27.08.2024 21:13:04,,1.2. Female,2.1. 18 - 22 years old,3.9. Karaganda region,4.2. Not married,5.1. Student,6.5. No income,7.3. Entrepreneurship,10,8,8,10,10,10,10,10,9.1. Hotel sector,"10.2. Willingness to take risks, 10.3. Communication skills, 10.5. Problem solving skills","11.5.National Chamber of Entrepreneurs ""Atameken"", 11.9.Online Resources and Platforms for Entrepreneurs",10,10,10,9,10,9,10,10,10,4,"14.5. Independence and flexibility in work, 14.6. Trips, 14.7. Financial support for start-up entrepreneurs",9,9,10,9,10,10,10,10,10,10,16.2. Implementation of artificial intelligence technologies to create digital twins of tourist sites that can be explored online or via VR
27.08.2024 21:13:10,,1.1. Male,2.1. 18 - 22 years old,3.9. Karaganda region,4.2. Not married,5.1. Student,6.5. No income,7.1. Civil service,9,9,8,9,9,9,9,10,9.6. Education,"10.1. Analytics, 10.3. Communication skills, 10.7. Stress resistance","11.1. JSC ""Entrepreneurship Development Fund ""Damu"", 11.2.JSC National Management Holding Baiterek, 11.3. JSC ""Qazaqstan Investment Corporation"", 11.5.National Chamber of Entrepreneurs ""Atameken""",9,9,9,9,9,7,8,9,10,3,14.3. Possibility of creating a family business,5,7,8,7,5,5,7,7,7,9,"16.1. Development of holographic guides that can accompany tourists to historical sites and attractions, 16.2. Implementation of artificial intelligence technologies to create digital twins of tourist sites that can be explored online or via VR, 16.7. Development of universal mobile applications for travel planning and booking services"
28.08.2024 2:25:08,,1.2. Female,2.1. 18 - 22 years old,3.9. Karaganda region,4.2. Not married,5.1. Student,6.5. No income,student ,9,10,5,8,10,10,8,10,9.2. Healthcare,"10.2. Willingness to take risks, 10.5. Problem solving skills, 10.6. Planning",11.9.Online Resources and Platforms for Entrepreneurs,5,9,10,10,10,9,9,10,10,4,"14.3. Possibility of creating a family business, 14.5. Independence and flexibility in work, 14.6. Trips",5,10,7,7,8,7,9,9,9,9,"16.5.Implementation of 4D technologies, creating multidimensional tours that immerse you in the atmosphere of a place not only visually, but also tactilely and through smells"
28.08.2024 8:02:25,,1.2. Female,2.1. 18 - 22 years old,3.9. Karaganda region,4.2. Not married,5.1. Student,6.5. No income,7.3. Entrepreneurship,6,8,1,9,6,10,8,10,9.6. Education,"10.3. Communication skills, 10.4. Leadership, 10.5. Problem solving skills, 10.6. Planning, 10.7. Stress resistance, 10.8. Creative thinking",11.8. Educational courses and seminars on entrepreneurship,10,10,10,10,10,2,3,6,6,1,14.5. Independence and flexibility in work,5,5,5,5,5,5,5,5,5,5,"16.1. Development of holographic guides that can accompany tourists to historical sites and attractions, 16.7. Development of universal mobile applications for travel planning and booking services"
28.08.2024 9:21:56,,1.2. Female,2.1. 18 - 22 years old,3.9. Karaganda region,4.1. Married,5.1. Student,6.5. No income,7.2. Employment with guaranteed income.,5,8,5,5,9,8,8,6,9.9. Entertainment and leisure,"10.5. Problem solving skills, 10.6. Planning, 10.8. Creative thinking",11.11. No knowledge of such resources,10,10,10,10,7,8,10,9,9,3,"14.3. Possibility of creating a family business, 14.5. Independence and flexibility in work",10,10,10,8,10,10,7,10,10,7,16.7. Development of universal mobile applications for travel planning and booking services
28.08.2024 13:53:14,,1.2. Female,2.1. 18 - 22 years old,3.9. Karaganda region,4.2. Not married,5.1. Student,6.1. 85 000 tg - 150 000 tg,7.2. Employment with guaranteed income.,10,10,10,10,10,10,10,10,9.5. Logistics,"10.1. Analytics, 10.2. Willingness to take risks, 10.3. Communication skills, 10.4. Leadership, 10.5. Problem solving skills, 10.6. Planning, 10.7. Stress resistance, 10.10. Financial literacy","11.1. JSC ""Entrepreneurship Development Fund ""Damu"", 11.4. State program ""Business Roadmap - 2025"", 11.5.National Chamber of Entrepreneurs ""Atameken""",10,10,10,10,10,8,7,7,10,3,"14.1. Quick start without initial investment, 14.3. Possibility of creating a family business, 14.6. Trips",10,10,10,7,7,8,8,8,8,8,"16.1. Development of holographic guides that can accompany tourists to historical sites and attractions, 16.2. Implementation of artificial intelligence technologies to create digital twins of tourist sites that can be explored online or via VR, 16.5.Implementation of 4D technologies, creating multidimensional tours that immerse you in the atmosphere of a place not only visually, but also tactilely and through smells"
28.08.2024 13:55:00,,1.1. Male,2.1. 18 - 22 years old,3.9. Karaganda region,4.2. Not married,5.1. Student,6.1. 85 000 tg - 150 000 tg,7.2. Employment with guaranteed income.,10,10,5,5,5,10,5,10,nothing ,"10.1. Analytics, 10.3. Communication skills, 10.5. Problem solving skills, 10.6. Planning, 10.7. Stress resistance, 10.8. Creative thinking, 10.9. Project management","11.3. JSC ""Qazaqstan Investment Corporation"", 11.5.National Chamber of Entrepreneurs ""Atameken"", 11.10.Private Business Incubators and Accelerators",10,10,10,5,10,5,5,5,10,2,14.1. Quick start without initial investment,10,10,1,1,1,1,1,1,1,1,16.1. Development of holographic guides that can accompany tourists to historical sites and attractions
28.08.2024 14:00:22,,1.2. Female,2.1. 18 - 22 years old,3.9. Karaganda region,4.1. Married,5.4. Entrepreneur,6.5. No income,7.3. Entrepreneurship,2,2,3,3,1,2,3,1,nothing,10.2. Willingness to take risks,11.6.Grants for startups,1,2,2,3,2,2,3,3,1,1,14.7. Financial support for start-up entrepreneurs,2,2,2,3,2,2,3,1,2,3,"16.1. Development of holographic guides that can accompany tourists to historical sites and attractions, 16.4. Development of neural interfaces that allow tourists to interact with tourism applications and services using thoughts, 16.5.Implementation of 4D technologies, creating multidimensional tours that immerse you in the atmosphere of a place not only visually, but also tactilely and through smells"
28.08.2024 16:04:20,,1.1. Male,2.2. 23 - 25 years old,3.9. Karaganda region,4.1. Married,5.1. Student,6.3. 300 000 tg – 500 000 tg,7.3. Entrepreneurship,4,4,4,4,4,4,4,4,9.13. Transport,10.3. Communication skills,"11.3. JSC ""Qazaqstan Investment Corporation""",3,3,3,3,3,3,3,3,3,1,14.6. Trips,3,3,3,3,3,3,3,3,3,3,16.1. Development of holographic guides that can accompany tourists to historical sites and attractions
28.08.2024 17:34:05,,1.1. Male,2.3. 26 - 30 years old,3.12. Mangistau region,4.2. Not married,5.2. Civil servant,6.3. 300 000 tg – 500 000 tg,7.1. Civil service,2,2,3,2,3,3,3,3,9.6. Education,"10.2. Willingness to take risks, 10.5. Problem solving skills, 10.8. Creative thinking","11.1. JSC ""Entrepreneurship Development Fund ""Damu"", 11.5.National Chamber of Entrepreneurs ""Atameken"", 11.6.Grants for startups, 11.8. Educational courses and seminars on entrepreneurship",2,1,2,2,1,2,1,2,2,4,"14.3. Possibility of creating a family business, 14.5. Independence and flexibility in work, 14.6. Trips",1,2,2,1,2,2,1,2,1,2,"16.2. Implementation of artificial intelligence technologies to create digital twins of tourist sites that can be explored online or via VR, 16.5.Implementation of 4D technologies, creating multidimensional tours that immerse you in the atmosphere of a place not only visually, but also tactilely and through smells"
28.08.2024 19:47:06,,1.2. Female,2.1. 18 - 22 years old,3.9. Karaganda region,4.2. Not married,5.1. Student,6.5. No income,7.3. Entrepreneurship,10,10,10,10,10,10,10,10,9.12. Trade,"10.1. Analytics, 10.2. Willingness to take risks, 10.3. Communication skills, 10.4. Leadership, 10.8. Creative thinking, 10.9. Project management, 10.10. Financial literacy",11.11. No knowledge of such resources,10,10,10,10,10,10,10,10,10,1,"14.1. Quick start without initial investment, 14.6. Trips",10,10,10,10,10,10,10,10,10,10,"16.1. Development of holographic guides that can accompany tourists to historical sites and attractions, 16.2. Implementation of artificial intelligence technologies to create digital twins of tourist sites that can be explored online or via VR, 16.4. Development of neural interfaces that allow tourists to interact with tourism applications and services using thoughts, 16.6. Creating ""digital avatars"" of tourists that can represent them in an online environment and interact with other tourists and locals"
29.08.2024 14:34:24,,1.2. Female,2.4. 31 - 35 years old,3.19. Almaty city,4.1. Married,5.5. Freelancer / self-employed,6.3. 300 000 tg – 500 000 tg,7.3. Entrepreneurship,10,10,10,10,10,10,10,10,9.14. Tourism,"10.2. Willingness to take risks, 10.3. Communication skills, 10.4. Leadership, 10.5. Problem solving skills, 10.6. Planning, 10.7. Stress resistance, 10.8. Creative thinking, 10.10. Financial literacy","11.6.Grants for startups, 11.8. Educational courses and seminars on entrepreneurship, 11.9.Online Resources and Platforms for Entrepreneurs, 11.10.Private Business Incubators and Accelerators",10,10,10,10,10,10,10,10,10,5,"14.3. Possibility of creating a family business, 14.4. International Bisuness, 14.5. Independence and flexibility in work, 14.6. Trips",10,10,10,10,10,10,10,10,10,10,"16.1. Development of holographic guides that can accompany tourists to historical sites and attractions, 16.2. Implementation of artificial intelligence technologies to create digital twins of tourist sites that can be explored online or via VR, 16.3.Creating smart tours using biosensors that analyze tourists' emotions and states to offer personalized routes, 16.4. Development of neural interfaces that allow tourists to interact with tourism applications and services using thoughts, 16.5.Implementation of 4D technologies, creating multidimensional tours that immerse you in the atmosphere of a place not only visually, but also tactilely and through smells, 16.6. Creating ""digital avatars"" of tourists that can represent them in an online environment and interact with other tourists and locals, 16.7. Development of universal mobile applications for travel planning and booking services"
29.08.2024 16:29:09,,1.1. Male,2.1. 18 - 22 years old,3.9. Karaganda region,4.2. Not married,5.1. Student,6.5. No income,7.3. Entrepreneurship,3,3,3,3,3,3,3,3,9.8. Industry,10.5. Problem solving skills,"11.4. State program ""Business Roadmap - 2025""",2,2,2,2,2,2,2,2,2,4,14.1. Quick start without initial investment,2,2,2,1,1,1,2,2,2,2,"16.1. Development of holographic guides that can accompany tourists to historical sites and attractions, 16.2. Implementation of artificial intelligence technologies to create digital twins of tourist sites that can be explored online or via VR, 16.6. Creating ""digital avatars"" of tourists that can represent them in an online environment and interact with other tourists and locals"
29.08.2024 16:48:39,,1.1. Male,2.1. 18 - 22 years old,3.9. Karaganda region,4.2. Not married,5.1. Student,6.2. 150 000 tg – 300 000 tg,7.3. Entrepreneurship,10,10,8,9,10,10,10,10,9.5. Logistics,"10.1. Analytics, 10.2. Willingness to take risks, 10.7. Stress resistance, 10.9. Project management, 10.10. Financial literacy","11.2.JSC National Management Holding Baiterek, 11.5.National Chamber of Entrepreneurs ""Atameken"", 11.9.Online Resources and Platforms for Entrepreneurs",10,10,10,10,10,10,10,10,10,5,"14.4. International Bisuness, 14.5. Independence and flexibility in work, 14.6. Trips, 14.7. Financial support for start-up entrepreneurs",10,10,10,10,10,10,10,10,10,10,"16.1. Development of holographic guides that can accompany tourists to historical sites and attractions, 16.3.Creating smart tours using biosensors that analyze tourists' emotions and states to offer personalized routes, 16.5.Implementation of 4D technologies, creating multidimensional tours that immerse you in the atmosphere of a place not only visually, but also tactilely and through smells, 16.7. Development of universal mobile applications for travel planning and booking services"
30.08.2024 13:19:18,,1.2. Female,2.3. 26 - 30 years old,3.18. Astana city,4.1. Married,5.3. Working specialist,6.4. More than 500 000 tg,7.3. Entrepreneurship,3,3,3,3,3,3,3,3,9.12. Trade,"10.2. Willingness to take risks, 10.3. Communication skills, 10.6. Planning, 10.8. Creative thinking, 10.9. Project management",11.6.Grants for startups,3,3,3,3,3,3,3,3,3,5,14.6. Trips,2,2,3,2,2,2,2,2,2,2,"16.3.Creating smart tours using biosensors that analyze tourists' emotions and states to offer personalized routes, 16.7. Development of universal mobile applications for travel planning and booking services"
30.08.2024 13:27:38,,1.2. Female,2.2. 23 - 25 years old,3.18. Astana city,4.2. Not married,5.3. Working specialist,6.2. 150 000 tg – 300 000 tg,Teacher ,2,2,3,2,2,2,3,3, Different areas that would be relevant,"10.2. Willingness to take risks, 10.3. Communication skills, 10.7. Stress resistance, 10.8. Creative thinking","11.1. JSC ""Entrepreneurship Development Fund ""Damu"", 11.5.National Chamber of Entrepreneurs ""Atameken""",10,10,10,10,10,9,9,9,9,3,"14.1. Quick start without initial investment, 14.2. Opportunities for innovation, 14.6. Trips",3,3,9,10,9,10,9,9,8,8,"16.1. Development of holographic guides that can accompany tourists to historical sites and attractions, 16.3.Creating smart tours using biosensors that analyze tourists' emotions and states to offer personalized routes, 16.4. Development of neural interfaces that allow tourists to interact with tourism applications and services using thoughts, 16.7. Development of universal mobile applications for travel planning and booking services"
30.08.2024 13:38:54,,1.2. Female,2.2. 23 - 25 years old,3.18. Astana city,4.2. Not married,5.3. Working specialist,6.3. 300 000 tg – 500 000 tg,7.2. Employment with guaranteed income.,3,3,3,3,3,3,3,3,9.7. Catering,"10.6. Planning, 10.7. Stress resistance, 10.8. Creative thinking",11.11. No knowledge of such resources,9,9,10,8,10,9,9,9,10,1,"14.4. International Bisuness, 14.6. Trips",10,9,10,7,10,10,10,6,7,10,16.7. Development of universal mobile applications for travel planning and booking services
30.08.2024 14:25:47,,1.2. Female,2.3. 26 - 30 years old,3.18. Astana city,4.2. Not married,5.3. Working specialist,6.3. 300 000 tg – 500 000 tg,7.1. Civil service,3,3,2,3,3,3,3,3,9.6. Education,"10.1. Analytics, 10.3. Communication skills, 10.5. Problem solving skills, 10.8. Creative thinking",11.11. No knowledge of such resources,3,3,3,3,3,1,2,2,3,4,"14.1. Quick start without initial investment, 14.4. International Bisuness, 14.6. Trips",2,4,4,4,3,5,4,5,5,4,"16.3.Creating smart tours using biosensors that analyze tourists' emotions and states to offer personalized routes, 16.5.Implementation of 4D technologies, creating multidimensional tours that immerse you in the atmosphere of a place not only visually, but also tactilely and through smells, 16.7. Development of universal mobile applications for travel planning and booking services"
30.08.2024 19:32:19,,1.2. Female,2.4. 31 - 35 years old,3.18. Astana city,4.1. Married,5.3. Working specialist,6.3. 300 000 tg – 500 000 tg,7.3. Entrepreneurship,8,9,9,8,8,10,10,10,9.12. Trade,"10.1. Analytics, 10.2. Willingness to take risks, 10.3. Communication skills, 10.5. Problem solving skills, 10.7. Stress resistance","11.1. JSC ""Entrepreneurship Development Fund ""Damu"", 11.4. State program ""Business Roadmap - 2025"", 11.5.National Chamber of Entrepreneurs ""Atameken"", 11.8. Educational courses and seminars on entrepreneurship",5,3,5,4,5,5,5,5,5,5,"14.5. Independence and flexibility in work, 14.6. Trips, 14.7. Financial support for start-up entrepreneurs",3,3,3,3,3,3,3,3,3,3,"16.2. Implementation of artificial intelligence technologies to create digital twins of tourist sites that can be explored online or via VR, 16.3.Creating smart tours using biosensors that analyze tourists' emotions and states to offer personalized routes, 16.7. Development of universal mobile applications for travel planning and booking services"
31.08.2024 19:29:37,,1.2. Female,2.3. 26 - 30 years old,3.2. Akmola region,4.1. Married,5.2. Civil servant,6.3. 300 000 tg – 500 000 tg,7.1. Civil service,10,10,10,10,10,10,10,10,9.12. Trade,"10.6. Planning, 10.8. Creative thinking",11.11. No knowledge of such resources,10,10,10,5,10,10,5,5,10,1,14.1. Quick start without initial investment,3,3,1,1,1,3,3,3,3,3,16.2. Implementation of artificial intelligence technologies to create digital twins of tourist sites that can be explored online or via VR
04.09.2024 10:05:37,,1.2. Female,2.4. 31 - 35 years old,3.5. Atyrau region,4.1. Married,5.3. Working specialist,6.2. 150 000 tg – 300 000 tg,7.3. Entrepreneurship,10,10,10,10,10,10,10,10,9.14. Tourism,"10.2. Willingness to take risks, 10.3. Communication skills, 10.5. Problem solving skills, 10.6. Planning, 10.7. Stress resistance, 10.8. Creative thinking","11.1. JSC ""Entrepreneurship Development Fund ""Damu"", 11.2.JSC National Management Holding Baiterek, 11.3. JSC ""Qazaqstan Investment Corporation"", 11.4. State program ""Business Roadmap - 2025"", 11.5.National Chamber of Entrepreneurs ""Atameken"", 11.6.Grants for startups",10,10,10,10,10,10,10,10,10,5,"14.1. Quick start without initial investment, 14.2. Opportunities for innovation, 14.3. Possibility of creating a family business, 14.4. International Bisuness, 14.5. Independence and flexibility in work, 14.6. Trips",10,10,10,10,10,10,1,1,1,1,"16.1. Development of holographic guides that can accompany tourists to historical sites and attractions, 16.2. Implementation of artificial intelligence technologies to create digital twins of tourist sites that can be explored online or via VR, 16.3.Creating smart tours using biosensors that analyze tourists' emotions and states to offer personalized routes, 16.4. Development of neural interfaces that allow tourists to interact with tourism applications and services using thoughts, 16.5.Implementation of 4D technologies, creating multidimensional tours that immerse you in the atmosphere of a place not only visually, but also tactilely and through smells, 16.7. Development of universal mobile applications for travel planning and booking services"
04.09.2024 10:08:32,,1.1. Male,2.4. 31 - 35 years old,3.18. Astana city,4.1. Married,5.3. Working specialist,6.2. 150 000 tg – 300 000 tg,7.2. Employment with guaranteed income.,10,10,1,1,10,1,10,9,9.14. Tourism,"10.1. Analytics, 10.6. Planning, 10.7. Stress resistance","11.1. JSC ""Entrepreneurship Development Fund ""Damu"", 11.8. Educational courses and seminars on entrepreneurship",1,1,1,1,1,1,1,1,1,3,14.1. Quick start without initial investment,1,1,1,1,1,1,1,1,1,1,16.7. Development of universal mobile applications for travel planning and booking services
04.09.2024 12:08:19,,1.2. Female,2.4. 31 - 35 years old,3.7. Zhambyl region,4.2. Not married,5.5. Freelancer / self-employed,6.2. 150 000 tg – 300 000 tg,7.2. Employment with guaranteed income.,10,10,10,10,10,10,10,10,9.14. Tourism,"10.1. Analytics, 10.2. Willingness to take risks, 10.3. Communication skills, 10.5. Problem solving skills, 10.6. Planning, 10.7. Stress resistance, 10.8. Creative thinking","11.1. JSC ""Entrepreneurship Development Fund ""Damu"", 11.2.JSC National Management Holding Baiterek, 11.3. JSC ""Qazaqstan Investment Corporation"", 11.4. State program ""Business Roadmap - 2025"", 11.5.National Chamber of Entrepreneurs ""Atameken"", 11.6.Grants for startups",10,10,10,10,10,10,10,10,10,5,"14.1. Quick start without initial investment, 14.2. Opportunities for innovation, 14.3. Possibility of creating a family business, 14.4. International Bisuness, 14.6. Trips",10,10,10,10,10,10,10,10,10,10,"16.1. Development of holographic guides that can accompany tourists to historical sites and attractions, 16.2. Implementation of artificial intelligence technologies to create digital twins of tourist sites that can be explored online or via VR, 16.3.Creating smart tours using biosensors that analyze tourists' emotions and states to offer personalized routes, 16.4. Development of neural interfaces that allow tourists to interact with tourism applications and services using thoughts, 16.5.Implementation of 4D technologies, creating multidimensional tours that immerse you in the atmosphere of a place not only visually, but also tactilely and through smells, 16.6. Creating ""digital avatars"" of tourists that can represent them in an online environment and interact with other tourists and locals, 16.7. Development of universal mobile applications for travel planning and booking services"
07.09.2024 13:16:57,,1.1. Male,2.1. 18 - 22 years old,3.16. Ulytau region,4.2. Not married,5.3. Working specialist,6.3. 300 000 tg – 500 000 tg,7.2. Employment with guaranteed income.,3,2,2,3,3,2,2,2,9.10. Agriculture,"10.1. Analytics, 10.10. Financial literacy","11.5.National Chamber of Entrepreneurs ""Atameken""",2,2,2,2,2,2,2,2,3,4,14.7. Financial support for start-up entrepreneurs,3,2,1,2,2,2,3,2,2,2,16.2. Implementation of artificial intelligence technologies to create digital twins of tourist sites that can be explored online or via VR
07.09.2024 14:06:10,,1.2. Female,2.1. 18 - 22 years old,3.16. Ulytau region,4.2. Not married,5.6. Unemployed,6.5. No income,7.3. Entrepreneurship,1,2,1,3,2,3,2,2,9.1. Hotel sector,10.1. Analytics,"11.1. JSC ""Entrepreneurship Development Fund ""Damu""",1,1,1,1,1,1,1,1,1,1,14.1. Quick start without initial investment,1,1,1,2,2,2,2,2,2,2,16.1. Development of holographic guides that can accompany tourists to historical sites and attractions
07.09.2024 14:28:33,,1.2. Female,2.1. 18 - 22 years old,3.16. Ulytau region,4.2. Not married,5.1. Student,6.1. 85 000 tg - 150 000 tg,7.3. Entrepreneurship,7,7,8,7,7,7,7,10,9.3. Information Technology,10.2. Willingness to take risks,11.6.Grants for startups,10,10,10,5,10,10,10,10,10,4,14.5. Independence and flexibility in work,9,7,8,10,10,10,8,10,10,10,16.3.Creating smart tours using biosensors that analyze tourists' emotions and states to offer personalized routes
07.09.2024 14:39:11,,1.2. Female,2.4. 31 - 35 years old,3.9. Karaganda region,4.1. Married,5.1. Student,6.2. 150 000 tg – 300 000 tg,7.3. Entrepreneurship,10,10,8,9,9,10,9,10,9.6. Education,"10.1. Analytics, 10.3. Communication skills, 10.5. Problem solving skills, 10.6. Planning, 10.7. Stress resistance, 10.10. Financial literacy","11.1. JSC ""Entrepreneurship Development Fund ""Damu"", 11.2.JSC National Management Holding Baiterek, 11.5.National Chamber of Entrepreneurs ""Atameken"", 11.6.Grants for startups, 11.8. Educational courses and seminars on entrepreneurship",9,10,10,9,10,8,9,9,9,4,"14.1. Quick start without initial investment, 14.3. Possibility of creating a family business, 14.4. International Bisuness, 14.5. Independence and flexibility in work, 14.6. Trips",5,4,1,9,10,8,10,9,7,8,"16.1. Development of holographic guides that can accompany tourists to historical sites and attractions, 16.2. Implementation of artificial intelligence technologies to create digital twins of tourist sites that can be explored online or via VR, 16.3.Creating smart tours using biosensors that analyze tourists' emotions and states to offer personalized routes, 16.6. Creating ""digital avatars"" of tourists that can represent them in an online environment and interact with other tourists and locals, 16.7. Development of universal mobile applications for travel planning and booking services"
07.09.2024 15:04:25,,1.2. Female,2.4. 31 - 35 years old,3.19. Almaty city,4.1. Married,5.3. Working specialist,6.3. 300 000 tg – 500 000 tg,7.2. Employment with guaranteed income.,3,4,5,1,5,6,6,6,9.12. Trade,"10.3. Communication skills, 10.4. Leadership, 10.6. Planning","11.1. JSC ""Entrepreneurship Development Fund ""Damu""",3,3,3,3,3,3,3,3,3,5,"14.5. Independence and flexibility in work, 14.6. Trips, 14.7. Financial support for start-up entrepreneurs",1,3,3,3,3,3,5,5,5,5,"16.1. Development of holographic guides that can accompany tourists to historical sites and attractions, 16.2. Implementation of artificial intelligence technologies to create digital twins of tourist sites that can be explored online or via VR, 16.3.Creating smart tours using biosensors that analyze tourists' emotions and states to offer personalized routes, 16.4. Development of neural interfaces that allow tourists to interact with tourism applications and services using thoughts, 16.5.Implementation of 4D technologies, creating multidimensional tours that immerse you in the atmosphere of a place not only visually, but also tactilely and through smells, 16.6. Creating ""digital avatars"" of tourists that can represent them in an online environment and interact with other tourists and locals, 16.7. Development of universal mobile applications for travel planning and booking services"
07.09.2024 15:10:31,,1.2. Female,2.3. 26 - 30 years old,3.9. Karaganda region,4.1. Married,5.2. Civil servant,6.2. 150 000 tg – 300 000 tg,7.3. Entrepreneurship,3,3,1,3,3,3,3,3,9.12. Trade,"10.1. Analytics, 10.4. Leadership, 10.8. Creative thinking, 10.9. Project management","11.5.National Chamber of Entrepreneurs ""Atameken""",3,3,2,3,2,1,1,3,3,5,"14.1. Quick start without initial investment, 14.6. Trips, 14.7. Financial support for start-up entrepreneurs",3,3,3,3,3,3,3,2,2,2,"16.1. Development of holographic guides that can accompany tourists to historical sites and attractions, 16.4. Development of neural interfaces that allow tourists to interact with tourism applications and services using thoughts"
07.09.2024 15:15:43,,1.2. Female,2.2. 23 - 25 years old,3.9. Karaganda region,4.2. Not married,5.3. Working specialist,6.2. 150 000 tg – 300 000 tg,7.2. Employment with guaranteed income.,10,10,10,10,10,10,10,10,9.2. Healthcare,"10.4. Leadership, 10.6. Planning","11.5.National Chamber of Entrepreneurs ""Atameken"", 11.6.Grants for startups",10,10,10,10,10,10,10,10,10,3,"14.3. Possibility of creating a family business, 14.6. Trips",10,10,10,10,10,10,10,10,10,10,16.2. Implementation of artificial intelligence technologies to create digital twins of tourist sites that can be explored online or via VR
07.09.2024 17:41:21,,1.1. Male,2.2. 23 - 25 years old,3.2. Akmola region,4.2. Not married,5.3. Working specialist,6.3. 300 000 tg – 500 000 tg,7.3. Entrepreneurship,10,7,10,10,10,10,10,10,9.12. Trade,"10.1. Analytics, 10.4. Leadership, 10.5. Problem solving skills, 10.6. Planning, 10.8. Creative thinking, 10.9. Project management","11.1. JSC ""Entrepreneurship Development Fund ""Damu"", 11.2.JSC National Management Holding Baiterek, 11.5.National Chamber of Entrepreneurs ""Atameken"", 11.6.Grants for startups",8,10,10,8,10,7,6,10,10,3,"14.3. Possibility of creating a family business, 14.4. International Bisuness, 14.5. Independence and flexibility in work, 14.6. Trips",10,10,10,5,5,6,10,10,10,10,"16.1. Development of holographic guides that can accompany tourists to historical sites and attractions, 16.2. Implementation of artificial intelligence technologies to create digital twins of tourist sites that can be explored online or via VR, 16.3.Creating smart tours using biosensors that analyze tourists' emotions and states to offer personalized routes, 16.7. Development of universal mobile applications for travel planning and booking services"
07.09.2024 17:53:16,,1.2. Female,2.4. 31 - 35 years old,3.19. Almaty city,4.1. Married,В Maternity leaveе,6.5. No income,7.2. Employment with guaranteed income.,6,9,1,8,3,4,3,8,9.3. Information Technology,"10.1. Analytics, 10.3. Communication skills, 10.5. Problem solving skills, 10.6. Planning, 10.7. Stress resistance, 10.9. Project management","11.11. No knowledge of such resources, Собственные сбережения",9,10,10,10,10,8,2,6,9,1,14.6. Trips,9,9,9,8,4,3,3,5,3,3,16.7. Development of universal mobile applications for travel planning and booking services
20.09.2024 9:09:11,,1.1. Male,2.3. 26 - 30 years old,3.9. Karaganda region,4.2. Not married,5.2. Civil servant,6.2. 150 000 tg – 300 000 tg,7.1. Civil service,5,5,5,5,5,5,5,5,9.14. Tourism,"10.1. Analytics, 10.3. Communication skills","11.1. JSC ""Entrepreneurship Development Fund ""Damu"", 11.2.JSC National Management Holding Baiterek",5,5,5,5,5,5,5,5,5,4,"14.2. Opportunities for innovation, 14.6. Trips",5,5,5,5,5,5,5,5,5,5,"16.2. Implementation of artificial intelligence technologies to create digital twins of tourist sites that can be explored online or via VR, 16.6. Creating ""digital avatars"" of tourists that can represent them in an online environment and interact with other tourists and locals"
20.09.2024 9:19:54,,1.2. Female,2.1. 18 - 22 years old,3.9. Karaganda region,4.2. Not married,5.4. Entrepreneur,6.2. 150 000 tg – 300 000 tg,7.3. Entrepreneurship,10,10,10,10,10,10,10,10,9.12. Trade,"10.1. Analytics, 10.2. Willingness to take risks, 10.3. Communication skills, 10.4. Leadership, 10.5. Problem solving skills, 10.6. Planning, 10.7. Stress resistance, 10.8. Creative thinking, 10.9. Project management, 10.10. Financial literacy","11.6.Grants for startups, 11.8. Educational courses and seminars on entrepreneurship",10,10,10,10,10,3,10,10,10,1,"14.4. International Bisuness, 14.5. Independence and flexibility in work, 14.7. Financial support for start-up entrepreneurs",10,10,10,10,10,10,10,10,10,10,"16.1. Development of holographic guides that can accompany tourists to historical sites and attractions, 16.3.Creating smart tours using biosensors that analyze tourists' emotions and states to offer personalized routes, 16.6. Creating ""digital avatars"" of tourists that can represent them in an online environment and interact with other tourists and locals, 16.7. Development of universal mobile applications for travel planning and booking services"
20.09.2024 9:23:58,,1.2. Female,2.1. 18 - 22 years old,3.9. Karaganda region,4.2. Not married,5.1. Student,6.2. 150 000 tg – 300 000 tg,7.1. Civil service,5,5,7,8,7,10,10,10,9.1. Hotel sector,"10.2. Willingness to take risks, 10.4. Leadership, 10.7. Stress resistance, 10.10. Financial literacy","11.5.National Chamber of Entrepreneurs ""Atameken"", 11.6.Grants for startups, 11.9.Online Resources and Platforms for Entrepreneurs",7,8,8,9,10,6,7,7,10,3,14.6. Trips,4,4,5,5,5,5,8,7,9,8,"16.1. Development of holographic guides that can accompany tourists to historical sites and attractions, 16.2. Implementation of artificial intelligence technologies to create digital twins of tourist sites that can be explored online or via VR, 16.3.Creating smart tours using biosensors that analyze tourists' emotions and states to offer personalized routes"
20.09.2024 9:24:32,,1.2. Female,2.1. 18 - 22 years old,3.9. Karaganda region,4.2. Not married,5.1. Student,6.1. 85 000 tg - 150 000 tg,7.1. Civil service,3,3,3,3,3,3,3,3,9.4. Art,"10.3. Communication skills, 10.4. Leadership, 10.5. Problem solving skills, 10.6. Planning, 10.7. Stress resistance, 10.8. Creative thinking","11.1. JSC ""Entrepreneurship Development Fund ""Damu"", 11.2.JSC National Management Holding Baiterek, 11.4. State program ""Business Roadmap - 2025"", 11.8. Educational courses and seminars on entrepreneurship",3,3,3,3,3,3,3,3,3,3,"14.2. Opportunities for innovation, 14.4. International Bisuness, 14.7. Financial support for start-up entrepreneurs",2,2,2,2,2,2,2,2,2,2,"16.2. Implementation of artificial intelligence technologies to create digital twins of tourist sites that can be explored online or via VR, 16.3.Creating smart tours using biosensors that analyze tourists' emotions and states to offer personalized routes, 16.5.Implementation of 4D technologies, creating multidimensional tours that immerse you in the atmosphere of a place not only visually, but also tactilely and through smells"
20.09.2024 9:34:01,,1.2. Female,2.1. 18 - 22 years old,3.9. Karaganda region,4.2. Not married,5.1. Student,6.2. 150 000 tg – 300 000 tg,7.1. Civil service,9,10,10,10,10,10,10,10,9.9. Entertainment and leisure,"10.3. Communication skills, 10.4. Leadership, 10.6. Planning, 10.8. Creative thinking",11.11. No knowledge of such resources,10,10,10,10,10,10,10,10,10,5,"14.4. International Bisuness, 14.6. Trips",10,10,10,10,10,10,10,10,10,10,"16.3.Creating smart tours using biosensors that analyze tourists' emotions and states to offer personalized routes, 16.5.Implementation of 4D technologies, creating multidimensional tours that immerse you in the atmosphere of a place not only visually, but also tactilely and through smells, 16.7. Development of universal mobile applications for travel planning and booking services"
20.09.2024 9:34:54,,1.2. Female,2.1. 18 - 22 years old,3.9. Karaganda region,4.2. Not married,5.1. Student,6.5. No income,7.3. Entrepreneurship,10,7,1,10,9,10,10,10,9.12. Trade,"10.3. Communication skills, 10.5. Problem solving skills, 10.6. Planning, 10.7. Stress resistance, 10.10. Financial literacy",11.11. No knowledge of such resources,10,10,10,10,10,5,6,8,4,1,"14.4. International Bisuness, 14.5. Independence and flexibility in work, 14.6. Trips, 14.7. Financial support for start-up entrepreneurs",3,2,3,3,3,3,2,3,3,2,"16.2. Implementation of artificial intelligence technologies to create digital twins of tourist sites that can be explored online or via VR, 16.7. Development of universal mobile applications for travel planning and booking services"
20.09.2024 9:36:21,,1.2. Female,2.1. 18 - 22 years old,3.9. Karaganda region,4.2. Not married,5.1. Student,6.5. No income,7.3. Entrepreneurship,10,10,10,5,5,10,10,10,9.2. Healthcare,"10.3. Communication skills, 10.4. Leadership, 10.5. Problem solving skills, 10.9. Project management","11.5.National Chamber of Entrepreneurs ""Atameken"", 11.6.Grants for startups, 11.8. Educational courses and seminars on entrepreneurship, 11.9.Online Resources and Platforms for Entrepreneurs",10,10,8,7,10,10,8,8,10,5,"14.1. Quick start without initial investment, 14.4. International Bisuness, 14.5. Independence and flexibility in work, 14.6. Trips",10,10,10,8,7,10,10,10,8,10,16.7. Development of universal mobile applications for travel planning and booking services
20.09.2024 9:41:28,,1.1. Male,2.1. 18 - 22 years old,3.1. Abay region,4.2. Not married,5.1. Student,6.1. 85 000 tg - 150 000 tg,7.3. Entrepreneurship,4,7,10,10,3,10,10,10,9.7. Catering,"10.3. Communication skills, 10.6. Planning, 10.7. Stress resistance, 10.8. Creative thinking, 10.10. Financial literacy",11.11. No knowledge of such resources,10,7,10,8,10,10,10,10,10,1,14.7. Financial support for start-up entrepreneurs,10,10,10,10,10,10,10,10,10,10,16.7. Development of universal mobile applications for travel planning and booking services
20.09.2024 9:43:39,,1.2. Female,2.1. 18 - 22 years old,3.9. Karaganda region,4.2. Not married,5.1. Student,6.1. 85 000 tg - 150 000 tg,7.2. Employment with guaranteed income.,10,10,10,10,10,9,10,10,9.14. Tourism,"10.2. Willingness to take risks, 10.6. Planning, 10.8. Creative thinking, 10.9. Project management","11.5.National Chamber of Entrepreneurs ""Atameken""",10,10,10,10,9,9,9,9,10,4,"14.6. Trips, 14.7. Financial support for start-up entrepreneurs",3,3,3,3,3,3,4,4,4,4,"16.1. Development of holographic guides that can accompany tourists to historical sites and attractions, 16.6. Creating ""digital avatars"" of tourists that can represent them in an online environment and interact with other tourists and locals, 16.7. Development of universal mobile applications for travel planning and booking services"
20.09.2024 9:57:55,,1.2. Female,2.1. 18 - 22 years old,3.9. Karaganda region,4.2. Not married,5.1. Student,6.2. 150 000 tg – 300 000 tg,7.3. Entrepreneurship,9,9,8,5,7,10,9,10,9.9. Entertainment and leisure,"10.4. Leadership, 10.5. Problem solving skills, 10.6. Planning","11.1. JSC ""Entrepreneurship Development Fund ""Damu"", 11.5.National Chamber of Entrepreneurs ""Atameken"", 11.6.Grants for startups",10,10,9,7,8,5,5,6,9,3,"14.1. Quick start without initial investment, 14.4. International Bisuness, 14.5. Independence and flexibility in work, 14.6. Trips",9,9,8,9,6,5,9,9,9,5,"16.2. Implementation of artificial intelligence technologies to create digital twins of tourist sites that can be explored online or via VR, 16.7. Development of universal mobile applications for travel planning and booking services"
20.09.2024 10:05:40,,1.2. Female,2.1. 18 - 22 years old,3.9. Karaganda region,4.2. Not married,5.1. Student,6.5. No income,7.2. Employment with guaranteed income.,10,10,10,10,10,10,10,10,9.14. Tourism,10.5. Problem solving skills,"11.1. JSC ""Entrepreneurship Development Fund ""Damu"", 11.4. State program ""Business Roadmap - 2025"", 11.5.National Chamber of Entrepreneurs ""Atameken"", 11.6.Grants for startups, 11.10.Private Business Incubators and Accelerators",10,10,10,10,10,10,10,10,10,5,"14.3. Possibility of creating a family business, 14.4. International Bisuness, 14.6. Trips, 14.7. Financial support for start-up entrepreneurs",10,7,10,10,10,10,10,10,10,10,"16.1. Development of holographic guides that can accompany tourists to historical sites and attractions, 16.2. Implementation of artificial intelligence technologies to create digital twins of tourist sites that can be explored online or via VR, 16.3.Creating smart tours using biosensors that analyze tourists' emotions and states to offer personalized routes, 16.4. Development of neural interfaces that allow tourists to interact with tourism applications and services using thoughts, 16.5.Implementation of 4D technologies, creating multidimensional tours that immerse you in the atmosphere of a place not only visually, but also tactilely and through smells, 16.6. Creating ""digital avatars"" of tourists that can represent them in an online environment and interact with other tourists and locals, 16.7. Development of universal mobile applications for travel planning and booking services"
20.09.2024 10:06:05,,1.1. Male,2.1. 18 - 22 years old,3.10. Kostanay region,4.2. Not married,5.1. Student,6.1. 85 000 tg - 150 000 tg,7.3. Entrepreneurship,7,10,10,10,8,10,10,10,9.6. Education,"10.1. Analytics, 10.2. Willingness to take risks, 10.3. Communication skills, 10.4. Leadership, 10.5. Problem solving skills, 10.6. Planning, 10.7. Stress resistance, 10.8. Creative thinking, 10.9. Project management, 10.10. Financial literacy","11.1. JSC ""Entrepreneurship Development Fund ""Damu"", 11.2.JSC National Management Holding Baiterek, 11.3. JSC ""Qazaqstan Investment Corporation"", 11.4. State program ""Business Roadmap - 2025"", 11.5.National Chamber of Entrepreneurs ""Atameken"", 11.6.Grants for startups, 11.7. Consulting and mentoring from experienced entrepreneurs, 11.8. Educational courses and seminars on entrepreneurship, 11.9.Online Resources and Platforms for Entrepreneurs, 11.10.Private Business Incubators and Accelerators",10,10,10,10,8,8,9,7,10,3,"14.2. Opportunities for innovation, 14.3. Possibility of creating a family business, 14.4. International Bisuness, 14.5. Independence and flexibility in work, 14.6. Trips",8,9,10,7,9,6,10,8,8,8,16.2. Implementation of artificial intelligence technologies to create digital twins of tourist sites that can be explored online or via VR
20.09.2024 10:07:40,,1.1. Male,2.1. 18 - 22 years old,3.9. Karaganda region,4.2. Not married,5.1. Student,6.1. 85 000 tg - 150 000 tg,Earning money on the Internet ,10,1,10,1,3,10,9,10,9.15.Financial and credit sector,10.10. Financial literacy,11.11. No knowledge of such resources,1,10,10,4,7,10,1,8,10,1,14.6. Trips,10,10,10,10,10,10,10,10,10,10,"16.2. Implementation of artificial intelligence technologies to create digital twins of tourist sites that can be explored online or via VR, 16.3.Creating smart tours using biosensors that analyze tourists' emotions and states to offer personalized routes"
20.09.2024 10:07:48,,1.2. Female,2.1. 18 - 22 years old,3.9. Karaganda region,4.2. Not married,5.1. Student,6.5. No income,7.2. Employment with guaranteed income.,3,1,2,2,3,3,2,2,9.12. Trade,"10.2. Willingness to take risks, 10.3. Communication skills",11.6.Grants for startups,3,2,2,2,2,2,2,2,2,2,14.5. Independence and flexibility in work,2,2,3,2,2,2,2,2,2,2,"16.5.Implementation of 4D technologies, creating multidimensional tours that immerse you in the atmosphere of a place not only visually, but also tactilely and through smells"
20.09.2024 10:08:10,,1.1. Male,2.1. 18 - 22 years old,3.13. Pavlodar region,4.2. Not married,5.1. Student,6.5. No income,7.2. Employment with guaranteed income.,8,5,5,5,5,5,5,8,9.2. Healthcare,"10.3. Communication skills, 10.4. Leadership, 10.6. Planning, 10.7. Stress resistance","11.2.JSC National Management Holding Baiterek, 11.5.National Chamber of Entrepreneurs ""Atameken""",7,7,7,7,7,7,7,7,7,2,"14.1. Quick start without initial investment, 14.5. Independence and flexibility in work, 14.6. Trips",5,5,5,5,5,5,5,5,5,5,16.3.Creating smart tours using biosensors that analyze tourists' emotions and states to offer personalized routes
20.09.2024 10:08:59,,1.2. Female,2.1. 18 - 22 years old,3.9. Karaganda region,4.2. Not married,5.1. Student,6.1. 85 000 tg - 150 000 tg,7.2. Employment with guaranteed income.,3,1,2,2,3,3,2,3,9.1. Hotel sector,"10.3. Communication skills, 10.4. Leadership, 10.7. Stress resistance","11.2.JSC National Management Holding Baiterek, 11.6.Grants for startups",2,1,3,2,1,1,2,3,3,3,"14.1. Quick start without initial investment, 14.5. Independence and flexibility in work",2,1,2,3,2,2,3,3,1,2,16.1. Development of holographic guides that can accompany tourists to historical sites and attractions
20.09.2024 10:10:30,,1.1. Male,2.2. 23 - 25 years old,3.9. Karaganda region,4.1. Married,5.1. Student,6.3. 300 000 tg – 500 000 tg,7.2. Employment with guaranteed income.,9,9,8,6,3,5,6,6,9.4. Art,"10.1. Analytics, 10.3. Communication skills, 10.4. Leadership, 10.6. Planning, 10.8. Creative thinking, 10.9. Project management, 10.10. Financial literacy","11.6.Grants for startups, 11.8. Educational courses and seminars on entrepreneurship",9,10,9,7,10,6,9,7,10,2,"14.1. Quick start without initial investment, 14.3. Possibility of creating a family business, 14.5. Independence and flexibility in work, 14.6. Trips",7,7,8,9,10,8,10,8,7,7,"16.5.Implementation of 4D technologies, creating multidimensional tours that immerse you in the atmosphere of a place not only visually, but also tactilely and through smells, 16.7. Development of universal mobile applications for travel planning and booking services"
20.09.2024 10:10:49,,1.1. Male,2.1. 18 - 22 years old,3.9. Karaganda region,4.2. Not married,5.1. Student,6.5. No income,7.1. Civil service,10,10,7,10,10,10,10,7,9.4. Art,"10.3. Communication skills, 10.7. Stress resistance, 10.8. Creative thinking",11.11. No knowledge of such resources,10,10,10,10,10,10,10,10,10,5,"14.1. Quick start without initial investment, 14.2. Opportunities for innovation, 14.3. Possibility of creating a family business, 14.4. International Bisuness, 14.5. Independence and flexibility in work, 14.6. Trips, 14.7. Financial support for start-up entrepreneurs",10,8,10,7,6,6,7,10,10,10,"16.3.Creating smart tours using biosensors that analyze tourists' emotions and states to offer personalized routes, 16.4. Development of neural interfaces that allow tourists to interact with tourism applications and services using thoughts, 16.5.Implementation of 4D technologies, creating multidimensional tours that immerse you in the atmosphere of a place not only visually, but also tactilely and through smells, 16.7. Development of universal mobile applications for travel planning and booking services"
20.09.2024 10:11:36,,1.2. Female,2.1. 18 - 22 years old,3.9. Karaganda region,4.2. Not married,5.1. Student,6.5. No income,7.2. Employment with guaranteed income.,10,10,5,8,8,8,9,10,9.2. Healthcare,"10.3. Communication skills, 10.8. Creative thinking","11.1. JSC ""Entrepreneurship Development Fund ""Damu"", 11.4. State program ""Business Roadmap - 2025"", 11.5.National Chamber of Entrepreneurs ""Atameken""",8,9,10,8,10,8,9,8,9,1,14.6. Trips,7,7,7,7,7,7,7,7,7,7,"16.2. Implementation of artificial intelligence technologies to create digital twins of tourist sites that can be explored online or via VR, 16.3.Creating smart tours using biosensors that analyze tourists' emotions and states to offer personalized routes, 16.6. Creating ""digital avatars"" of tourists that can represent them in an online environment and interact with other tourists and locals, 16.7. Development of universal mobile applications for travel planning and booking services"
20.09.2024 10:11:40,,1.2. Female,2.1. 18 - 22 years old,3.9. Karaganda region,4.2. Not married,5.1. Student,6.5. No income,7.2. Employment with guaranteed income.,9,10,3,10,8,10,9,10,9.6. Education,"10.6. Planning, 10.7. Stress resistance, 10.8. Creative thinking","11.1. JSC ""Entrepreneurship Development Fund ""Damu"", 11.5.National Chamber of Entrepreneurs ""Atameken""",10,10,10,10,10,8,9,8,10,1,"14.1. Quick start without initial investment, 14.2. Opportunities for innovation, 14.7. Financial support for start-up entrepreneurs",8,9,10,10,7,7,10,9,8,9,"16.1. Development of holographic guides that can accompany tourists to historical sites and attractions, 16.3.Creating smart tours using biosensors that analyze tourists' emotions and states to offer personalized routes"
20.09.2024 10:12:11,,1.1. Male,2.1. 18 - 22 years old,3.9. Karaganda region,4.2. Not married,5.1. Student,6.5. No income,7.3. Entrepreneurship,8,9,5,10,10,10,8,5,9.12. Trade,"10.1. Analytics, 10.2. Willingness to take risks, 10.4. Leadership, 10.6. Planning, 10.7. Stress resistance, 10.9. Project management, 10.10. Financial literacy","11.3. JSC ""Qazaqstan Investment Corporation"", 11.5.National Chamber of Entrepreneurs ""Atameken"", 11.7. Consulting and mentoring from experienced entrepreneurs, 11.8. Educational courses and seminars on entrepreneurship, 11.10.Private Business Incubators and Accelerators",10,8,10,10,8,5,5,10,10,5,"14.1. Quick start without initial investment, 14.2. Opportunities for innovation, 14.4. International Bisuness, 14.5. Independence and flexibility in work, 14.6. Trips, 14.7. Financial support for start-up entrepreneurs",7,8,10,10,10,8,10,10,10,10,"16.3.Creating smart tours using biosensors that analyze tourists' emotions and states to offer personalized routes, 16.5.Implementation of 4D technologies, creating multidimensional tours that immerse you in the atmosphere of a place not only visually, but also tactilely and through smells, 16.6. Creating ""digital avatars"" of tourists that can represent them in an online environment and interact with other tourists and locals, 16.7. Development of universal mobile applications for travel planning and booking services"
20.09.2024 10:14:09,,1.1. Male,2.1. 18 - 22 years old,3.9. Karaganda region,4.2. Not married,5.1. Student,6.1. 85 000 tg - 150 000 tg,7.2. Employment with guaranteed income.,10,7,7,8,9,8,6,10,9.12. Trade,"10.3. Communication skills, 10.4. Leadership, 10.7. Stress resistance, 10.9. Project management","11.5.National Chamber of Entrepreneurs ""Atameken"", 11.6.Grants for startups, 11.8. Educational courses and seminars on entrepreneurship, 11.9.Online Resources and Platforms for Entrepreneurs",9,10,9,6,10,10,7,6,8,3,"14.1. Quick start without initial investment, 14.5. Independence and flexibility in work, 14.6. Trips, 14.7. Financial support for start-up entrepreneurs",8,7,7,10,10,7,10,10,10,9,"16.2. Implementation of artificial intelligence technologies to create digital twins of tourist sites that can be explored online or via VR, 16.7. Development of universal mobile applications for travel planning and booking services"
20.09.2024 10:18:58,,1.2. Female,2.1. 18 - 22 years old,3.9. Karaganda region,4.2. Not married,5.1. Student,6.5. No income,7.3. Entrepreneurship,5,9,7,9,10,10,10,10,9.14. Tourism,"10.1. Analytics, 10.2. Willingness to take risks, 10.5. Problem solving skills, 10.6. Planning, 10.7. Stress resistance, 10.8. Creative thinking, 10.10. Financial literacy","11.1. JSC ""Entrepreneurship Development Fund ""Damu"", 11.5.National Chamber of Entrepreneurs ""Atameken"", 11.6.Grants for startups, 11.9.Online Resources and Platforms for Entrepreneurs, 11.10.Private Business Incubators and Accelerators",9,10,10,8,10,8,9,7,10,4,"14.2. Opportunities for innovation, 14.3. Possibility of creating a family business, 14.4. International Bisuness, 14.5. Independence and flexibility in work, 14.6. Trips",7,8,10,9,8,8,9,7,6,8,"16.2. Implementation of artificial intelligence technologies to create digital twins of tourist sites that can be explored online or via VR, 16.3.Creating smart tours using biosensors that analyze tourists' emotions and states to offer personalized routes, 16.5.Implementation of 4D technologies, creating multidimensional tours that immerse you in the atmosphere of a place not only visually, but also tactilely and through smells"
20.09.2024 10:20:14,,1.2. Female,2.1. 18 - 22 years old,3.9. Karaganda region,4.2. Not married,5.1. Student,6.5. No income,7.3. Entrepreneurship,5,10,1,10,10,10,10,10,9.14. Tourism,"10.2. Willingness to take risks, 10.3. Communication skills, 10.4. Leadership, 10.5. Problem solving skills, 10.6. Planning, 10.8. Creative thinking, 10.9. Project management, 10.10. Financial literacy","11.1. JSC ""Entrepreneurship Development Fund ""Damu"", 11.4. State program ""Business Roadmap - 2025"", 11.5.National Chamber of Entrepreneurs ""Atameken"", 11.6.Grants for startups, 11.7. Consulting and mentoring from experienced entrepreneurs, 11.8. Educational courses and seminars on entrepreneurship, 11.9.Online Resources and Platforms for Entrepreneurs, 11.10.Private Business Incubators and Accelerators",10,10,10,8,10,5,8,8,10,5,"14.2. Opportunities for innovation, 14.3. Possibility of creating a family business, 14.4. International Bisuness, 14.6. Trips, 14.7. Financial support for start-up entrepreneurs",8,9,9,9,9,10,10,10,10,10,"16.1. Development of holographic guides that can accompany tourists to historical sites and attractions, 16.2. Implementation of artificial intelligence technologies to create digital twins of tourist sites that can be explored online or via VR, 16.3.Creating smart tours using biosensors that analyze tourists' emotions and states to offer personalized routes, 16.4. Development of neural interfaces that allow tourists to interact with tourism applications and services using thoughts, 16.5.Implementation of 4D technologies, creating multidimensional tours that immerse you in the atmosphere of a place not only visually, but also tactilely and through smells"
20.09.2024 10:24:43,,1.2. Female,2.1. 18 - 22 years old,3.9. Karaganda region,4.2. Not married,5.1. Student,6.5. No income,7.2. Employment with guaranteed income.,10,10,5,10,10,10,10,10,9.9. Entertainment and leisure,"10.3. Communication skills, 10.6. Planning, 10.8. Creative thinking, 10.10. Financial literacy","11.1. JSC ""Entrepreneurship Development Fund ""Damu"", 11.4. State program ""Business Roadmap - 2025"", 11.5.National Chamber of Entrepreneurs ""Atameken"", 11.6.Grants for startups",10,10,10,7,7,7,7,7,10,3,"14.4. International Bisuness, 14.5. Independence and flexibility in work, 14.6. Trips",10,10,10,10,10,10,10,10,10,10,"16.1. Development of holographic guides that can accompany tourists to historical sites and attractions, 16.3.Creating smart tours using biosensors that analyze tourists' emotions and states to offer personalized routes, 16.7. Development of universal mobile applications for travel planning and booking services"
20.09.2024 10:28:57,,1.1. Male,2.1. 18 - 22 years old,3.16. Ulytau region,4.2. Not married,5.1. Student,6.5. No income,7.3. Entrepreneurship,10,7,9,9,10,10,10,10,9.2. Healthcare,"10.1. Analytics, 10.5. Problem solving skills, 10.6. Planning, 10.7. Stress resistance, 10.8. Creative thinking, 10.10. Financial literacy","11.1. JSC ""Entrepreneurship Development Fund ""Damu"", 11.2.JSC National Management Holding Baiterek, 11.3. JSC ""Qazaqstan Investment Corporation"", 11.5.National Chamber of Entrepreneurs ""Atameken""",8,8,8,8,8,7,8,8,8,3,"14.1. Quick start without initial investment, 14.4. International Bisuness, 14.5. Independence and flexibility in work, 14.6. Trips",9,10,10,8,9,8,7,9,9,5,"16.1. Development of holographic guides that can accompany tourists to historical sites and attractions, 16.2. Implementation of artificial intelligence technologies to create digital twins of tourist sites that can be explored online or via VR, 16.3.Creating smart tours using biosensors that analyze tourists' emotions and states to offer personalized routes, 16.4. Development of neural interfaces that allow tourists to interact with tourism applications and services using thoughts, 16.5.Implementation of 4D technologies, creating multidimensional tours that immerse you in the atmosphere of a place not only visually, but also tactilely and through smells, 16.6. Creating ""digital avatars"" of tourists that can represent them in an online environment and interact with other tourists and locals, 16.7. Development of universal mobile applications for travel planning and booking services"
20.09.2024 10:36:53,,1.2. Female,2.1. 18 - 22 years old,3.9. Karaganda region,4.2. Not married,5.1. Student,6.5. No income,7.3. Entrepreneurship,10,10,10,10,10,10,10,10,9.4. Art,"10.1. Analytics, 10.2. Willingness to take risks, 10.3. Communication skills, 10.4. Leadership, 10.6. Planning, 10.8. Creative thinking, 10.10. Financial literacy","11.3. JSC ""Qazaqstan Investment Corporation"", 11.5.National Chamber of Entrepreneurs ""Atameken"", 11.7. Consulting and mentoring from experienced entrepreneurs, 11.9.Online Resources and Platforms for Entrepreneurs",5,7,7,6,8,5,4,7,9,4,"14.2. Opportunities for innovation, 14.4. International Bisuness, 14.6. Trips",1,1,1,7,6,5,1,8,9,7,"16.2. Implementation of artificial intelligence technologies to create digital twins of tourist sites that can be explored online or via VR, 16.5.Implementation of 4D technologies, creating multidimensional tours that immerse you in the atmosphere of a place not only visually, but also tactilely and through smells, 16.7. Development of universal mobile applications for travel planning and booking services"
20.09.2024 10:39:17,,1.2. Female,2.1. 18 - 22 years old,3.9. Karaganda region,4.2. Not married,5.1. Student,6.1. 85 000 tg - 150 000 tg,7.3. Entrepreneurship,2,3,4,5,6,7,10,9,9.2. Healthcare,"10.2. Willingness to take risks, 10.4. Leadership, 10.6. Planning",11.11. No knowledge of such resources,1,4,5,6,7,8,9,10,9,3,"14.4. International Bisuness, 14.6. Trips",1,2,3,4,5,6,7,8,9,10,"16.2. Implementation of artificial intelligence technologies to create digital twins of tourist sites that can be explored online or via VR, 16.3.Creating smart tours using biosensors that analyze tourists' emotions and states to offer personalized routes"
20.09.2024 10:39:56,,1.2. Female,2.1. 18 - 22 years old,3.9. Karaganda region,4.2. Not married,5.1. Student,6.5. No income,Student,10,10,2,10,10,10,10,10,9.2. Healthcare,"10.2. Willingness to take risks, 10.4. Leadership, 10.5. Problem solving skills, 10.6. Planning, 10.8. Creative thinking","11.1. JSC ""Entrepreneurship Development Fund ""Damu"", 11.5.National Chamber of Entrepreneurs ""Atameken""",3,3,3,3,3,1,3,3,3,3,"14.2. Opportunities for innovation, 14.5. Independence and flexibility in work, 14.6. Trips",2,2,2,2,2,2,2,2,2,2,"16.1. Development of holographic guides that can accompany tourists to historical sites and attractions, 16.4. Development of neural interfaces that allow tourists to interact with tourism applications and services using thoughts, 16.5.Implementation of 4D technologies, creating multidimensional tours that immerse you in the atmosphere of a place not only visually, but also tactilely and through smells, 16.7. Development of universal mobile applications for travel planning and booking services"
20.09.2024 10:47:57,,1.1. Male,2.1. 18 - 22 years old,3.9. Karaganda region,4.2. Not married,5.1. Student,6.1. 85 000 tg - 150 000 tg,7.3. Entrepreneurship,10,9,10,10,9,10,9,10,Dental store,"10.1. Analytics, 10.6. Planning, 10.7. Stress resistance",11.6.Grants for startups,10,10,10,8,9,9,9,9,10,2,14.7. Financial support for start-up entrepreneurs,7,8,10,10,9,9,10,9,9,9,16.7. Development of universal mobile applications for travel planning and booking services
20.09.2024 10:56:01,,1.2. Female,2.1. 18 - 22 years old,3.9. Karaganda region,4.2. Not married,5.1. Student,6.5. No income,7.3. Entrepreneurship,10,10,10,10,10,10,10,10,9.7. Catering,"10.1. Analytics, 10.3. Communication skills, 10.5. Problem solving skills, 10.6. Planning, 10.8. Creative thinking","11.1. JSC ""Entrepreneurship Development Fund ""Damu"", 11.5.National Chamber of Entrepreneurs ""Atameken"", 11.7. Consulting and mentoring from experienced entrepreneurs, 11.8. Educational courses and seminars on entrepreneurship, 11.9.Online Resources and Platforms for Entrepreneurs",10,9,10,7,10,2,8,8,10,4,"14.2. Opportunities for innovation, 14.3. Possibility of creating a family business, 14.5. Independence and flexibility in work, 14.6. Trips",8,7,7,10,10,9,10,6,6,9,"16.1. Development of holographic guides that can accompany tourists to historical sites and attractions, 16.3.Creating smart tours using biosensors that analyze tourists' emotions and states to offer personalized routes, 16.5.Implementation of 4D technologies, creating multidimensional tours that immerse you in the atmosphere of a place not only visually, but also tactilely and through smells, 16.6. Creating ""digital avatars"" of tourists that can represent them in an online environment and interact with other tourists and locals"
20.09.2024 10:57:47,,1.2. Female,2.1. 18 - 22 years old,3.9. Karaganda region,4.2. Not married,5.1. Student,6.5. No income,7.2. Employment with guaranteed income.,5,3,3,7,5,5,6,7,9.2. Healthcare,"10.1. Analytics, 10.6. Planning","11.1. JSC ""Entrepreneurship Development Fund ""Damu"", 11.4. State program ""Business Roadmap - 2025"", 11.5.National Chamber of Entrepreneurs ""Atameken""",10,8,9,9,10,8,10,9,10,4,"14.1. Quick start without initial investment, 14.6. Trips, 14.7. Financial support for start-up entrepreneurs",5,9,9,9,2,2,7,7,6,10,"16.1. Development of holographic guides that can accompany tourists to historical sites and attractions, 16.3.Creating smart tours using biosensors that analyze tourists' emotions and states to offer personalized routes, 16.4. Development of neural interfaces that allow tourists to interact with tourism applications and services using thoughts, 16.7. Development of universal mobile applications for travel planning and booking services"
20.09.2024 11:22:30,,1.2. Female,2.1. 18 - 22 years old,3.9. Karaganda region,4.2. Not married,5.1. Student,6.5. No income,7.3. Entrepreneurship,5,6,10,8,10,10,10,10,9.4. Art,"10.4. Leadership, 10.5. Problem solving skills, 10.8. Creative thinking","11.5.National Chamber of Entrepreneurs ""Atameken"", 11.6.Grants for startups, 11.9.Online Resources and Platforms for Entrepreneurs",10,10,5,5,8,10,8,4,10,1,14.1. Quick start without initial investment,6,4,5,4,4,4,1,1,1,2,"16.3.Creating smart tours using biosensors that analyze tourists' emotions and states to offer personalized routes, 16.4. Development of neural interfaces that allow tourists to interact with tourism applications and services using thoughts, 16.7. Development of universal mobile applications for travel planning and booking services"
20.09.2024 11:35:53,,1.1. Male,2.1. 18 - 22 years old,3.18. Astana city,4.2. Not married,5.3. Working specialist,6.3. 300 000 tg – 500 000 tg,7.3. Entrepreneurship,10,6,10,7,10,10,10,10,9.11. Construction,"10.2. Willingness to take risks, 10.3. Communication skills, 10.5. Problem solving skills, 10.7. Stress resistance, 10.8. Creative thinking, 10.9. Project management, 10.10. Financial literacy","11.1. JSC ""Entrepreneurship Development Fund ""Damu"", 11.2.JSC National Management Holding Baiterek, 11.3. JSC ""Qazaqstan Investment Corporation"", 11.4. State program ""Business Roadmap - 2025"", 11.5.National Chamber of Entrepreneurs ""Atameken"", 11.6.Grants for startups, 11.7. Consulting and mentoring from experienced entrepreneurs, 11.8. Educational courses and seminars on entrepreneurship, 11.9.Online Resources and Platforms for Entrepreneurs, 11.10.Private Business Incubators and Accelerators",10,8,8,10,7,10,10,10,10,3,"14.1. Quick start without initial investment, 14.2. Opportunities for innovation, 14.3. Possibility of creating a family business, 14.4. International Bisuness, 14.5. Independence and flexibility in work, 14.6. Trips, 14.7. Financial support for start-up entrepreneurs",8,9,10,7,8,9,10,10,8,9,"16.1. Development of holographic guides that can accompany tourists to historical sites and attractions, 16.2. Implementation of artificial intelligence technologies to create digital twins of tourist sites that can be explored online or via VR, 16.3.Creating smart tours using biosensors that analyze tourists' emotions and states to offer personalized routes, 16.4. Development of neural interfaces that allow tourists to interact with tourism applications and services using thoughts, 16.5.Implementation of 4D technologies, creating multidimensional tours that immerse you in the atmosphere of a place not only visually, but also tactilely and through smells, 16.6. Creating ""digital avatars"" of tourists that can represent them in an online environment and interact with other tourists and locals, 16.7. Development of universal mobile applications for travel planning and booking services"
20.09.2024 11:39:20,,1.1. Male,2.1. 18 - 22 years old,3.18. Astana city,4.2. Not married,5.3. Working specialist,6.2. 150 000 tg – 300 000 tg,7.3. Entrepreneurship,5,10,7,4,6,8,8,10,9.14. Tourism,"10.3. Communication skills, 10.8. Creative thinking","11.2.JSC National Management Holding Baiterek, 11.5.National Chamber of Entrepreneurs ""Atameken""",7,10,7,7,7,10,7,7,7,5,"14.1. Quick start without initial investment, 14.7. Financial support for start-up entrepreneurs",5,5,5,7,7,5,10,9,8,10,16.7. Development of universal mobile applications for travel planning and booking services
20.09.2024 11:39:52,,1.1. Male,2.1. 18 - 22 years old,3.9. Karaganda region,4.2. Not married,5.1. Student,6.5. No income,7.3. Entrepreneurship,10,10,10,10,10,10,10,10,9.11. Construction,"10.2. Willingness to take risks, 10.3. Communication skills, 10.5. Problem solving skills, 10.6. Planning, 10.7. Stress resistance, 10.9. Project management",11.11. No knowledge of such resources,10,10,10,10,10,10,10,10,10,5,"14.1. Quick start without initial investment, 14.2. Opportunities for innovation, 14.3. Possibility of creating a family business, 14.4. International Bisuness, 14.5. Independence and flexibility in work, 14.6. Trips, 14.7. Financial support for start-up entrepreneurs",10,10,10,10,10,10,10,10,10,10,"16.1. Development of holographic guides that can accompany tourists to historical sites and attractions, 16.2. Implementation of artificial intelligence technologies to create digital twins of tourist sites that can be explored online or via VR, 16.3.Creating smart tours using biosensors that analyze tourists' emotions and states to offer personalized routes, 16.4. Development of neural interfaces that allow tourists to interact with tourism applications and services using thoughts, 16.5.Implementation of 4D technologies, creating multidimensional tours that immerse you in the atmosphere of a place not only visually, but also tactilely and through smells, 16.6. Creating ""digital avatars"" of tourists that can represent them in an online environment and interact with other tourists and locals, 16.7. Development of universal mobile applications for travel planning and booking services"
20.09.2024 11:44:54,,1.1. Male,2.2. 23 - 25 years old,3.9. Karaganda region,4.2. Not married,5.3. Working specialist,6.3. 300 000 tg – 500 000 tg,7.2. Employment with guaranteed income.,10,10,10,10,10,10,10,10,9.8. Industry,"10.1. Analytics, 10.5. Problem solving skills, 10.6. Planning, 10.7. Stress resistance, 10.9. Project management","11.1. JSC ""Entrepreneurship Development Fund ""Damu"", 11.5.National Chamber of Entrepreneurs ""Atameken"", 11.6.Grants for startups",8,10,10,8,9,10,10,8,8,4,14.6. Trips,8,8,9,8,10,8,8,8,8,8,"16.1. Development of holographic guides that can accompany tourists to historical sites and attractions, 16.2. Implementation of artificial intelligence technologies to create digital twins of tourist sites that can be explored online or via VR, 16.7. Development of universal mobile applications for travel planning and booking services"
20.09.2024 11:49:45,,1.1. Male,2.1. 18 - 22 years old,3.9. Karaganda region,4.2. Not married,5.2. Civil servant,6.3. 300 000 tg – 500 000 tg,7.1. Civil service,1,3,3,1,2,3,3,2,9.2. Healthcare,"10.2. Willingness to take risks, 10.4. Leadership, 10.7. Stress resistance","11.1. JSC ""Entrepreneurship Development Fund ""Damu""",1,1,1,1,1,1,1,1,1,3,"14.4. International Bisuness, 14.6. Trips, 14.7. Financial support for start-up entrepreneurs",2,2,2,2,10,5,9,7,7,9,"16.6. Creating ""digital avatars"" of tourists that can represent them in an online environment and interact with other tourists and locals, 16.7. Development of universal mobile applications for travel planning and booking services"
20.09.2024 11:54:17,,1.2. Female,2.1. 18 - 22 years old,3.9. Karaganda region,4.2. Not married,5.1. Student,6.5. No income,7.2. Employment with guaranteed income.,10,8,8,8,6,7,7,7,9.4. Art,10.1. Analytics,"11.1. JSC ""Entrepreneurship Development Fund ""Damu"", 11.5.National Chamber of Entrepreneurs ""Atameken"", 11.6.Grants for startups, 11.8. Educational courses and seminars on entrepreneurship, 11.9.Online Resources and Platforms for Entrepreneurs",4,7,6,6,7,10,6,5,5,4,"14.5. Independence and flexibility in work, 14.6. Trips",7,7,7,7,6,6,7,6,6,6,"16.3.Creating smart tours using biosensors that analyze tourists' emotions and states to offer personalized routes, 16.7. Development of universal mobile applications for travel planning and booking services"
20.09.2024 11:57:48,,1.2. Female,2.1. 18 - 22 years old,3.9. Karaganda region,4.2. Not married,5.3. Working specialist,6.2. 150 000 tg – 300 000 tg,Part time,3,2,3,3,3,3,3,3,9.12. Trade,"10.3. Communication skills, 10.4. Leadership, 10.5. Problem solving skills","11.1. JSC ""Entrepreneurship Development Fund ""Damu"", 11.6.Grants for startups, 11.8. Educational courses and seminars on entrepreneurship",3,3,3,2,2,2,2,3,3,4,"14.2. Opportunities for innovation, 14.3. Possibility of creating a family business, 14.6. Trips",3,3,2,2,3,3,2,3,3,3,"16.2. Implementation of artificial intelligence technologies to create digital twins of tourist sites that can be explored online or via VR, 16.3.Creating smart tours using biosensors that analyze tourists' emotions and states to offer personalized routes"
20.09.2024 12:55:32,,1.1. Male,2.1. 18 - 22 years old,3.10. Kostanay region,4.2. Not married,5.2. Civil servant,6.3. 300 000 tg – 500 000 tg,7.1. Civil service,3,2,1,2,3,3,3,3,9.5. Logistics,"10.1. Analytics, 10.2. Willingness to take risks, 10.3. Communication skills, 10.4. Leadership, 10.5. Problem solving skills, 10.6. Planning, 10.7. Stress resistance",11.11. No knowledge of such resources,2,2,2,2,2,2,2,2,2,3,"14.4. International Bisuness, 14.5. Independence and flexibility in work, 14.6. Trips",2,2,2,2,2,2,2,2,2,2,"16.1. Development of holographic guides that can accompany tourists to historical sites and attractions, 16.4. Development of neural interfaces that allow tourists to interact with tourism applications and services using thoughts"
20.09.2024 12:55:43,,1.2. Female,2.1. 18 - 22 years old,3.9. Karaganda region,4.1. Married,5.6. Unemployed,6.5. No income,7.2. Employment with guaranteed income.,4,4,4,4,4,4,4,4,9.5. Logistics,"10.5. Problem solving skills, 10.9. Project management, 10.10. Financial literacy","11.1. JSC ""Entrepreneurship Development Fund ""Damu"", 11.5.National Chamber of Entrepreneurs ""Atameken""",9,9,10,9,10,7,10,10,10,5,"14.2. Opportunities for innovation, 14.7. Financial support for start-up entrepreneurs",9,9,10,10,10,10,10,10,10,10,16.7. Development of universal mobile applications for travel planning and booking services
20.09.2024 13:12:00,,1.2. Female,2.1. 18 - 22 years old,3.9. Karaganda region,4.2. Not married,5.1. Student,6.1. 85 000 tg - 150 000 tg,7.3. Entrepreneurship,10,10,10,10,10,10,10,10,9.12. Trade,10.2. Willingness to take risks,"11.1. JSC ""Entrepreneurship Development Fund ""Damu""",10,8,10,10,10,10,10,10,10,2,14.4. International Bisuness,8,7,9,10,10,10,10,10,10,10,"16.5.Implementation of 4D technologies, creating multidimensional tours that immerse you in the atmosphere of a place not only visually, but also tactilely and through smells"
20.09.2024 15:07:08,,1.2. Female,2.1. 18 - 22 years old,3.9. Karaganda region,4.2. Not married,5.1. Student,6.1. 85 000 tg - 150 000 tg,7.2. Employment with guaranteed income.,10,10,7,10,10,10,10,10,9.4. Art,10.3. Communication skills,11.11. No knowledge of such resources,10,10,10,10,10,10,10,10,10,3,14.6. Trips,10,10,10,10,10,10,10,10,10,10,"16.4. Development of neural interfaces that allow tourists to interact with tourism applications and services using thoughts, 16.6. Creating ""digital avatars"" of tourists that can represent them in an online environment and interact with other tourists and locals"
20.09.2024 15:38:58,,1.2. Female,2.1. 18 - 22 years old,3.9. Karaganda region,4.2. Not married,5.1. Student,6.5. No income,7.3. Entrepreneurship,10,5,10,8,10,10,8,10,9.9. Entertainment and leisure,10.8. Creative thinking,11.11. No knowledge of such resources,10,10,8,8,8,6,6,7,9,4,14.4. International Bisuness,5,5,7,7,8,6,7,7,7,6,"16.2. Implementation of artificial intelligence technologies to create digital twins of tourist sites that can be explored online or via VR, 16.4. Development of neural interfaces that allow tourists to interact with tourism applications and services using thoughts"
20.09.2024 16:16:09,,1.2. Female,2.1. 18 - 22 years old,3.9. Karaganda region,4.2. Not married,5.1. Student,6.1. 85 000 tg - 150 000 tg,7.3. Entrepreneurship,10,10,10,10,10,10,10,10,9.5. Logistics,"10.1. Analytics, 10.3. Communication skills, 10.4. Leadership, 10.9. Project management","11.1. JSC ""Entrepreneurship Development Fund ""Damu"", 11.5.National Chamber of Entrepreneurs ""Atameken"", 11.6.Grants for startups, 11.7. Consulting and mentoring from experienced entrepreneurs, 11.8. Educational courses and seminars on entrepreneurship",10,10,10,5,10,5,10,10,10,4,"14.2. Opportunities for innovation, 14.3. Possibility of creating a family business, 14.4. International Bisuness, 14.6. Trips",5,5,5,10,8,8,10,8,8,9,"16.1. Development of holographic guides that can accompany tourists to historical sites and attractions, 16.3.Creating smart tours using biosensors that analyze tourists' emotions and states to offer personalized routes, 16.7. Development of universal mobile applications for travel planning and booking services"
20.09.2024 17:05:46,,1.2. Female,2.1. 18 - 22 years old,3.9. Karaganda region,4.2. Not married,5.1. Student,6.5. No income,7.3. Entrepreneurship,10,10,9,10,7,10,10,10,9.12. Trade,"10.2. Willingness to take risks, 10.3. Communication skills, 10.5. Problem solving skills, 10.6. Planning, 10.7. Stress resistance, 10.8. Creative thinking, 10.10. Financial literacy","11.5.National Chamber of Entrepreneurs ""Atameken""",10,10,9,8,10,10,8,8,10,2,"14.1. Quick start without initial investment, 14.2. Opportunities for innovation, 14.4. International Bisuness, 14.5. Independence and flexibility in work, 14.6. Trips, 14.7. Financial support for start-up entrepreneurs",10,10,10,8,10,8,8,8,9,8,"16.1. Development of holographic guides that can accompany tourists to historical sites and attractions, 16.3.Creating smart tours using biosensors that analyze tourists' emotions and states to offer personalized routes"
20.09.2024 17:45:25,,1.2. Female,2.1. 18 - 22 years old,3.9. Karaganda region,4.2. Not married,5.1. Student,6.5. No income,7.3. Entrepreneurship,1,1,1,1,1,1,1,1,9.9. Entertainment and leisure,"10.2. Willingness to take risks, 10.3. Communication skills, 10.4. Leadership, 10.5. Problem solving skills","11.1. JSC ""Entrepreneurship Development Fund ""Damu"", 11.2.JSC National Management Holding Baiterek, 11.3. JSC ""Qazaqstan Investment Corporation""",9,7,7,6,7,8,8,8,8,5,"14.2. Opportunities for innovation, 14.4. International Bisuness, 14.5. Independence and flexibility in work",7,8,7,8,9,8,8,7,8,8,"16.1. Development of holographic guides that can accompany tourists to historical sites and attractions, 16.4. Development of neural interfaces that allow tourists to interact with tourism applications and services using thoughts, 16.7. Development of universal mobile applications for travel planning and booking services"
21.09.2024 15:43:25,,1.2. Female,2.1. 18 - 22 years old,3.9. Karaganda region,4.2. Not married,5.1. Student,6.5. No income,7.1. Civil service,10,5,6,5,5,6,4,10,9.9. Entertainment and leisure,"10.2. Willingness to take risks, 10.4. Leadership, 10.5. Problem solving skills, 10.7. Stress resistance, 10.8. Creative thinking",11.6.Grants for startups,3,5,2,3,2,5,1,2,2,3,"14.4. International Bisuness, 14.5. Independence and flexibility in work, 14.6. Trips, 14.7. Financial support for start-up entrepreneurs",2,9,10,2,5,4,5,4,4,5,16.7. Development of universal mobile applications for travel planning and booking services
21.09.2024 16:18:31,,1.1. Male,2.1. 18 - 22 years old,3.9. Karaganda region,4.2. Not married,5.1. Student,6.5. No income,7.3. Entrepreneurship,1,8,10,7,10,7,9,8,9.9. Entertainment and leisure,"10.3. Communication skills, 10.9. Project management","11.5.National Chamber of Entrepreneurs ""Atameken"", 11.6.Grants for startups, 11.7. Consulting and mentoring from experienced entrepreneurs, 11.8. Educational courses and seminars on entrepreneurship",10,8,10,8,10,7,10,10,10,1,"14.3. Possibility of creating a family business, 14.4. International Bisuness, 14.6. Trips, 14.7. Financial support for start-up entrepreneurs",6,6,10,7,6,5,7,9,8,7,"16.3.Creating smart tours using biosensors that analyze tourists' emotions and states to offer personalized routes, 16.5.Implementation of 4D technologies, creating multidimensional tours that immerse you in the atmosphere of a place not only visually, but also tactilely and through smells, 16.7. Development of universal mobile applications for travel planning and booking services"
21.09.2024 17:07:28,,1.2. Female,2.1. 18 - 22 years old,3.9. Karaganda region,4.2. Not married,5.1. Student,6.5. No income,7.3. Entrepreneurship,10,6,10,10,10,10,10,10,9.12. Trade,"10.6. Planning, 10.8. Creative thinking, 10.9. Project management","11.1. JSC ""Entrepreneurship Development Fund ""Damu"", 11.5.National Chamber of Entrepreneurs ""Atameken"", 11.6.Grants for startups",10,10,10,6,9,9,9,3,9,4,"14.3. Possibility of creating a family business, 14.4. International Bisuness, 14.5. Independence and flexibility in work, 14.6. Trips",6,6,6,8,8,8,8,8,5,10,16.7. Development of universal mobile applications for travel planning and booking services
21.09.2024 21:39:58,,1.1. Male,2.4. 31 - 35 years old,3.9. Karaganda region,4.1. Married,5.3. Working specialist,6.3. 300 000 tg – 500 000 tg,7.3. Entrepreneurship,10,4,10,7,3,8,8,10,9.7. Catering,"10.3. Communication skills, 10.7. Stress resistance","11.1. JSC ""Entrepreneurship Development Fund ""Damu"", 11.5.National Chamber of Entrepreneurs ""Atameken""",10,10,10,1,10,10,10,7,10,5,"14.1. Quick start without initial investment, 14.2. Opportunities for innovation, 14.3. Possibility of creating a family business, 14.5. Independence and flexibility in work, 14.6. Trips, 14.7. Financial support for start-up entrepreneurs",8,8,5,8,10,10,8,10,7,8,"16.3.Creating smart tours using biosensors that analyze tourists' emotions and states to offer personalized routes, 16.7. Development of universal mobile applications for travel planning and booking services"
22.09.2024 14:03:41,,1.2. Female,2.1. 18 - 22 years old,3.9. Karaganda region,4.2. Not married,5.1. Student,6.5. No income,7.3. Entrepreneurship,10,10,10,10,10,10,10,10,9.4. Art,"10.2. Willingness to take risks, 10.6. Planning, 10.8. Creative thinking",11.11. No knowledge of such resources,10,10,10,10,10,10,10,10,10,2,"14.2. Opportunities for innovation, 14.4. International Bisuness, 14.6. Trips, 14.7. Financial support for start-up entrepreneurs",9,9,8,9,10,10,10,9,9,8,16.7. Development of universal mobile applications for travel planning and booking services
23.09.2024 15:58:49,,1.2. Female,2.1. 18 - 22 years old,3.9. Karaganda region,4.2. Not married,5.1. Student,6.5. No income,7.3. Entrepreneurship,10,10,10,10,10,10,10,10,9.14. Tourism,"10.6. Planning, 10.8. Creative thinking","11.6.Grants for startups, 11.9.Online Resources and Platforms for Entrepreneurs",10,10,10,10,10,10,10,10,10,3,"14.1. Quick start without initial investment, 14.2. Opportunities for innovation, 14.3. Possibility of creating a family business, 14.4. International Bisuness, 14.5. Independence and flexibility in work, 14.6. Trips, 14.7. Financial support for start-up entrepreneurs",10,10,10,10,10,10,10,10,10,10,"16.1. Development of holographic guides that can accompany tourists to historical sites and attractions, 16.2. Implementation of artificial intelligence technologies to create digital twins of tourist sites that can be explored online or via VR, 16.3.Creating smart tours using biosensors that analyze tourists' emotions and states to offer personalized routes, 16.4. Development of neural interfaces that allow tourists to interact with tourism applications and services using thoughts, 16.5.Implementation of 4D technologies, creating multidimensional tours that immerse you in the atmosphere of a place not only visually, but also tactilely and through smells, 16.6. Creating ""digital avatars"" of tourists that can represent them in an online environment and interact with other tourists and locals, 16.7. Development of universal mobile applications for travel planning and booking services"
23.09.2024 16:05:55,,1.2. Female,2.1. 18 - 22 years old,3.9. Karaganda region,4.2. Not married,5.1. Student,6.5. No income,7.3. Entrepreneurship,10,10,8,10,10,10,10,10,9.14. Tourism,"10.3. Communication skills, 10.4. Leadership, 10.8. Creative thinking",11.11. No knowledge of such resources,10,10,10,10,10,7,10,10,10,3,"14.2. Opportunities for innovation, 14.4. International Bisuness, 14.6. Trips",10,10,10,10,10,10,10,10,10,10,"16.6. Creating ""digital avatars"" of tourists that can represent them in an online environment and interact with other tourists and locals, 16.7. Development of universal mobile applications for travel planning and booking services"
23.09.2024 16:24:36,,1.2. Female,2.1. 18 - 22 years old,3.16. Ulytau region,4.2. Not married,5.1. Student,6.5. No income,7.2. Employment with guaranteed income.,5,7,4,8,4,5,8,10,9.14. Tourism,"10.1. Analytics, 10.6. Planning",11.11. No knowledge of such resources,8,9,9,10,10,5,5,7,10,2,"14.1. Quick start without initial investment, 14.6. Trips, 14.7. Financial support for start-up entrepreneurs",4,7,9,10,10,7,10,9,9,10,"16.1. Development of holographic guides that can accompany tourists to historical sites and attractions, 16.2. Implementation of artificial intelligence technologies to create digital twins of tourist sites that can be explored online or via VR, 16.3.Creating smart tours using biosensors that analyze tourists' emotions and states to offer personalized routes, 16.4. Development of neural interfaces that allow tourists to interact with tourism applications and services using thoughts, 16.5.Implementation of 4D technologies, creating multidimensional tours that immerse you in the atmosphere of a place not only visually, but also tactilely and through smells, 16.6. Creating ""digital avatars"" of tourists that can represent them in an online environment and interact with other tourists and locals, 16.7. Development of universal mobile applications for travel planning and booking services"
23.09.2024 16:24:51,,1.1. Male,2.1. 18 - 22 years old,3.9. Karaganda region,4.2. Not married,5.1. Student,6.5. No income,7.3. Entrepreneurship,10,10,5,5,10,10,10,10,9.1. Hotel sector,"10.1. Analytics, 10.3. Communication skills, 10.6. Planning, 10.8. Creative thinking, 10.10. Financial literacy",11.11. No knowledge of such resources,10,10,10,8,10,5,9,10,10,5,"14.2. Opportunities for innovation, 14.4. International Bisuness, 14.5. Independence and flexibility in work, 14.6. Trips, 14.7. Financial support for start-up entrepreneurs",10,10,10,10,10,5,5,3,2,1,"16.1. Development of holographic guides that can accompany tourists to historical sites and attractions, 16.3.Creating smart tours using biosensors that analyze tourists' emotions and states to offer personalized routes, 16.7. Development of universal mobile applications for travel planning and booking services"
23.09.2024 18:07:13,,1.2. Female,2.1. 18 - 22 years old,3.9. Karaganda region,4.2. Not married,5.1. Student,6.5. No income,7.2. Employment with guaranteed income.,8,7,1,9,9,9,9,9,9.14. Tourism,10.9. Project management,"11.4. State program ""Business Roadmap - 2025"", 11.9.Online Resources and Platforms for Entrepreneurs",10,10,10,10,7,7,8,8,9,5,"14.2. Opportunities for innovation, 14.4. International Bisuness, 14.5. Independence and flexibility in work, 14.6. Trips",3,10,9,9,9,9,7,8,8,8,"16.1. Development of holographic guides that can accompany tourists to historical sites and attractions, 16.2. Implementation of artificial intelligence technologies to create digital twins of tourist sites that can be explored online or via VR, 16.3.Creating smart tours using biosensors that analyze tourists' emotions and states to offer personalized routes, 16.5.Implementation of 4D technologies, creating multidimensional tours that immerse you in the atmosphere of a place not only visually, but also tactilely and through smells, 16.7. Development of universal mobile applications for travel planning and booking services"
23.09.2024 18:21:34,,1.2. Female,2.1. 18 - 22 years old,3.9. Karaganda region,4.2. Not married,5.1. Student,6.5. No income,7.3. Entrepreneurship,10,10,8,10,10,10,10,10,9.7. Catering,"10.3. Communication skills, 10.6. Planning, 10.7. Stress resistance","11.6.Grants for startups, 11.8. Educational courses and seminars on entrepreneurship, 11.9.Online Resources and Platforms for Entrepreneurs",10,10,10,10,10,10,10,10,10,5,"14.3. Possibility of creating a family business, 14.6. Trips",7,7,8,9,8,8,8,5,9,7,16.1. Development of holographic guides that can accompany tourists to historical sites and attractions
23.09.2024 23:03:50,,1.1. Male,2.4. 31 - 35 years old,3.9. Karaganda region,4.1. Married,5.5. Freelancer / self-employed,6.2. 150 000 tg – 300 000 tg,7.3. Entrepreneurship,1,1,1,1,1,1,1,1,9.7. Catering,"10.3. Communication skills, 10.4. Leadership, 10.5. Problem solving skills, 10.8. Creative thinking, 10.10. Financial literacy","11.3. JSC ""Qazaqstan Investment Corporation"", 11.11. No knowledge of such resources",1,1,1,1,1,1,1,1,1,1,"14.1. Quick start without initial investment, 14.6. Trips, 14.7. Financial support for start-up entrepreneurs",1,1,1,1,1,1,1,1,1,1,"16.1. Development of holographic guides that can accompany tourists to historical sites and attractions, 16.2. Implementation of artificial intelligence technologies to create digital twins of tourist sites that can be explored online or via VR, 16.7. Development of universal mobile applications for travel planning and booking services"
02.10.2024 16:53:57,,1.2. Female,2.1. 18 - 22 years old,3.16. Ulytau region,4.2. Not married,5.1. Student,6.5. No income,7.3. Entrepreneurship,10,9,7,9,10,4,9,10,9.1. Hotel sector,"10.4. Leadership, 10.5. Problem solving skills, 10.6. Planning, 10.10. Financial literacy","11.4. State program ""Business Roadmap - 2025""",10,9,10,8,8,9,7,8,8,4,"14.1. Quick start without initial investment, 14.2. Opportunities for innovation, 14.6. Trips",2,1,1,1,1,1,1,1,1,1,"16.1. Development of holographic guides that can accompany tourists to historical sites and attractions, 16.6. Creating ""digital avatars"" of tourists that can represent them in an online environment and interact with other tourists and locals"
02.10.2024 17:16:50,,1.2. Female,2.1. 18 - 22 years old,3.16. Ulytau region,4.2. Not married,5.1. Student,6.5. No income,7.3. Entrepreneurship,1,2,10,10,10,10,10,10,9.1. Hotel sector,"10.2. Willingness to take risks, 10.3. Communication skills, 10.4. Leadership, 10.5. Problem solving skills, 10.7. Stress resistance, 10.8. Creative thinking, 10.10. Financial literacy","11.1. JSC ""Entrepreneurship Development Fund ""Damu"", 11.2.JSC National Management Holding Baiterek, 11.5.National Chamber of Entrepreneurs ""Atameken""",10,10,10,10,10,10,10,10,10,3,"14.1. Quick start without initial investment, 14.5. Independence and flexibility in work, 14.6. Trips, 14.7. Financial support for start-up entrepreneurs",1,2,1,2,1,2,1,2,1,2,"16.1. Development of holographic guides that can accompany tourists to historical sites and attractions, 16.2. Implementation of artificial intelligence technologies to create digital twins of tourist sites that can be explored online or via VR, 16.3.Creating smart tours using biosensors that analyze tourists' emotions and states to offer personalized routes, 16.6. Creating ""digital avatars"" of tourists that can represent them in an online environment and interact with other tourists and locals, 16.7. Development of universal mobile applications for travel planning and booking services"
02.10.2024 17:47:31,,1.2. Female,2.1. 18 - 22 years old,3.16. Ulytau region,4.2. Not married,5.1. Student,6.2. 150 000 tg – 300 000 tg,7.3. Entrepreneurship,1,1,3,1,1,1,1,1,9.12. Trade,"10.3. Communication skills, 10.4. Leadership","11.2.JSC National Management Holding Baiterek, 11.5.National Chamber of Entrepreneurs ""Atameken""",1,1,1,2,1,2,2,1,1,1,"14.2. Opportunities for innovation, 14.6. Trips",1,2,2,2,1,2,1,3,3,1,"16.2. Implementation of artificial intelligence technologies to create digital twins of tourist sites that can be explored online or via VR, 16.3.Creating smart tours using biosensors that analyze tourists' emotions and states to offer personalized routes, 16.4. Development of neural interfaces that allow tourists to interact with tourism applications and services using thoughts"
02.10.2024 17:50:01,,1.1. Male,2.2. 23 - 25 years old,3.1. Abay region,4.1. Married,5.2. Civil servant,6.3. 300 000 tg – 500 000 tg,7.2. Employment with guaranteed income.,1,1,2,2,3,1,2,1,9.12. Trade,"10.4. Leadership, 10.5. Problem solving skills, 10.6. Planning",11.11. No knowledge of such resources,1,1,1,2,2,3,1,2,2,2,"14.1. Quick start without initial investment, 14.6. Trips",2,2,1,1,2,2,3,3,1,2,"16.2. Implementation of artificial intelligence technologies to create digital twins of tourist sites that can be explored online or via VR, 16.4. Development of neural interfaces that allow tourists to interact with tourism applications and services using thoughts"
02.10.2024 18:56:32,,1.2. Female,2.1. 18 - 22 years old,3.9. Karaganda region,4.2. Not married,5.1. Student,6.5. No income,7.1. Civil service,10,10,10,10,10,10,10,10,9.5. Logistics,"10.1. Analytics, 10.2. Willingness to take risks, 10.3. Communication skills, 10.4. Leadership, 10.6. Planning, 10.7. Stress resistance, 10.10. Financial literacy","11.1. JSC ""Entrepreneurship Development Fund ""Damu"", 11.2.JSC National Management Holding Baiterek, 11.3. JSC ""Qazaqstan Investment Corporation"", 11.8. Educational courses and seminars on entrepreneurship, 11.9.Online Resources and Platforms for Entrepreneurs",10,10,10,10,10,10,10,10,10,5,"14.2. Opportunities for innovation, 14.3. Possibility of creating a family business, 14.4. International Bisuness, 14.6. Trips",10,10,10,10,10,10,10,10,10,10,"16.1. Development of holographic guides that can accompany tourists to historical sites and attractions, 16.3.Creating smart tours using biosensors that analyze tourists' emotions and states to offer personalized routes, 16.5.Implementation of 4D technologies, creating multidimensional tours that immerse you in the atmosphere of a place not only visually, but also tactilely and through smells, 16.6. Creating ""digital avatars"" of tourists that can represent them in an online environment and interact with other tourists and locals"
02.10.2024 18:58:47,,1.2. Female,2.2. 23 - 25 years old,3.9. Karaganda region,4.2. Not married,5.2. Civil servant,6.5. No income,7.1. Civil service,10,10,10,10,10,10,10,10,9.14. Tourism,"10.1. Analytics, 10.2. Willingness to take risks, 10.3. Communication skills, 10.4. Leadership, 10.6. Planning, 10.10. Financial literacy","11.2.JSC National Management Holding Baiterek, 11.4. State program ""Business Roadmap - 2025"", 11.9.Online Resources and Platforms for Entrepreneurs, 11.10.Private Business Incubators and Accelerators",10,10,10,10,10,10,10,10,10,5,14.5. Independence and flexibility in work,9,9,10,10,10,10,10,10,10,10,"16.2. Implementation of artificial intelligence technologies to create digital twins of tourist sites that can be explored online or via VR, 16.3.Creating smart tours using biosensors that analyze tourists' emotions and states to offer personalized routes, 16.6. Creating ""digital avatars"" of tourists that can represent them in an online environment and interact with other tourists and locals, 16.7. Development of universal mobile applications for travel planning and booking services"
02.10.2024 19:01:05,,1.2. Female,2.1. 18 - 22 years old,3.9. Karaganda region,4.2. Not married,5.6. Unemployed,6.5. No income,7.2. Employment with guaranteed income.,10,10,10,10,10,10,10,10,9.9. Entertainment and leisure,"10.3. Communication skills, 10.4. Leadership, 10.9. Project management, 10.10. Financial literacy","11.1. JSC ""Entrepreneurship Development Fund ""Damu"", 11.2.JSC National Management Holding Baiterek, 11.9.Online Resources and Platforms for Entrepreneurs, 11.10.Private Business Incubators and Accelerators",10,10,10,10,10,10,10,10,9,5,"14.5. Independence and flexibility in work, 14.6. Trips, 14.7. Financial support for start-up entrepreneurs",10,10,10,10,10,10,10,10,10,10,"16.3.Creating smart tours using biosensors that analyze tourists' emotions and states to offer personalized routes, 16.6. Creating ""digital avatars"" of tourists that can represent them in an online environment and interact with other tourists and locals"
02.10.2024 19:03:21,,1.2. Female,2.2. 23 - 25 years old,3.9. Karaganda region,4.2. Not married,5.6. Unemployed,6.5. No income,7.2. Employment with guaranteed income.,10,10,10,10,10,10,10,10,9.14. Tourism,"10.4. Leadership, 10.7. Stress resistance, 10.8. Creative thinking","11.1. JSC ""Entrepreneurship Development Fund ""Damu"", 11.2.JSC National Management Holding Baiterek, 11.3. JSC ""Qazaqstan Investment Corporation"", 11.4. State program ""Business Roadmap - 2025"", 11.5.National Chamber of Entrepreneurs ""Atameken"", 11.9.Online Resources and Platforms for Entrepreneurs, 11.10.Private Business Incubators and Accelerators",10,10,10,10,10,10,10,10,10,5,"14.1. Quick start without initial investment, 14.5. Independence and flexibility in work, 14.6. Trips",10,10,10,10,10,10,10,10,10,10,"16.3.Creating smart tours using biosensors that analyze tourists' emotions and states to offer personalized routes, 16.4. Development of neural interfaces that allow tourists to interact with tourism applications and services using thoughts"
02.10.2024 19:07:02,,1.2. Female,2.3. 26 - 30 years old,3.9. Karaganda region,4.2. Not married,5.2. Civil servant,6.1. 85 000 tg - 150 000 tg,7.1. Civil service,10,10,10,10,10,10,10,10,9.3. Information Technology,"10.2. Willingness to take risks, 10.4. Leadership, 10.6. Planning, 10.8. Creative thinking, 10.10. Financial literacy","11.2.JSC National Management Holding Baiterek, 11.4. State program ""Business Roadmap - 2025"", 11.6.Grants for startups, 11.8. Educational courses and seminars on entrepreneurship, 11.10.Private Business Incubators and Accelerators",10,10,10,10,10,10,10,10,10,5,"14.2. Opportunities for innovation, 14.4. International Bisuness, 14.6. Trips",10,10,10,10,10,10,10,10,10,10,"16.2. Implementation of artificial intelligence technologies to create digital twins of tourist sites that can be explored online or via VR, 16.4. Development of neural interfaces that allow tourists to interact with tourism applications and services using thoughts, 16.6. Creating ""digital avatars"" of tourists that can represent them in an online environment and interact with other tourists and locals"
02.10.2024 19:08:28,,1.2. Female,2.2. 23 - 25 years old,3.9. Karaganda region,4.2. Not married,5.2. Civil servant,6.2. 150 000 tg – 300 000 tg,7.2. Employment with guaranteed income.,10,10,10,10,10,10,10,10,9.4. Art,"10.1. Analytics, 10.3. Communication skills, 10.5. Problem solving skills, 10.7. Stress resistance, 10.9. Project management","11.1. JSC ""Entrepreneurship Development Fund ""Damu"", 11.3. JSC ""Qazaqstan Investment Corporation"", 11.5.National Chamber of Entrepreneurs ""Atameken"", 11.7. Consulting and mentoring from experienced entrepreneurs, 11.9.Online Resources and Platforms for Entrepreneurs",10,10,10,10,10,10,10,10,10,5,"14.2. Opportunities for innovation, 14.4. International Bisuness, 14.6. Trips",10,10,10,10,10,10,10,10,10,10,"16.1. Development of holographic guides that can accompany tourists to historical sites and attractions, 16.3.Creating smart tours using biosensors that analyze tourists' emotions and states to offer personalized routes, 16.5.Implementation of 4D technologies, creating multidimensional tours that immerse you in the atmosphere of a place not only visually, but also tactilely and through smells, 16.7. Development of universal mobile applications for travel planning and booking services"
03.10.2024 13:43:23,,1.1. Male,2.2. 23 - 25 years old,3.4. Almaty region,4.2. Not married,5.5. Freelancer / self-employed,6.3. 300 000 tg – 500 000 tg,7.3. Entrepreneurship,7,8,8,7,8,9,8,9,9.14. Tourism,10.7. Stress resistance,"11.1. JSC ""Entrepreneurship Development Fund ""Damu""",9,8,9,9,8,9,9,9,9,5,14.3. Possibility of creating a family business,9,10,10,10,10,10,10,10,9,9,16.3.Creating smart tours using biosensors that analyze tourists' emotions and states to offer personalized routes
03.10.2024 13:45:02,,1.2. Female,2.4. 31 - 35 years old,3.14. North Kazakhstan region,4.1. Married,5.3. Working specialist,6.3. 300 000 tg – 500 000 tg,7.2. Employment with guaranteed income.,8,9,9,8,8,9,9,8,9.14. Tourism,"10.4. Leadership, 10.8. Creative thinking","11.3. JSC ""Qazaqstan Investment Corporation""",8,8,8,9,9,9,8,8,8,5,14.2. Opportunities for innovation,9,9,10,10,10,10,10,9,9,9,"16.5.Implementation of 4D technologies, creating multidimensional tours that immerse you in the atmosphere of a place not only visually, but also tactilely and through smells"
03.10.2024 13:46:20,,1.1. Male,2.2. 23 - 25 years old,3.16. Ulytau region,4.2. Not married,5.3. Working specialist,6.4. More than 500 000 tg,7.2. Employment with guaranteed income.,8,9,8,8,8,9,8,9,9.14. Tourism,10.2. Willingness to take risks,11.7. Consulting and mentoring from experienced entrepreneurs,9,9,10,10,10,9,9,9,9,5,"14.1. Quick start without initial investment, 14.3. Possibility of creating a family business",9,9,9,9,10,10,10,10,10,10,16.7. Development of universal mobile applications for travel planning and booking services
03.10.2024 13:48:03,,1.1. Male,2.1. 18 - 22 years old,3.6. West Kazakhstan region,4.1. Married,5.5. Freelancer / self-employed,6.4. More than 500 000 tg,7.1. Civil service,7,7,6,7,8,7,7,7,9.14. Tourism,10.5. Problem solving skills,11.6.Grants for startups,8,8,8,9,9,9,8,9,9,5,14.1. Quick start without initial investment,10,9,9,10,10,9,10,10,9,9,16.4. Development of neural interfaces that allow tourists to interact with tourism applications and services using thoughts
03.10.2024 13:49:03,,1.2. Female,2.4. 31 - 35 years old,3.6. West Kazakhstan region,4.2. Not married,5.6. Unemployed,6.1. 85 000 tg - 150 000 tg,7.3. Entrepreneurship,10,10,4,10,10,10,10,10,9.14. Tourism,"10.1. Analytics, 10.2. Willingness to take risks, 10.3. Communication skills, 10.4. Leadership, 10.5. Problem solving skills, 10.6. Planning, 10.7. Stress resistance","11.1. JSC ""Entrepreneurship Development Fund ""Damu"", 11.2.JSC National Management Holding Baiterek, 11.4. State program ""Business Roadmap - 2025"", 11.5.National Chamber of Entrepreneurs ""Atameken"", 11.6.Grants for startups, 11.7. Consulting and mentoring from experienced entrepreneurs",10,10,10,10,10,10,10,10,10,5,"14.1. Quick start without initial investment, 14.2. Opportunities for innovation, 14.3. Possibility of creating a family business, 14.4. International Bisuness, 14.5. Independence and flexibility in work, 14.6. Trips",10,10,10,10,10,10,10,10,10,10,"16.1. Development of holographic guides that can accompany tourists to historical sites and attractions, 16.2. Implementation of artificial intelligence technologies to create digital twins of tourist sites that can be explored online or via VR, 16.3.Creating smart tours using biosensors that analyze tourists' emotions and states to offer personalized routes, 16.6. Creating ""digital avatars"" of tourists that can represent them in an online environment and interact with other tourists and locals, 16.7. Development of universal mobile applications for travel planning and booking services"
03.10.2024 13:49:20,,1.2. Female,2.3. 26 - 30 years old,3.17. East Kazakhstan region,4.2. Not married,5.3. Working specialist,6.1. 85 000 tg - 150 000 tg,7.1. Civil service,8,9,8,9,8,9,8,9,9.14. Tourism,10.9. Project management,11.9.Online Resources and Platforms for Entrepreneurs,9,9,9,9,9,9,9,9,9,5,14.5. Independence and flexibility in work,9,10,10,10,9,9,9,10,10,10,16.1. Development of holographic guides that can accompany tourists to historical sites and attractions
03.10.2024 13:50:43,,1.1. Male,2.3. 26 - 30 years old,3.8. Zhetisu region,4.1. Married,5.5. Freelancer / self-employed,6.4. More than 500 000 tg,7.2. Employment with guaranteed income.,8,9,9,9,8,8,8,9,9.14. Tourism,10.2. Willingness to take risks,"11.5.National Chamber of Entrepreneurs ""Atameken""",8,8,8,8,8,8,8,8,8,5,14.5. Independence and flexibility in work,10,10,9,10,9,10,10,9,10,10,16.3.Creating smart tours using biosensors that analyze tourists' emotions and states to offer personalized routes
03.10.2024 13:51:49,,1.2. Female,2.2. 23 - 25 years old,3.7. Zhambyl region,4.1. Married,5.4. Entrepreneur,6.3. 300 000 tg – 500 000 tg,7.3. Entrepreneurship,9,9,8,9,9,8,10,8,9.14. Tourism,"10.3. Communication skills, 10.5. Problem solving skills, 10.7. Stress resistance, 10.9. Project management","11.2.JSC National Management Holding Baiterek, 11.3. JSC ""Qazaqstan Investment Corporation"", 11.4. State program ""Business Roadmap - 2025"", 11.5.National Chamber of Entrepreneurs ""Atameken"", 11.10.Private Business Incubators and Accelerators",9,9,8,8,9,8,8,8,9,5,"14.5. Independence and flexibility in work, 14.6. Trips, 14.7. Financial support for start-up entrepreneurs",9,9,10,10,9,9,9,10,9,9,"16.2. Implementation of artificial intelligence technologies to create digital twins of tourist sites that can be explored online or via VR, 16.4. Development of neural interfaces that allow tourists to interact with tourism applications and services using thoughts, 16.5.Implementation of 4D technologies, creating multidimensional tours that immerse you in the atmosphere of a place not only visually, but also tactilely and through smells"
03.10.2024 13:52:43,,1.1. Male,2.3. 26 - 30 years old,3.19. Almaty city,4.2. Not married,5.5. Freelancer / self-employed,6.4. More than 500 000 tg,7.2. Employment with guaranteed income.,8,9,8,9,9,8,8,8,9.14. Tourism,10.5. Problem solving skills,"11.7. Consulting and mentoring from experienced entrepreneurs, 11.10.Private Business Incubators and Accelerators, 11.11. No knowledge of such resources",9,8,9,8,8,8,8,9,9,5,"14.3. Possibility of creating a family business, 14.4. International Bisuness, 14.6. Trips, 14.7. Financial support for start-up entrepreneurs",9,10,10,10,10,9,10,10,9,10,"16.2. Implementation of artificial intelligence technologies to create digital twins of tourist sites that can be explored online or via VR, 16.3.Creating smart tours using biosensors that analyze tourists' emotions and states to offer personalized routes, 16.4. Development of neural interfaces that allow tourists to interact with tourism applications and services using thoughts"
03.10.2024 14:16:32,,1.2. Female,2.4. 31 - 35 years old,3.11. Kyzylorda region,4.2. Not married,5.6. Unemployed,6.2. 150 000 tg – 300 000 tg,7.3. Entrepreneurship,10,10,10,10,10,10,10,10,9.14. Tourism,"10.1. Analytics, 10.2. Willingness to take risks, 10.3. Communication skills, 10.4. Leadership, 10.7. Stress resistance","11.1. JSC ""Entrepreneurship Development Fund ""Damu"", 11.2.JSC National Management Holding Baiterek, 11.3. JSC ""Qazaqstan Investment Corporation"", 11.4. State program ""Business Roadmap - 2025"", 11.5.National Chamber of Entrepreneurs ""Atameken"", 11.6.Grants for startups, 11.9.Online Resources and Platforms for Entrepreneurs",10,10,10,10,10,10,10,10,10,5,"14.1. Quick start without initial investment, 14.3. Possibility of creating a family business, 14.4. International Bisuness",10,10,10,10,10,10,10,10,10,10,"16.1. Development of holographic guides that can accompany tourists to historical sites and attractions, 16.3.Creating smart tours using biosensors that analyze tourists' emotions and states to offer personalized routes, 16.5.Implementation of 4D technologies, creating multidimensional tours that immerse you in the atmosphere of a place not only visually, but also tactilely and through smells, 16.6. Creating ""digital avatars"" of tourists that can represent them in an online environment and interact with other tourists and locals"
03.10.2024 16:35:42,,1.1. Male,2.3. 26 - 30 years old,3.4. Almaty region,4.1. Married,5.1. Student,6.1. 85 000 tg - 150 000 tg,7.1. Civil service,1,2,1,2,1,2,1,2,9.1. Hotel sector,10.6. Planning,"11.1. JSC ""Entrepreneurship Development Fund ""Damu""",1,3,2,2,3,2,2,3,3,1,14.6. Trips,1,2,1,2,2,2,2,2,1,2,16.1. Development of holographic guides that can accompany tourists to historical sites and attractions
03.10.2024 16:36:23,,1.2. Female,2.1. 18 - 22 years old,3.16. Ulytau region,4.2. Not married,5.1. Student,6.1. 85 000 tg - 150 000 tg,7.2. Employment with guaranteed income.,1,1,2,2,2,2,2,2,9.2. Healthcare,10.1. Analytics,"11.1. JSC ""Entrepreneurship Development Fund ""Damu""",2,1,2,2,2,2,2,2,2,3,14.4. International Bisuness,1,1,1,1,1,1,1,1,1,1,16.2. Implementation of artificial intelligence technologies to create digital twins of tourist sites that can be explored online or via VR
03.10.2024 16:39:03,,1.2. Female,2.1. 18 - 22 years old,3.5. Atyrau region,4.1. Married,5.6. Unemployed,6.2. 150 000 tg – 300 000 tg,7.1. Civil service,2,2,2,2,1,3,2,2,9.1. Hotel sector,10.8. Creative thinking,"11.1. JSC ""Entrepreneurship Development Fund ""Damu""",1,3,2,2,3,2,2,3,2,4,14.3. Possibility of creating a family business,1,2,1,2,1,2,1,2,1,2,16.1. Development of holographic guides that can accompany tourists to historical sites and attractions
03.10.2024 16:40:41,,1.2. Female,2.2. 23 - 25 years old,3.16. Ulytau region,4.2. Not married,5.4. Entrepreneur,6.3. 300 000 tg – 500 000 tg,7.2. Employment with guaranteed income.,1,2,3,1,1,1,1,1,9.15.Financial and credit sector,10.3. Communication skills,"11.1. JSC ""Entrepreneurship Development Fund ""Damu""",1,1,1,1,1,1,1,1,1,2,14.1. Quick start without initial investment,1,2,2,2,2,2,2,2,2,2,16.1. Development of holographic guides that can accompany tourists to historical sites and attractions
03.10.2024 16:41:24,,1.2. Female,2.1. 18 - 22 years old,3.2. Akmola region,4.1. Married,5.1. Student,6.5. No income,7.1. Civil service,3,2,1,2,3,2,1,2,9.16. Excursions and guide services,10.4. Leadership,11.11. No knowledge of such resources,2,2,2,2,2,2,2,2,2,3,14.4. International Bisuness,2,2,2,2,2,2,2,2,2,2,16.1. Development of holographic guides that can accompany tourists to historical sites and attractions
03.10.2024 17:08:24,,1.2. Female,2.4. 31 - 35 years old,3.2. Akmola region,4.1. Married,5.6. Unemployed,6.5. No income,7.3. Entrepreneurship,10,10,10,10,10,10,10,10,9.14. Tourism,"10.1. Analytics, 10.2. Willingness to take risks, 10.4. Leadership, 10.7. Stress resistance","11.1. JSC ""Entrepreneurship Development Fund ""Damu"", 11.2.JSC National Management Holding Baiterek, 11.3. JSC ""Qazaqstan Investment Corporation"", 11.4. State program ""Business Roadmap - 2025"", 11.6.Grants for startups",10,10,10,10,10,10,10,10,10,5,"14.1. Quick start without initial investment, 14.3. Possibility of creating a family business, 14.5. Independence and flexibility in work, 14.6. Trips",10,10,10,10,10,10,10,10,10,10,"16.1. Development of holographic guides that can accompany tourists to historical sites and attractions, 16.2. Implementation of artificial intelligence technologies to create digital twins of tourist sites that can be explored online or via VR, 16.3.Creating smart tours using biosensors that analyze tourists' emotions and states to offer personalized routes, 16.5.Implementation of 4D technologies, creating multidimensional tours that immerse you in the atmosphere of a place not only visually, but also tactilely and through smells, 16.6. Creating ""digital avatars"" of tourists that can represent them in an online environment and interact with other tourists and locals"
03.10.2024 17:18:26,,1.2. Female,2.1. 18 - 22 years old,3.1. Abay region,4.1. Married,5.6. Unemployed,6.1. 85 000 tg - 150 000 tg,7.1. Civil service,1,1,1,1,1,1,1,1,9.4. Art,10.8. Creative thinking,"11.1. JSC ""Entrepreneurship Development Fund ""Damu""",1,2,1,2,1,2,1,2,2,5,14.4. International Bisuness,1,2,3,2,1,2,3,2,1,2,16.2. Implementation of artificial intelligence technologies to create digital twins of tourist sites that can be explored online or via VR
03.10.2024 17:19:54,,1.1. Male,2.4. 31 - 35 years old,3.2. Akmola region,4.2. Not married,5.3. Working specialist,6.5. No income,7.3. Entrepreneurship,4,4,4,4,3,2,2,3,9.6. Education,10.5. Problem solving skills,"11.3. JSC ""Qazaqstan Investment Corporation""",2,3,2,3,2,2,1,1,1,2,14.5. Independence and flexibility in work,2,1,3,3,3,2,1,2,2,2,16.3.Creating smart tours using biosensors that analyze tourists' emotions and states to offer personalized routes
03.10.2024 17:21:25,,1.1. Male,2.2. 23 - 25 years old,3.4. Almaty region,4.2. Not married,5.1. Student,6.1. 85 000 tg - 150 000 tg,7.3. Entrepreneurship,1,2,1,2,1,2,1,2,9.6. Education,10.1. Analytics,11.2.JSC National Management Holding Baiterek,1,3,2,1,2,3,2,1,2,3,14.6. Trips,2,1,2,1,2,3,2,3,2,3,16.4. Development of neural interfaces that allow tourists to interact with tourism applications and services using thoughts
03.10.2024 17:23:02,,1.2. Female,2.1. 18 - 22 years old,3.13. Pavlodar region,4.2. Not married,5.3. Working specialist,6.4. More than 500 000 tg,7.2. Employment with guaranteed income.,1,2,1,3,2,2,2,2,9.5. Logistics,10.2. Willingness to take risks,"11.4. State program ""Business Roadmap - 2025""",1,2,1,2,1,2,1,2,1,4,14.4. International Bisuness,1,2,2,2,2,2,2,2,2,2,16.3.Creating smart tours using biosensors that analyze tourists' emotions and states to offer personalized routes
03.10.2024 17:24:23,,1.2. Female,2.3. 26 - 30 years old,3.20. Shymkent city,4.2. Not married,5.5. Freelancer / self-employed,6.3. 300 000 tg – 500 000 tg,7.2. Employment with guaranteed income.,3,2,2,1,3,3,2,1,9.5. Logistics,10.1. Analytics,"11.1. JSC ""Entrepreneurship Development Fund ""Damu""",2,1,3,3,3,2,2,1,1,5,14.1. Quick start without initial investment,1,2,3,2,2,1,1,2,2,3,16.2. Implementation of artificial intelligence technologies to create digital twins of tourist sites that can be explored online or via VR
03.10.2024 17:25:55,,1.1. Male,2.3. 26 - 30 years old,3.2. Akmola region,4.2. Not married,5.1. Student,6.4. More than 500 000 tg,7.3. Entrepreneurship,2,2,2,2,2,2,2,2,9.7. Catering,10.1. Analytics,11.8. Educational courses and seminars on entrepreneurship,2,2,2,2,2,2,2,2,3,1,14.3. Possibility of creating a family business,1,1,1,1,2,2,2,3,3,3,16.2. Implementation of artificial intelligence technologies to create digital twins of tourist sites that can be explored online or via VR
03.10.2024 17:28:00,,1.2. Female,2.1. 18 - 22 years old,3.3. Aktobe region,4.1. Married,5.5. Freelancer / self-employed,6.3. 300 000 tg – 500 000 tg,7.1. Civil service,2,2,2,2,2,2,2,2,9.4. Art,10.5. Problem solving skills,"11.5.National Chamber of Entrepreneurs ""Atameken""",1,3,3,3,2,2,1,1,1,5,14.6. Trips,1,2,1,2,1,2,1,2,2,2,16.2. Implementation of artificial intelligence technologies to create digital twins of tourist sites that can be explored online or via VR
03.10.2024 17:28:40,,1.2. Female,2.4. 31 - 35 years old,3.1. Abay region,4.1. Married,5.2. Civil servant,6.5. No income,7.3. Entrepreneurship,2,2,2,2,2,2,2,2,9.6. Education,10.8. Creative thinking,"11.1. JSC ""Entrepreneurship Development Fund ""Damu""",1,3,3,2,2,2,3,3,3,5,14.3. Possibility of creating a family business,1,1,1,1,1,1,1,1,1,1,16.2. Implementation of artificial intelligence technologies to create digital twins of tourist sites that can be explored online or via VR
03.10.2024 17:29:18,,1.2. Female,2.1. 18 - 22 years old,3.3. Aktobe region,4.1. Married,5.4. Entrepreneur,6.5. No income,7.2. Employment with guaranteed income.,3,3,3,2,2,2,2,2,9.2. Healthcare,10.1. Analytics,"11.1. JSC ""Entrepreneurship Development Fund ""Damu""",1,1,1,1,2,2,2,2,2,1,14.5. Independence and flexibility in work,1,1,1,1,2,1,1,1,1,1,16.2. Implementation of artificial intelligence technologies to create digital twins of tourist sites that can be explored online or via VR
03.10.2024 17:33:18,,1.2. Female,2.1. 18 - 22 years old,3.2. Akmola region,4.1. Married,5.3. Working specialist,6.1. 85 000 tg - 150 000 tg,7.2. Employment with guaranteed income.,2,3,1,2,3,2,2,2,9.1. Hotel sector,10.2. Willingness to take risks,11.2.JSC National Management Holding Baiterek,1,1,1,1,1,1,1,1,1,2,14.1. Quick start without initial investment,1,1,1,1,2,2,2,2,2,2,16.2. Implementation of artificial intelligence technologies to create digital twins of tourist sites that can be explored online or via VR
03.10.2024 17:38:44,,1.1. Male,2.1. 18 - 22 years old,3.1. Abay region,4.1. Married,5.6. Unemployed,6.1. 85 000 tg - 150 000 tg,7.3. Entrepreneurship,2,2,3,3,3,2,2,2,9.4. Art,10.2. Willingness to take risks,11.2.JSC National Management Holding Baiterek,1,2,1,2,1,2,1,2,1,4,14.4. International Bisuness,1,3,2,2,2,2,3,2,2,2,16.1. Development of holographic guides that can accompany tourists to historical sites and attractions
03.10.2024 17:41:31,,1.1. Male,2.4. 31 - 35 years old,3.4. Almaty region,4.1. Married,5.4. Entrepreneur,6.4. More than 500 000 tg,7.2. Employment with guaranteed income.,2,2,2,2,2,1,3,3,9.5. Logistics,10.2. Willingness to take risks,"11.4. State program ""Business Roadmap - 2025""",2,2,1,1,1,2,2,3,3,3,14.4. International Bisuness,2,2,1,1,2,2,1,1,2,2,16.1. Development of holographic guides that can accompany tourists to historical sites and attractions
03.10.2024 20:56:15,,1.2. Female,2.1. 18 - 22 years old,3.6. West Kazakhstan region,4.2. Not married,5.3. Working specialist,6.2. 150 000 tg – 300 000 tg,7.2. Employment with guaranteed income.,10,10,10,10,10,10,10,10,9.2. Healthcare,"10.1. Analytics, 10.5. Problem solving skills, 10.7. Stress resistance, 10.9. Project management, 10.10. Financial literacy","11.2.JSC National Management Holding Baiterek, 11.4. State program ""Business Roadmap - 2025"", 11.6.Grants for startups, 11.7. Consulting and mentoring from experienced entrepreneurs, 11.9.Online Resources and Platforms for Entrepreneurs, 11.10.Private Business Incubators and Accelerators",10,10,10,10,10,10,10,10,10,4,"14.1. Quick start without initial investment, 14.4. International Bisuness",10,10,10,10,10,10,10,10,10,10,"16.2. Implementation of artificial intelligence technologies to create digital twins of tourist sites that can be explored online or via VR, 16.3.Creating smart tours using biosensors that analyze tourists' emotions and states to offer personalized routes, 16.4. Development of neural interfaces that allow tourists to interact with tourism applications and services using thoughts"
03.10.2024 20:57:09,,1.2. Female,2.1. 18 - 22 years old,3.8. Zhetisu region,4.2. Not married,5.1. Student,6.5. No income,7.1. Civil service,10,10,10,10,10,10,10,10,9.9. Entertainment and leisure,"10.2. Willingness to take risks, 10.4. Leadership, 10.6. Planning, 10.8. Creative thinking, 10.9. Project management","11.2.JSC National Management Holding Baiterek, 11.5.National Chamber of Entrepreneurs ""Atameken"", 11.7. Consulting and mentoring from experienced entrepreneurs, 11.8. Educational courses and seminars on entrepreneurship, 11.9.Online Resources and Platforms for Entrepreneurs",10,10,10,10,10,10,10,10,10,5,"14.2. Opportunities for innovation, 14.5. Independence and flexibility in work, 14.7. Financial support for start-up entrepreneurs",10,10,10,10,10,10,10,10,10,10,"16.2. Implementation of artificial intelligence technologies to create digital twins of tourist sites that can be explored online or via VR, 16.4. Development of neural interfaces that allow tourists to interact with tourism applications and services using thoughts, 16.5.Implementation of 4D technologies, creating multidimensional tours that immerse you in the atmosphere of a place not only visually, but also tactilely and through smells, 16.6. Creating ""digital avatars"" of tourists that can represent them in an online environment and interact with other tourists and locals"
03.10.2024 20:58:05,,1.2. Female,2.1. 18 - 22 years old,3.4. Almaty region,4.2. Not married,5.3. Working specialist,6.5. No income,7.2. Employment with guaranteed income.,10,10,10,10,10,10,10,10,9.8. Industry,"10.3. Communication skills, 10.6. Planning, 10.7. Stress resistance, 10.8. Creative thinking","11.2.JSC National Management Holding Baiterek, 11.4. State program ""Business Roadmap - 2025"", 11.5.National Chamber of Entrepreneurs ""Atameken"", 11.8. Educational courses and seminars on entrepreneurship",10,10,10,10,10,10,10,10,10,5,"14.3. Possibility of creating a family business, 14.6. Trips",10,10,10,10,10,10,10,10,10,10,"16.1. Development of holographic guides that can accompany tourists to historical sites and attractions, 16.3.Creating smart tours using biosensors that analyze tourists' emotions and states to offer personalized routes, 16.4. Development of neural interfaces that allow tourists to interact with tourism applications and services using thoughts, 16.5.Implementation of 4D technologies, creating multidimensional tours that immerse you in the atmosphere of a place not only visually, but also tactilely and through smells"
03.10.2024 20:58:57,,1.2. Female,2.1. 18 - 22 years old,3.2. Akmola region,4.2. Not married,5.2. Civil servant,6.1. 85 000 tg - 150 000 tg,7.3. Entrepreneurship,10,10,10,10,10,10,10,10,9.2. Healthcare,"10.2. Willingness to take risks, 10.5. Problem solving skills, 10.7. Stress resistance, 10.9. Project management","11.2.JSC National Management Holding Baiterek, 11.4. State program ""Business Roadmap - 2025"", 11.6.Grants for startups, 11.8. Educational courses and seminars on entrepreneurship, 11.9.Online Resources and Platforms for Entrepreneurs",10,10,10,10,10,10,10,10,10,5,"14.2. Opportunities for innovation, 14.4. International Bisuness, 14.6. Trips",10,10,10,10,10,10,10,10,10,10,"16.2. Implementation of artificial intelligence technologies to create digital twins of tourist sites that can be explored online or via VR, 16.3.Creating smart tours using biosensors that analyze tourists' emotions and states to offer personalized routes, 16.5.Implementation of 4D technologies, creating multidimensional tours that immerse you in the atmosphere of a place not only visually, but also tactilely and through smells, 16.7. Development of universal mobile applications for travel planning and booking services"
03.10.2024 20:59:43,,1.2. Female,2.1. 18 - 22 years old,3.9. Karaganda region,4.2. Not married,5.4. Entrepreneur,6.1. 85 000 tg - 150 000 tg,7.1. Civil service,10,10,10,10,10,10,10,10,9.3. Information Technology,"10.3. Communication skills, 10.4. Leadership, 10.8. Creative thinking, 10.9. Project management","11.2.JSC National Management Holding Baiterek, 11.3. JSC ""Qazaqstan Investment Corporation"", 11.5.National Chamber of Entrepreneurs ""Atameken"", 11.8. Educational courses and seminars on entrepreneurship, 11.9.Online Resources and Platforms for Entrepreneurs, 11.10.Private Business Incubators and Accelerators",10,10,10,10,10,10,10,10,10,5,"14.2. Opportunities for innovation, 14.3. Possibility of creating a family business, 14.5. Independence and flexibility in work",10,10,10,10,10,10,10,10,10,10,"16.2. Implementation of artificial intelligence technologies to create digital twins of tourist sites that can be explored online or via VR, 16.3.Creating smart tours using biosensors that analyze tourists' emotions and states to offer personalized routes, 16.4. Development of neural interfaces that allow tourists to interact with tourism applications and services using thoughts, 16.5.Implementation of 4D technologies, creating multidimensional tours that immerse you in the atmosphere of a place not only visually, but also tactilely and through smells, 16.6. Creating ""digital avatars"" of tourists that can represent them in an online environment and interact with other tourists and locals"
03.10.2024 21:00:30,,1.2. Female,2.3. 26 - 30 years old,3.12. Mangistau region,4.1. Married,5.6. Unemployed,6.5. No income,7.2. Employment with guaranteed income.,10,10,10,10,10,10,10,10,9.10. Agriculture,"10.2. Willingness to take risks, 10.3. Communication skills, 10.4. Leadership, 10.5. Problem solving skills","11.1. JSC ""Entrepreneurship Development Fund ""Damu"", 11.3. JSC ""Qazaqstan Investment Corporation"", 11.5.National Chamber of Entrepreneurs ""Atameken"", 11.8. Educational courses and seminars on entrepreneurship, 11.9.Online Resources and Platforms for Entrepreneurs",10,10,10,10,10,10,10,10,10,5,"14.3. Possibility of creating a family business, 14.5. Independence and flexibility in work, 14.7. Financial support for start-up entrepreneurs",10,10,10,10,10,10,10,10,10,10,"16.2. Implementation of artificial intelligence technologies to create digital twins of tourist sites that can be explored online or via VR, 16.4. Development of neural interfaces that allow tourists to interact with tourism applications and services using thoughts, 16.5.Implementation of 4D technologies, creating multidimensional tours that immerse you in the atmosphere of a place not only visually, but also tactilely and through smells, 16.6. Creating ""digital avatars"" of tourists that can represent them in an online environment and interact with other tourists and locals"
03.10.2024 21:01:21,,1.1. Male,2.1. 18 - 22 years old,3.13. Pavlodar region,4.2. Not married,5.1. Student,6.5. No income,7.1. Civil service,10,10,10,10,10,10,10,10,9.3. Information Technology,"10.2. Willingness to take risks, 10.4. Leadership, 10.6. Planning, 10.8. Creative thinking, 10.10. Financial literacy","11.2.JSC National Management Holding Baiterek, 11.4. State program ""Business Roadmap - 2025"", 11.5.National Chamber of Entrepreneurs ""Atameken"", 11.8. Educational courses and seminars on entrepreneurship, 11.9.Online Resources and Platforms for Entrepreneurs, 11.10.Private Business Incubators and Accelerators",10,10,10,10,10,10,10,10,10,5,"14.2. Opportunities for innovation, 14.4. International Bisuness, 14.7. Financial support for start-up entrepreneurs",10,10,10,10,10,10,10,10,10,10,"16.2. Implementation of artificial intelligence technologies to create digital twins of tourist sites that can be explored online or via VR, 16.3.Creating smart tours using biosensors that analyze tourists' emotions and states to offer personalized routes, 16.4. Development of neural interfaces that allow tourists to interact with tourism applications and services using thoughts, 16.6. Creating ""digital avatars"" of tourists that can represent them in an online environment and interact with other tourists and locals"
03.10.2024 21:03:04,,1.1. Male,2.3. 26 - 30 years old,3.9. Karaganda region,4.1. Married,5.2. Civil servant,6.1. 85 000 tg - 150 000 tg,7.1. Civil service,10,10,10,10,10,10,10,10,9.15.Financial and credit sector,"10.3. Communication skills, 10.5. Problem solving skills, 10.8. Creative thinking, 10.9. Project management","11.2.JSC National Management Holding Baiterek, 11.3. JSC ""Qazaqstan Investment Corporation"", 11.5.National Chamber of Entrepreneurs ""Atameken"", 11.7. Consulting and mentoring from experienced entrepreneurs, 11.9.Online Resources and Platforms for Entrepreneurs",10,10,10,10,10,10,10,10,10,5,"14.3. Possibility of creating a family business, 14.5. Independence and flexibility in work, 14.6. Trips",10,10,10,10,10,10,10,10,10,10,"16.2. Implementation of artificial intelligence technologies to create digital twins of tourist sites that can be explored online or via VR, 16.3.Creating smart tours using biosensors that analyze tourists' emotions and states to offer personalized routes, 16.6. Creating ""digital avatars"" of tourists that can represent them in an online environment and interact with other tourists and locals, 16.7. Development of universal mobile applications for travel planning and booking services"
03.10.2024 21:04:14,,1.1. Male,2.1. 18 - 22 years old,3.9. Karaganda region,4.2. Not married,5.1. Student,6.5. No income,7.2. Employment with guaranteed income.,10,10,10,10,10,10,10,10,9.4. Art,"10.2. Willingness to take risks, 10.5. Problem solving skills, 10.7. Stress resistance, 10.9. Project management","11.1. JSC ""Entrepreneurship Development Fund ""Damu"", 11.3. JSC ""Qazaqstan Investment Corporation"", 11.6.Grants for startups, 11.8. Educational courses and seminars on entrepreneurship, 11.10.Private Business Incubators and Accelerators",10,10,10,10,10,10,10,10,10,5,"14.1. Quick start without initial investment, 14.3. Possibility of creating a family business",10,10,10,10,10,10,10,10,10,10,"16.2. Implementation of artificial intelligence technologies to create digital twins of tourist sites that can be explored online or via VR, 16.3.Creating smart tours using biosensors that analyze tourists' emotions and states to offer personalized routes, 16.4. Development of neural interfaces that allow tourists to interact with tourism applications and services using thoughts, 16.5.Implementation of 4D technologies, creating multidimensional tours that immerse you in the atmosphere of a place not only visually, but also tactilely and through smells, 16.6. Creating ""digital avatars"" of tourists that can represent them in an online environment and interact with other tourists and locals"
03.10.2024 21:05:17,,1.1. Male,2.1. 18 - 22 years old,3.9. Karaganda region,4.2. Not married,5.1. Student,6.1. 85 000 tg - 150 000 tg,7.2. Employment with guaranteed income.,10,10,10,10,10,10,10,10,9.3. Information Technology,"10.2. Willingness to take risks, 10.5. Problem solving skills, 10.8. Creative thinking, 10.9. Project management","11.1. JSC ""Entrepreneurship Development Fund ""Damu"", 11.3. JSC ""Qazaqstan Investment Corporation""",10,10,10,10,10,10,10,10,10,5,"14.2. Opportunities for innovation, 14.5. Independence and flexibility in work, 14.7. Financial support for start-up entrepreneurs",10,10,10,10,10,10,10,10,10,10,"16.3.Creating smart tours using biosensors that analyze tourists' emotions and states to offer personalized routes, 16.4. Development of neural interfaces that allow tourists to interact with tourism applications and services using thoughts, 16.6. Creating ""digital avatars"" of tourists that can represent them in an online environment and interact with other tourists and locals"
03.10.2024 21:06:12,,1.2. Female,2.1. 18 - 22 years old,3.9. Karaganda region,4.2. Not married,5.1. Student,6.5. No income,7.2. Employment with guaranteed income.,10,10,10,10,10,10,10,10,9.10. Agriculture,"10.4. Leadership, 10.5. Problem solving skills, 10.6. Planning, 10.9. Project management","11.6.Grants for startups, 11.7. Consulting and mentoring from experienced entrepreneurs, 11.8. Educational courses and seminars on entrepreneurship",10,10,10,10,10,10,10,10,10,5,"14.1. Quick start without initial investment, 14.3. Possibility of creating a family business, 14.4. International Bisuness, 14.6. Trips",10,9,10,10,10,10,10,10,10,10,"16.2. Implementation of artificial intelligence technologies to create digital twins of tourist sites that can be explored online or via VR, 16.3.Creating smart tours using biosensors that analyze tourists' emotions and states to offer personalized routes"
03.10.2024 21:07:03,,1.2. Female,2.2. 23 - 25 years old,3.9. Karaganda region,4.2. Not married,5.1. Student,6.5. No income,7.2. Employment with guaranteed income.,10,10,10,10,10,10,10,10,9.9. Entertainment and leisure,"10.2. Willingness to take risks, 10.5. Problem solving skills, 10.7. Stress resistance, 10.9. Project management, 10.10. Financial literacy","11.2.JSC National Management Holding Baiterek, 11.8. Educational courses and seminars on entrepreneurship, 11.10.Private Business Incubators and Accelerators",10,10,10,10,10,10,10,10,10,5,"14.1. Quick start without initial investment, 14.3. Possibility of creating a family business, 14.5. Independence and flexibility in work, 14.6. Trips",10,10,10,10,10,10,10,10,10,10,"16.1. Development of holographic guides that can accompany tourists to historical sites and attractions, 16.2. Implementation of artificial intelligence technologies to create digital twins of tourist sites that can be explored online or via VR, 16.3.Creating smart tours using biosensors that analyze tourists' emotions and states to offer personalized routes"
03.10.2024 21:08:06,,1.2. Female,2.1. 18 - 22 years old,3.9. Karaganda region,4.2. Not married,5.3. Working specialist,6.1. 85 000 tg - 150 000 tg,7.2. Employment with guaranteed income.,10,10,10,10,10,10,10,10,9.15.Financial and credit sector,"10.3. Communication skills, 10.5. Problem solving skills, 10.7. Stress resistance, 10.9. Project management","11.2.JSC National Management Holding Baiterek, 11.8. Educational courses and seminars on entrepreneurship",10,10,10,10,10,10,10,10,10,5,"14.2. Opportunities for innovation, 14.4. International Bisuness, 14.7. Financial support for start-up entrepreneurs",10,10,10,10,10,10,10,10,10,10,"16.1. Development of holographic guides that can accompany tourists to historical sites and attractions, 16.5.Implementation of 4D technologies, creating multidimensional tours that immerse you in the atmosphere of a place not only visually, but also tactilely and through smells"
03.10.2024 21:09:01,,1.2. Female,2.1. 18 - 22 years old,3.9. Karaganda region,4.1. Married,5.1. Student,6.1. 85 000 tg - 150 000 tg,7.2. Employment with guaranteed income.,10,10,10,10,10,10,10,10,9.8. Industry,"10.2. Willingness to take risks, 10.5. Problem solving skills, 10.7. Stress resistance, 10.9. Project management","11.2.JSC National Management Holding Baiterek, 11.5.National Chamber of Entrepreneurs ""Atameken"", 11.8. Educational courses and seminars on entrepreneurship, 11.10.Private Business Incubators and Accelerators",10,10,10,10,10,10,10,10,10,5,"14.2. Opportunities for innovation, 14.3. Possibility of creating a family business, 14.5. Independence and flexibility in work",10,10,10,10,10,10,10,10,10,10,"16.2. Implementation of artificial intelligence technologies to create digital twins of tourist sites that can be explored online or via VR, 16.3.Creating smart tours using biosensors that analyze tourists' emotions and states to offer personalized routes, 16.5.Implementation of 4D technologies, creating multidimensional tours that immerse you in the atmosphere of a place not only visually, but also tactilely and through smells"
03.10.2024 21:10:16,,1.2. Female,2.2. 23 - 25 years old,3.9. Karaganda region,4.2. Not married,5.5. Freelancer / self-employed,6.1. 85 000 tg - 150 000 tg,7.2. Employment with guaranteed income.,10,10,10,10,10,10,10,10,9.6. Education,"10.3. Communication skills, 10.5. Problem solving skills, 10.7. Stress resistance, 10.9. Project management","11.2.JSC National Management Holding Baiterek, 11.5.National Chamber of Entrepreneurs ""Atameken"", 11.6.Grants for startups, 11.9.Online Resources and Platforms for Entrepreneurs, 11.10.Private Business Incubators and Accelerators",10,10,10,10,10,10,10,10,10,5,"14.1. Quick start without initial investment, 14.3. Possibility of creating a family business, 14.5. Independence and flexibility in work, 14.6. Trips",10,10,10,10,10,10,10,10,10,10,"16.2. Implementation of artificial intelligence technologies to create digital twins of tourist sites that can be explored online or via VR, 16.3.Creating smart tours using biosensors that analyze tourists' emotions and states to offer personalized routes, 16.4. Development of neural interfaces that allow tourists to interact with tourism applications and services using thoughts, 16.5.Implementation of 4D technologies, creating multidimensional tours that immerse you in the atmosphere of a place not only visually, but also tactilely and through smells, 16.6. Creating ""digital avatars"" of tourists that can represent them in an online environment and interact with other tourists and locals"
03.10.2024 21:11:17,,1.2. Female,2.4. 31 - 35 years old,3.9. Karaganda region,4.1. Married,5.6. Unemployed,6.5. No income,7.3. Entrepreneurship,10,10,10,10,10,10,10,10,9.12. Trade,"10.2. Willingness to take risks, 10.4. Leadership, 10.6. Planning, 10.8. Creative thinking, 10.9. Project management","11.2.JSC National Management Holding Baiterek, 11.5.National Chamber of Entrepreneurs ""Atameken"", 11.7. Consulting and mentoring from experienced entrepreneurs, 11.9.Online Resources and Platforms for Entrepreneurs",10,10,10,10,10,10,10,10,10,5,"14.1. Quick start without initial investment, 14.4. International Bisuness, 14.5. Independence and flexibility in work",10,10,10,10,10,10,10,10,10,10,"16.2. Implementation of artificial intelligence technologies to create digital twins of tourist sites that can be explored online or via VR, 16.3.Creating smart tours using biosensors that analyze tourists' emotions and states to offer personalized routes"
03.10.2024 21:12:49,,1.2. Female,2.2. 23 - 25 years old,3.9. Karaganda region,4.2. Not married,5.5. Freelancer / self-employed,6.5. No income,7.2. Наемная занятость с гарантированным доходом.,10,10,10,10,10,10,10,10,9.9. Entertainment and leisure,"10.2. Willingness to take risks, 10.4. Leadership, 10.6. Planning, 10.8. Creative thinking, 10.9. Project management","11.2.JSC National Management Holding Baiterek, 11.3. JSC ""Qazaqstan Investment Corporation"", 11.4. State program ""Business Roadmap - 2025"", 11.7. Consulting and mentoring from experienced entrepreneurs, 11.8. Educational courses and seminars on entrepreneurship, 11.9.Online Resources and Platforms for Entrepreneurs",10,10,10,10,10,10,10,10,10,5,"14.1. Quick start without initial investment, 14.3. Possibility of creating a family business, 14.5. Independence and flexibility in work, 14.7. Financial support for start-up entrepreneurs",10,10,10,10,10,10,10,10,10,10,"16.2. Implementation of artificial intelligence technologies to create digital twins of tourist sites that can be explored online or via VR, 16.4. Development of neural interfaces that allow tourists to interact with tourism applications and services using thoughts, 16.5.Implementation of 4D technologies, creating multidimensional tours that immerse you in the atmosphere of a place not only visually, but also tactilely and through smells"
03.10.2024 21:13:38,,1.2. Female,2.1. 18 - 22 years old,3.7. Zhambyl region,4.2. Not married,5.2. Civil servant,6.5. No income,7.1. Civil service,10,10,10,10,10,10,10,10,9.6. Education,"10.3. Communication skills, 10.6. Planning, 10.7. Stress resistance, 10.9. Project management, 10.10. Financial literacy","11.2.JSC National Management Holding Baiterek, 11.4. State program ""Business Roadmap - 2025"", 11.7. Consulting and mentoring from experienced entrepreneurs, 11.8. Educational courses and seminars on entrepreneurship",10,10,10,10,10,10,10,10,10,5,"14.1. Quick start without initial investment, 14.3. Possibility of creating a family business, 14.5. Independence and flexibility in work, 14.7. Financial support for start-up entrepreneurs",10,10,10,10,10,10,10,10,10,10,"16.1. Development of holographic guides that can accompany tourists to historical sites and attractions, 16.2. Implementation of artificial intelligence technologies to create digital twins of tourist sites that can be explored online or via VR, 16.3.Creating smart tours using biosensors that analyze tourists' emotions and states to offer personalized routes, 16.4. Development of neural interfaces that allow tourists to interact with tourism applications and services using thoughts"
03.10.2024 21:14:54,,1.2. Female,2.2. 23 - 25 years old,3.3. Aktobe region,4.1. Married,5.5. Freelancer / self-employed,6.2. 150 000 tg – 300 000 tg,7.2. Employment with guaranteed income.,10,10,10,10,10,10,10,10,9.3. Information Technology,"10.3. Communication skills, 10.6. Planning, 10.7. Stress resistance, 10.9. Project management","11.1. JSC ""Entrepreneurship Development Fund ""Damu"", 11.3. JSC ""Qazaqstan Investment Corporation"", 11.4. State program ""Business Roadmap - 2025"", 11.6.Grants for startups, 11.8. Educational courses and seminars on entrepreneurship, 11.9.Online Resources and Platforms for Entrepreneurs",10,10,10,10,10,10,10,10,10,5,"14.2. Opportunities for innovation, 14.4. International Bisuness, 14.6. Trips, 14.7. Financial support for start-up entrepreneurs",10,10,10,10,10,10,10,10,10,10,"16.1. Development of holographic guides that can accompany tourists to historical sites and attractions, 16.2. Implementation of artificial intelligence technologies to create digital twins of tourist sites that can be explored online or via VR, 16.3.Creating smart tours using biosensors that analyze tourists' emotions and states to offer personalized routes"
03.10.2024 21:15:43,,1.2. Female,2.2. 23 - 25 years old,3.2. Akmola region,4.2. Not married,5.4. Entrepreneur,6.1. 85 000 tg - 150 000 tg,7.2. Employment with guaranteed income.,10,10,10,10,10,10,10,10,9.15.Financial and credit sector,"10.1. Analytics, 10.3. Communication skills, 10.5. Problem solving skills, 10.7. Stress resistance, 10.8. Creative thinking","11.2.JSC National Management Holding Baiterek, 11.4. State program ""Business Roadmap - 2025"", 11.5.National Chamber of Entrepreneurs ""Atameken"", 11.8. Educational courses and seminars on entrepreneurship, 11.10.Private Business Incubators and Accelerators",10,10,10,10,10,10,10,10,10,5,"14.2. Opportunities for innovation, 14.4. International Bisuness, 14.6. Trips",10,10,10,10,10,10,10,10,10,10,"16.2. Implementation of artificial intelligence technologies to create digital twins of tourist sites that can be explored online or via VR, 16.3.Creating smart tours using biosensors that analyze tourists' emotions and states to offer personalized routes, 16.4. Development of neural interfaces that allow tourists to interact with tourism applications and services using thoughts, 16.5.Implementation of 4D technologies, creating multidimensional tours that immerse you in the atmosphere of a place not only visually, but also tactilely and through smells"
03.10.2024 21:16:33,,1.1. Male,2.1. 18 - 22 years old,3.2. Akmola region,4.1. Married,5.4. Entrepreneur,6.2. 150 000 tg – 300 000 tg,7.2. Employment with guaranteed income.,10,10,10,10,10,10,10,10,9.10. Agriculture,"10.3. Communication skills, 10.5. Problem solving skills, 10.7. Stress resistance, 10.8. Creative thinking","11.1. JSC ""Entrepreneurship Development Fund ""Damu"", 11.3. АО «Qazaqstan Investment Corporation», 11.4. State program ""Business Roadmap - 2025"", 11.5.National Chamber of Entrepreneurs ""Atameken""",10,10,10,10,10,10,10,10,10,5,"14.2. Opportunities for innovation, 14.3. Possibility of creating a family business, 14.5. Independence and flexibility in work, 14.7. Financial support for start-up entrepreneurs",10,10,10,10,10,10,10,10,10,10,"16.1. Development of holographic guides that can accompany tourists to historical sites and attractions, 16.2. Implementation of artificial intelligence technologies to create digital twins of tourist sites that can be explored online or via VR, 16.3.Creating smart tours using biosensors that analyze tourists' emotions and states to offer personalized routes, 16.4. Development of neural interfaces that allow tourists to interact with tourism applications and services using thoughts"
03.10.2024 21:17:31,,1.1. Male,2.2. 23 - 25 years old,3.6. West Kazakhstan region,4.1. Married,5.2. Civil servant,6.2. 150 000 tg – 300 000 tg,7.2. Employment with guaranteed income.,10,10,10,10,10,10,10,10,9.3. Information Technology,"10.2. Willingness to take risks, 10.4. Leadership, 10.6. Planning, 10.8. Creative thinking, 10.9. Project management","11.1. JSC ""Entrepreneurship Development Fund ""Damu"", 11.3. JSC ""Qazaqstan Investment Corporation"", 11.4. State program ""Business Roadmap - 2025"", 11.5.National Chamber of Entrepreneurs ""Atameken"", 11.7. Consulting and mentoring from experienced entrepreneurs, 11.8. Educational courses and seminars on entrepreneurship, 11.10.Private Business Incubators and Accelerators",10,10,10,10,10,9,10,10,10,5,"14.1. Quick start without initial investment, 14.3. Possibility of creating a family business, 14.5. Independence and flexibility in work, 14.7. Financial support for start-up entrepreneurs",10,10,10,10,10,10,10,10,10,10,"16.3.Creating smart tours using biosensors that analyze tourists' emotions and states to offer personalized routes, 16.5.Implementation of 4D technologies, creating multidimensional tours that immerse you in the atmosphere of a place not only visually, but also tactilely and through smells"
03.10.2024 21:18:24,,1.1. Male,2.2. 23 - 25 years old,3.9. Karaganda region,4.2. Not married,5.5. Freelancer / self-employed,6.2. 150 000 tg – 300 000 tg,7.2. Employment with guaranteed income.,10,10,10,10,10,10,10,10,9.8. Industry,"10.2. Willingness to take risks, 10.4. Leadership, 10.9. Project management, 10.10. Financial literacy","11.2.JSC National Management Holding Baiterek, 11.5.National Chamber of Entrepreneurs ""Atameken""",10,10,10,10,10,10,10,10,10,5,"14.1. Quick start without initial investment, 14.4. International Bisuness, 14.6. Trips",10,10,10,10,10,10,10,10,10,10,"16.1. Development of holographic guides that can accompany tourists to historical sites and attractions, 16.2. Implementation of artificial intelligence technologies to create digital twins of tourist sites that can be explored online or via VR"
03.10.2024 21:19:24,,1.2. Female,2.3. 26 - 30 years old,3.15. Turkestan region,4.2. Not married,5.4. Entrepreneur,6.2. 150 000 tg – 300 000 tg,7.3. Entrepreneurship,10,10,10,10,10,10,10,10,9.15.Financial and credit sector,"10.4. Leadership, 10.5. Problem solving skills, 10.7. Stress resistance, 10.9. Project management","11.3. JSC ""Qazaqstan Investment Corporation"", 11.4. State program ""Business Roadmap - 2025"", 11.5.National Chamber of Entrepreneurs ""Atameken"", 11.7. Consulting and mentoring from experienced entrepreneurs, 11.8. Educational courses and seminars on entrepreneurship, 11.9.Online Resources and Platforms for Entrepreneurs",10,10,10,10,10,10,10,10,10,5,"14.2. Opportunities for innovation, 14.4. International Bisuness, 14.6. Trips",10,10,10,10,10,10,10,10,10,10,"16.1. Development of holographic guides that can accompany tourists to historical sites and attractions, 16.2. Implementation of artificial intelligence technologies to create digital twins of tourist sites that can be explored online or via VR, 16.3.Creating smart tours using biosensors that analyze tourists' emotions and states to offer personalized routes, 16.4. Development of neural interfaces that allow tourists to interact with tourism applications and services using thoughts, 16.6. Creating ""digital avatars"" of tourists that can represent them in an online environment and interact with other tourists and locals, 16.7. Development of universal mobile applications for travel planning and booking services"
03.10.2024 21:20:18,,1.2. Female,2.2. 23 - 25 years old,3.11. Kyzylorda region,4.2. Not married,5.1. Student,6.5. No income,7.1. Civil service,10,10,10,10,10,10,10,10,9.1. Hotel sector,"10.2. Willingness to take risks, 10.7. Stress resistance","11.1. JSC ""Entrepreneurship Development Fund ""Damu"", 11.5.National Chamber of Entrepreneurs ""Atameken""",10,10,10,10,10,10,10,10,10,5,"14.1. Quick start without initial investment, 14.5. Independence and flexibility in work",10,10,10,10,10,10,10,10,10,10,"16.1. Development of holographic guides that can accompany tourists to historical sites and attractions, 16.3.Creating smart tours using biosensors that analyze tourists' emotions and states to offer personalized routes"
03.10.2024 21:21:08,,1.1. Male,2.1. 18 - 22 years old,3.9. Karaganda region,4.2. Not married,5.1. Student,6.5. No income,7.2. Employment with guaranteed income.,10,10,10,10,10,10,10,10,9.3. Information Technology,"10.2. Willingness to take risks, 10.5. Problem solving skills, 10.7. Stress resistance","11.2.JSC National Management Holding Baiterek, 11.5.National Chamber of Entrepreneurs ""Atameken"", 11.7. Consulting and mentoring from experienced entrepreneurs",10,10,10,10,10,10,10,10,10,5,"14.1. Quick start without initial investment, 14.3. Possibility of creating a family business, 14.5. Independence and flexibility in work",10,10,10,10,10,10,10,10,10,10,"16.2. Implementation of artificial intelligence technologies to create digital twins of tourist sites that can be explored online or via VR, 16.3.Creating smart tours using biosensors that analyze tourists' emotions and states to offer personalized routes, 16.5.Implementation of 4D technologies, creating multidimensional tours that immerse you in the atmosphere of a place not only visually, but also tactilely and through smells"
03.10.2024 21:21:57,,1.1. Male,2.1. 18 - 22 years old,3.4. Almaty region,4.2. Not married,5.1. Student,6.5. No income,7.2. Employment with guaranteed income.,10,10,10,10,10,10,10,10,9.1. Hotel sector,"10.5. Problem solving skills, 10.8. Creative thinking","11.7. Consulting and mentoring from experienced entrepreneurs, 11.9.Online Resources and Platforms for Entrepreneurs",10,10,10,10,10,10,10,10,10,5,"14.1. Quick start without initial investment, 14.4. International Bisuness, 14.7. Financial support for start-up entrepreneurs",10,10,10,10,10,10,10,10,10,10,16.1. Development of holographic guides that can accompany tourists to historical sites and attractions
03.10.2024 21:22:41,,1.2. Female,2.1. 18 - 22 years old,3.9. Karaganda region,4.2. Not married,5.1. Student,6.5. No income,7.2. Employment with guaranteed income.,10,10,10,10,10,10,10,10,9.13. Transport,10.2. Willingness to take risks,11.2.JSC National Management Holding Baiterek,10,10,10,10,10,10,10,10,9,4,14.4. International Bisuness,10,10,10,10,10,10,10,10,10,10,16.1. Development of holographic guides that can accompany tourists to historical sites and attractions
03.10.2024 21:23:30,,1.2. Female,2.1. 18 - 22 years old,3.6. West Kazakhstan region,4.2. Not married,5.6. Unemployed,6.5. No income,7.2. Employment with guaranteed income.,10,10,10,10,10,10,10,10,9.5. Logistics,10.9. Project management,11.2.JSC National Management Holding Baiterek,10,10,10,10,10,10,10,10,10,4,14.5. Independence and flexibility in work,10,10,10,10,10,10,10,10,10,10,"16.1. Development of holographic guides that can accompany tourists to historical sites and attractions, 16.6. Creating ""digital avatars"" of tourists that can represent them in an online environment and interact with other tourists and locals"
03.10.2024 21:24:18,,1.2. Female,2.2. 23 - 25 years old,3.9. Karaganda region,4.2. Not married,5.1. Student,6.1. 85 000 tg - 150 000 tg,7.2. Employment with guaranteed income.,10,10,10,10,10,10,10,10,9.9. Entertainment and leisure,10.3. Communication skills,"11.5.National Chamber of Entrepreneurs ""Atameken""",10,10,10,10,10,10,10,10,10,4,14.3. Possibility of creating a family business,10,10,10,10,10,10,10,10,10,10,16.2. Implementation of artificial intelligence technologies to create digital twins of tourist sites that can be explored online or via VR
03.10.2024 21:25:10,,1.2. Female,2.1. 18 - 22 years old,3.9. Karaganda region,4.2. Not married,5.1. Student,6.1. 85 000 tg - 150 000 tg,7.1. Civil service,10,10,10,10,10,10,10,10,9.1. Hotel sector,10.3. Communication skills,11.6.Grants for startups,10,10,10,10,9,10,10,10,10,4,14.7. Financial support for start-up entrepreneurs,10,9,10,10,9,10,9,10,9,10,"16.5.Implementation of 4D technologies, creating multidimensional tours that immerse you in the atmosphere of a place not only visually, but also tactilely and through smells"
03.10.2024 21:45:38,,1.2. Female,2.1. 18 - 22 years old,3.11. Kyzylorda region,4.2. Not married,5.1. Student,6.1. 85 000 tg - 150 000 tg,7.2. Employment with guaranteed income.,10,10,10,10,10,10,10,10,9.3. Information Technology,10.5. Problem solving skills,11.2.JSC National Management Holding Baiterek,10,10,10,10,10,10,10,10,10,5,14.4. International Bisuness,10,10,10,10,10,10,10,10,10,10,16.3.Creating smart tours using biosensors that analyze tourists' emotions and states to offer personalized routes
03.10.2024 21:50:49,,1.2. Female,2.1. 18 - 22 years old,3.11. Kyzylorda region,4.2. Not married,5.4. Entrepreneur,6.2. 150 000 tg – 300 000 tg,7.2. Employment with guaranteed income.,10,10,10,10,10,10,10,10,9.14. Tourism,"10.2. Willingness to take risks, 10.5. Problem solving skills, 10.7. Stress resistance, 10.9. Project management","11.3. JSC ""Qazaqstan Investment Corporation"", 11.5.National Chamber of Entrepreneurs ""Atameken"", 11.7. Consulting and mentoring from experienced entrepreneurs, 11.8. Educational courses and seminars on entrepreneurship",10,10,10,10,10,10,10,10,10,5,"14.3. Possibility of creating a family business, 14.4. International Bisuness, 14.6. Trips",10,10,10,10,10,10,10,10,10,10,"16.1. Development of holographic guides that can accompany tourists to historical sites and attractions, 16.2. Implementation of artificial intelligence technologies to create digital twins of tourist sites that can be explored online or via VR, 16.3.Creating smart tours using biosensors that analyze tourists' emotions and states to offer personalized routes, 16.4. Development of neural interfaces that allow tourists to interact with tourism applications and services using thoughts"
03.10.2024 21:51:34,,1.1. Male,2.1. 18 - 22 years old,3.11. Kyzylorda region,4.2. Not married,5.6. Unemployed,6.2. 150 000 tg – 300 000 tg,7.1. Civil service,10,10,10,10,10,10,10,10,9.14. Tourism,"10.2. Willingness to take risks, 10.6. Planning, 10.8. Creative thinking, 10.10. Financial literacy","11.1. JSC ""Entrepreneurship Development Fund ""Damu"", 11.4. State program ""Business Roadmap - 2025"", 11.5.National Chamber of Entrepreneurs ""Atameken"", 11.8. Educational courses and seminars on entrepreneurship",10,10,10,10,10,10,10,10,10,5,"14.2. Opportunities for innovation, 14.3. Possibility of creating a family business, 14.6. Trips, 14.7. Financial support for start-up entrepreneurs",10,10,10,10,10,10,10,10,10,10,"16.2. Implementation of artificial intelligence technologies to create digital twins of tourist sites that can be explored online or via VR, 16.3.Creating smart tours using biosensors that analyze tourists' emotions and states to offer personalized routes, 16.4. Development of neural interfaces that allow tourists to interact with tourism applications and services using thoughts, 16.5.Implementation of 4D technologies, creating multidimensional tours that immerse you in the atmosphere of a place not only visually, but also tactilely and through smells"
03.10.2024 21:52:18,,1.2. Female,2.2. 23 - 25 years old,3.11. Kyzylorda region,4.2. Not married,5.1. Student,6.1. 85 000 tg - 150 000 tg,7.3. Entrepreneurship,10,10,10,10,10,10,10,10,9.14. Tourism,"10.2. Willingness to take risks, 10.5. Problem solving skills, 10.8. Creative thinking, 10.9. Project management","11.2.JSC National Management Holding Baiterek, 11.4. State program ""Business Roadmap - 2025"", 11.7. Consulting and mentoring from experienced entrepreneurs, 11.10.Private Business Incubators and Accelerators",10,10,10,10,10,10,10,10,10,5,"14.3. Possibility of creating a family business, 14.6. Trips, 14.7. Financial support for start-up entrepreneurs",10,10,10,10,10,10,10,10,10,10,"16.3.Creating smart tours using biosensors that analyze tourists' emotions and states to offer personalized routes, 16.4. Development of neural interfaces that allow tourists to interact with tourism applications and services using thoughts"
03.10.2024 21:53:07,,1.2. Female,2.1. 18 - 22 years old,3.11. Kyzylorda region,4.2. Not married,5.6. Unemployed,6.1. 85 000 tg - 150 000 tg,7.1. Civil service,10,10,10,10,10,10,10,10,9.14. Tourism,"10.2. Willingness to take risks, 10.5. Problem solving skills, 10.7. Stress resistance, 10.9. Project management","11.3. JSC ""Qazaqstan Investment Corporation"", 11.5.National Chamber of Entrepreneurs ""Atameken"", 11.7. Consulting and mentoring from experienced entrepreneurs, 11.8. Educational courses and seminars on entrepreneurship, 11.10.Private Business Incubators and Accelerators",10,10,10,10,10,10,10,10,10,5,"14.1. Quick start without initial investment, 14.4. International Bisuness, 14.6. Trips",10,10,10,10,10,10,10,10,10,10,16.2. Implementation of artificial intelligence technologies to create digital twins of tourist sites that can be explored online or via VR
03.10.2024 21:55:02,,1.1. Male,2.1. 18 - 22 years old,3.11. Kyzylorda region,4.2. Not married,5.1. Student,6.1. 85 000 tg - 150 000 tg,7.3. Entrepreneurship,10,10,10,10,10,10,10,10,9.14. Tourism,10.8. Creative thinking,"11.2.JSC National Management Holding Baiterek, 11.5.National Chamber of Entrepreneurs ""Atameken"", 11.8. Educational courses and seminars on entrepreneurship",10,10,10,10,10,10,10,10,10,5,14.6. Trips,10,10,10,10,10,10,10,10,10,10,16.2. Implementation of artificial intelligence technologies to create digital twins of tourist sites that can be explored online or via VR
03.10.2024 21:56:42,,1.1. Male,2.1. 18 - 22 years old,3.11. Kyzylorda region,4.2. Not married,5.1. Student,6.1. 85 000 tg - 150 000 tg,7.3. Entrepreneurship,10,10,10,10,10,10,10,10,9.14. Tourism,"10.3. Communication skills, 10.5. Problem solving skills, 10.7. Stress resistance","11.3. JSC ""Qazaqstan Investment Corporation"", 11.5.National Chamber of Entrepreneurs ""Atameken"", 11.7. Consulting and mentoring from experienced entrepreneurs, 11.9.Online Resources and Platforms for Entrepreneurs",10,10,10,10,10,10,10,10,10,5,"14.3. Possibility of creating a family business, 14.5. Independence and flexibility in work, 14.7. Financial support for start-up entrepreneurs",10,10,10,10,10,10,10,10,10,10,16.3.Creating smart tours using biosensors that analyze tourists' emotions and states to offer personalized routes
03.10.2024 21:58:38,,1.2. Female,2.1. 18 - 22 years old,3.11. Kyzylorda region,4.2. Not married,5.1. Student,6.1. 85 000 tg - 150 000 tg,7.3. Entrepreneurship,10,10,10,10,10,10,10,10,9.14. Tourism,"10.3. Communication skills, 10.5. Problem solving skills, 10.8. Creative thinking, 10.9. Project management","11.1. JSC ""Entrepreneurship Development Fund ""Damu"", 11.4. State program ""Business Roadmap - 2025"", 11.6.Grants for startups, 11.8. Educational courses and seminars on entrepreneurship",10,10,10,10,10,10,10,10,10,5,"14.1. Quick start without initial investment, 14.4. International Bisuness",10,10,10,10,10,10,10,10,10,10,"16.2. Implementation of artificial intelligence technologies to create digital twins of tourist sites that can be explored online or via VR, 16.3.Creating smart tours using biosensors that analyze tourists' emotions and states to offer personalized routes, 16.5.Implementation of 4D technologies, creating multidimensional tours that immerse you in the atmosphere of a place not only visually, but also tactilely and through smells, 16.6. Creating ""digital avatars"" of tourists that can represent them in an online environment and interact with other tourists and locals"
04.10.2024 16:07:44,,1.2. Female,2.4. 31 - 35 years old,3.2. Akmola region,4.1. Married,5.5. Freelancer / self-employed,6.3. 300 000 tg – 500 000 tg,7.3. Entrepreneurship,10,10,10,10,10,10,10,10,9.14. Tourism,"10.1. Analytics, 10.2. Willingness to take risks, 10.3. Communication skills, 10.4. Leadership, 10.7. Stress resistance","11.1. JSC ""Entrepreneurship Development Fund ""Damu"", 11.2.JSC National Management Holding Baiterek, 11.3. JSC ""Qazaqstan Investment Corporation"", 11.4. State program ""Business Roadmap - 2025"", 11.6.Grants for startups",10,10,10,10,10,10,10,10,10,5,"14.1. Quick start without initial investment, 14.2. Opportunities for innovation, 14.4. International Bisuness, 14.6. Trips",10,10,10,10,10,10,10,10,10,10,"16.1. Development of holographic guides that can accompany tourists to historical sites and attractions, 16.2. Implementation of artificial intelligence technologies to create digital twins of tourist sites that can be explored online or via VR, 16.3.Creating smart tours using biosensors that analyze tourists' emotions and states to offer personalized routes, 16.4. Development of neural interfaces that allow tourists to interact with tourism applications and services using thoughts, 16.6. Creating ""digital avatars"" of tourists that can represent them in an online environment and interact with other tourists and locals"
26.08.2024 13:34:56,,1.2. Female,2.3. 26 - 30 years old,3.1. Abay region,4.1. Married,5.2. Civil servant,6.2. 150 000 tg – 300 000 tg,7.3. Entrepreneurship,10,9,10,10,8,10,9,10,9.5. Logistics,"10.1. Analytics, 10.2. Willingness to take risks, 10.3. Communication skills, 10.4. Leadership, 10.5. Problem solving skills, 10.6. Planning, 10.7. Stress resistance, 10.8. Creative thinking, 10.10. Financial literacy","11.1.JSC ""Entrepreneurship Development Fund ""Damu"", 11.3. JSC ""Qazaqstan Investment Corporation"", 11.6. Grants for startups",8,8,8,8,8,8,8,8,8,4,"14.2. Opportunities for innovation, 14.6. Trips, 14.7.Financial support for start-up entrepreneurs",7,7,7,7,7,7,7,7,7,7,"16.1. Development of holographic guides that can accompany tourists to historical sites and attractions, 16.2. Implementation of artificial intelligence technologies to create digital twins of tourist sites that can be explored online or via VR, 16.3. Creating smart tours using biosensors that analyze tourists' emotions and states to offer personalized routes, 16.4.Development of neural interfaces that allow tourists to interact with tourism applications and services using thoughts, 16.5. Implementation of 4D technologies, creating multidimensional tours that immerse you in the atmosphere of a place not only visually, but also tactilely and through smells, 16.6. Creating ""digital avatars"" of tourists that can represent them in an online environment and interact with other tourists and locals, 16.7. Development of universal mobile applications for travel planning and booking services"
26.08.2024 13:40:13,,1.1. Male,2.4. 31 - 35 years old,3.3. Aktobe region,4.1. Married,5.2. Civil servant,6.2. 150 000 tg – 300 000 tg,7.1. Civil service,9,8,9,6,6,8,8,9,9.3. Information Technology,"10.1. Analytics, 10.6. Planning, 10.7. Stress resistance, 10.10. Financial literacy","11.1. JSC ""Entrepreneurship Development Fund ""Damu"", 11.5. National Chamber of Entrepreneurs ""Atameken""",9,10,10,7,10,8,10,8,10,3,14.6. Trips,8,8,6,9,9,9,8,9,9,8,"ең алдымен инфраструктураны дұрыстау керек, жол, байланыс, т.б."
26.08.2024 13:44:04,,1.1. Male,2.2. 23 - 25 years old,3.6. West Kazakhstan region,4.2. Not married,5.2. Civil servant,6.2. 150 000 tg – 300 000 tg,7.1. Civil service,10,8,8,7,9,8,10,10,9.5. Logistics,"10.1. Analytics, 10.3. Communication skills, 10.5. Problem solving skills, 10.6. Planning","11.1. JSC ""Entrepreneurship Development Fund ""Damu"", 11.2. JSC National Management Holding Baiterek, 11.4.State program ""Business Roadmap - 2025"", 11.5. National Chamber of Entrepreneurs ""Atameken"", 11.6. Grants for startups",10,8,8,9,9,8,8,9,9,4,"14.2. Opportunities for innovation, 14.4. International Bisuness, 14.6. Trips",8,8,7,8,8,7,8,8,8,8,"16.2. Implementation of artificial intelligence technologies to create digital twins of tourist sites that can be explored online or via VR, 16.4.Development of neural interfaces that allow tourists to interact with tourism applications and services using thoughts, 16.7. Development of universal mobile applications for travel planning and booking services"
26.08.2024 13:57:35,,1.2. Female,2.1. 18 - 22 years old,3.16. Ulytau region,4.2. Not married,5.1. Student,6.5. No income,7.3. Entrepreneurship,10,10,8,9,10,10,10,8,9.9. Entertainment and leisure,"10.2. Willingness to take risks, 10.4. Leadership, 10.5. Problem solving skills, 10.6. Planning, 10.8. Creative thinking, 10.10. Financial literacy",11.7. Consulting and mentoring from experienced entrepreneurs,9,8,10,9,9,7,9,10,10,5,"14.1. Quick start without initial investment, 14.3. Possibility of creating a family business, 14.6. Trips",2,2,1,2,2,2,2,2,2,2,"16.1. Development of holographic guides that can accompany tourists to historical sites and attractions, 16.3. Creating smart tours using biosensors that analyze tourists' emotions and states to offer personalized routes, 16.4.Development of neural interfaces that allow tourists to interact with tourism applications and services using thoughts, 16.5. Implementation of 4D technologies, creating multidimensional tours that immerse you in the atmosphere of a place not only visually, but also tactilely and through smells, 16.7. Development of universal mobile applications for travel planning and booking services"
26.08.2024 14:10:47,,1.2. Female,2.3. 26 - 30 years old,3.16. Ulytau region,4.1. Married,5.3. Working specialist,6.1. 85 000 tg - 150 000 tg,7.3. Entrepreneurship,3,3,3,3,3,2,3,3,9.14. Tourism,10.4. Leadership,"11.3. JSC ""Qazaqstan Investment Corporation""",3,3,3,3,3,3,3,3,3,5,14.6. Trips,4,4,4,4,4,4,4,4,4,4,"16.5. Implementation of 4D technologies, creating multidimensional tours that immerse you in the atmosphere of a place not only visually, but also tactilely and through smells"
26.08.2024 14:32:11,,1.2. Female,2.4. 31 - 35 years old,3.19. Almaty city,4.1. Married,5.3. Working specialist,6.4. More than 500 000 tg,7.3. Entrepreneurship,5,8,7,6,7,5,7,5,9.15. Financial and credit sector,"10.1. Analytics, 10.3. Communication skills",11.7. Consulting and mentoring from experienced entrepreneurs,2,8,10,5,6,6,7,7,5,2,"14.2. Opportunities for innovation, 14.3. Possibility of creating a family business",10,3,1,1,4,1,8,10,6,10,Білмедім. Ойым жоқ
26.08.2024 14:48:11,,1.2. Female,2.1. 18 - 22 years old,3.16. Ulytau region,4.2. Not married,5.1. Student,6.2. 150 000 tg – 300 000 tg,7.1. Civil service,2,2,1,6,4,7,6,1,9.12. Trade,10.6. Planning,11.6. Grants for startups,1,2,1,2,1,2,1,2,1,5,14.6. Trips,1,4,6,5,4,5,2,2,2,2,"16.1. Development of holographic guides that can accompany tourists to historical sites and attractions, 16.6. Creating ""digital avatars"" of tourists that can represent them in an online environment and interact with other tourists and locals"
26.08.2024 14:50:12,,1.2. Female,2.1. 18 - 22 years old,3.9. Karaganda region,4.2. Not married,5.2. Civil servant,6.2. 150 000 tg – 300 000 tg,7.1. Civil service,2,1,1,1,2,2,2,2,9.14. Tourism,"10.2. Willingness to take risks, 10.3. Communication skills, 10.4. Leadership, 10.5. Problem solving skills, 10.7. Stress resistance, 10.9. Project management, 10.10. Financial literacy","11.5. National Chamber of Entrepreneurs ""Atameken""",2,2,3,3,3,3,3,3,3,5,"14.1. Quick start without initial investment, 14.3. Possibility of creating a family business, 14.4. International Bisuness, 14.5. Independence and flexibility in work, 14.6. Trips, 14.7.Financial support for start-up entrepreneurs",3,3,3,3,3,3,3,3,3,3,"16.1. Development of holographic guides that can accompany tourists to historical sites and attractions, 16.2. Implementation of artificial intelligence technologies to create digital twins of tourist sites that can be explored online or via VR, 16.3. Creating smart tours using biosensors that analyze tourists' emotions and states to offer personalized routes, 16.4.Development of neural interfaces that allow tourists to interact with tourism applications and services using thoughts, 16.5. Implementation of 4D technologies, creating multidimensional tours that immerse you in the atmosphere of a place not only visually, but also tactilely and through smells, 16.6. Creating ""digital avatars"" of tourists that can represent them in an online environment and interact with other tourists and locals, 16.7. Development of universal mobile applications for travel planning and booking services"
26.08.2024 14:52:15,,1.2. Female,2.4. 31 - 35 years old,3.16. Ulytau region,4.1. Married,5.3. Working specialist,6.4. More than 500 000 tg,7.1. Civil service,4,4,4,4,4,4,4,4,9.6. Education,"10.5. Problem solving skills, 10.6. Planning","11.1. JSC ""Entrepreneurship Development Fund ""Damu"", 11.5. National Chamber of Entrepreneurs ""Atameken""",4,4,4,4,4,4,4,4,4,3,14.1. Quick start without initial investment,2,2,2,2,2,2,2,2,2,2,16.1. Development of holographic guides that can accompany tourists to historical sites and attractions
26.08.2024 14:55:08,,1.2. Female,2.3. 26 - 30 years old,3.19. Almaty city,4.1. Married,В Maternity leaveе,6.3. 300 000 tg – 500 000 tg,7.3. Entrepreneurship,10,10,10,10,10,10,10,10,9.6. Education,"10.1. Analytics, 10.4. Leadership, 10.6. Planning, 10.7. Stress resistance, 10.8. Creative thinking, 10.9. Project management, 10.10. Financial literacy","11.1. JSC ""Entrepreneurship Development Fund ""Damu"", 11.4.State program ""Business Roadmap - 2025"", 11.5. National Chamber of Entrepreneurs ""Atameken""",10,10,10,10,10,10,10,10,10,2,"14.1. Quick start without initial investment, 14.3. Possibility of creating a family business, 14.6. Trips",7,10,10,10,10,9,9,9,9,10,"16.1. Development of holographic guides that can accompany tourists to historical sites and attractions, 16.2. Implementation of artificial intelligence technologies to create digital twins of tourist sites that can be explored online or via VR"
26.08.2024 14:57:31,,1.2. Female,2.4. 31 - 35 years old,3.9. Karaganda region,4.1. Married,5.5. Freelancer / self-employed,6.2. 150 000 tg – 300 000 tg,7.3. Entrepreneurship,10,10,10,10,10,10,10,10,9.12. Trade,"10.1. Analytics, 10.2. Willingness to take risks, 10.3. Communication skills, 10.4. Leadership, 10.5. Problem solving skills, 10.6. Planning, 10.7. Stress resistance, 10.8. Creative thinking, 10.9. Project management, 10.10. Financial literacy","11.1. JSC ""Entrepreneurship Development Fund ""Damu"", 11.5. National Chamber of Entrepreneurs ""Atameken""",10,10,10,10,10,10,10,10,10,5,"14.1. Quick start without initial investment, 14.2. Opportunities for innovation, 14.3. Possibility of creating a family business, 14.4. International Bisuness, 14.5. Independence and flexibility in work, 14.6. Trips, 14.7.Financial support for start-up entrepreneurs",10,10,10,10,10,10,10,10,10,10,"16.1. Development of holographic guides that can accompany tourists to historical sites and attractions, 16.2. Implementation of artificial intelligence technologies to create digital twins of tourist sites that can be explored online or via VR, 16.4.Development of neural interfaces that allow tourists to interact with tourism applications and services using thoughts, 16.5. Implementation of 4D technologies, creating multidimensional tours that immerse you in the atmosphere of a place not only visually, but also tactilely and through smells, 16.7. Development of universal mobile applications for travel planning and booking services"
26.08.2024 14:58:04,,1.2. Female,2.3. 26 - 30 years old,3.2. Akmola region,4.1. Married,5.3. Working specialist,6.1. 85 000 tg - 150 000 tg,7.1. Civil service,1,1,1,1,1,1,1,1,9.2. Healthcare,10.4. Leadership,"11.1. JSC ""Entrepreneurship Development Fund ""Damu""",1,1,1,1,1,1,1,1,1,5,14.7.Financial support for start-up entrepreneurs,1,1,1,1,1,1,1,1,1,1,16.2. Implementation of artificial intelligence technologies to create digital twins of tourist sites that can be explored online or via VR
26.08.2024 14:59:35,,1.2. Female,2.4. 31 - 35 years old,3.16. Ulytau region,4.1. Married,5.3. Working specialist,6.1. 85 000 tg - 150 000 tg,7.3. Entrepreneurship,3,3,3,3,3,3,3,3,9.6. Education,"10.3. Communication skills, 10.7. Stress resistance","11.1. JSC ""Entrepreneurship Development Fund ""Damu"", 11.5. National Chamber of Entrepreneurs ""Atameken""",3,3,3,3,3,3,3,3,3,3,"14.1. Quick start without initial investment, 14.7.Financial support for start-up entrepreneurs",3,3,3,3,3,3,3,3,3,3,"16.1. Development of holographic guides that can accompany tourists to historical sites and attractions, 16.2. Implementation of artificial intelligence technologies to create digital twins of tourist sites that can be explored online or via VR, 16.3. Creating smart tours using biosensors that analyze tourists' emotions and states to offer personalized routes"
26.08.2024 15:04:41,,1.2. Female,2.3. 26 - 30 years old,3.16. Ulytau region,4.1. Married,5.2. Civil servant,6.3. 300 000 tg – 500 000 tg,7.3. Entrepreneurship,10,10,10,10,10,10,10,10,9.15. Financial and credit sector,"10.2. Willingness to take risks, 10.3. Communication skills, 10.4. Leadership, 10.5. Problem solving skills, 10.6. Planning","11.1. JSC ""Entrepreneurship Development Fund ""Damu"", 11.2. JSC National Management Holding Baiterek, 11.8. Educational courses and seminars on entrepreneurship",9,8,8,7,8,6,8,6,7,5,"14.1. Quick start without initial investment, 14.4. International Bisuness, 14.6. Trips",9,8,7,7,8,7,9,7,9,7,"16.2. Implementation of artificial intelligence technologies to create digital twins of tourist sites that can be explored online or via VR, 16.5. Implementation of 4D technologies, creating multidimensional tours that immerse you in the atmosphere of a place not only visually, but also tactilely and through smells"
26.08.2024 15:08:45,,1.1. Male,2.2. 23 - 25 years old,3.9. Karaganda region,4.2. Not married,5.3. Working specialist,6.3. 300 000 tg – 500 000 tg,7.3. Entrepreneurship,8,7,10,3,7,10,7,10,9.2. Healthcare,"10.6. Planning, 10.10. Financial literacy","11.4.State program ""Business Roadmap - 2025""",8,7,8,6,6,8,8,9,9,4,"14.3. Possibility of creating a family business, 14.5. Independence and flexibility in work",10,10,10,7,8,8,9,9,9,9,"16.1. Development of holographic guides that can accompany tourists to historical sites and attractions, 16.2. Implementation of artificial intelligence technologies to create digital twins of tourist sites that can be explored online or via VR, 16.3. Creating smart tours using biosensors that analyze tourists' emotions and states to offer personalized routes, 16.4.Development of neural interfaces that allow tourists to interact with tourism applications and services using thoughts, 16.5. Implementation of 4D technologies, creating multidimensional tours that immerse you in the atmosphere of a place not only visually, but also tactilely and through smells, 16.6. Creating ""digital avatars"" of tourists that can represent them in an online environment and interact with other tourists and locals, 16.7. Development of universal mobile applications for travel planning and booking services"
26.08.2024 15:18:19,,1.2. Female,2.1. 18 - 22 years old,3.9. Karaganda region,4.1. Married,5.6. Unemployed,6.5. No income,7.2. Employment with guaranteed income,1,1,1,2,2,1,2,1,9.4. Art,10.9. Project management,"11.1. JSC ""Entrepreneurship Development Fund ""Damu""",1,2,1,1,1,2,1,2,1,5,14.1. Quick start without initial investment,1,2,1,3,2,2,2,2,1,1,"16.1. Development of holographic guides that can accompany tourists to historical sites and attractions, 16.2. Implementation of artificial intelligence technologies to create digital twins of tourist sites that can be explored online or via VR"
26.08.2024 15:20:15,,1.2. Female,2.3. 26 - 30 years old,3.9. Karaganda region,4.1. Married,5.3. Working specialist,6.2. 150 000 tg – 300 000 tg,7.3. Entrepreneurship,3,2,2,1,3,3,1,3,9.6. Education,"10.3. Communication skills, 10.4. Leadership, 10.6. Planning, 10.8. Creative thinking, 10.10. Financial literacy","11.4.State program ""Business Roadmap - 2025"", 11.5. National Chamber of Entrepreneurs ""Atameken""",3,3,1,1,2,1,2,1,1,1,14.5. Independence and flexibility in work,4,4,4,4,4,4,2,2,2,2,16.7. Development of universal mobile applications for travel planning and booking services
26.08.2024 16:02:51,,1.1. Male,2.3. 26 - 30 years old,3.9. Karaganda region,4.1. Married,5.5. Freelancer / self-employed,6.4. More than 500 000 tg,7.3. Entrepreneurship,10,10,10,10,10,10,10,10,9.11. Construction,10.2. Willingness to take risks,"11.1. JSC ""Entrepreneurship Development Fund ""Damu"", 11.2. JSC National Management Holding Baiterek, 11.3. JSC ""Qazaqstan Investment Corporation"", 11.4.State program ""Business Roadmap - 2025"", 11.5. National Chamber of Entrepreneurs ""Atameken"", 11.6. Grants for startups, 11.7. Consulting and mentoring from experienced entrepreneurs, 11.8. Educational courses and seminars on entrepreneurship, 11.9. Online Resources and Platforms for Entrepreneurs, 11.10. Private Business Incubators and Accelerators, 11.11. No knowledge of such resources, ",10,10,10,10,10,10,10,10,10,5,"14.1. Quick start without initial investment, 14.2. Opportunities for innovation, 14.3. Possibility of creating a family business, 14.4. International Bisuness, 14.5. Independence and flexibility in work, 14.6. Trips, 14.7.Financial support for start-up entrepreneurs",10,10,10,10,10,10,10,10,10,10,"16.1. Development of holographic guides that can accompany tourists to historical sites and attractions, 16.2. Implementation of artificial intelligence technologies to create digital twins of tourist sites that can be explored online or via VR, 16.3. Creating smart tours using biosensors that analyze tourists' emotions and states to offer personalized routes, 16.4.Development of neural interfaces that allow tourists to interact with tourism applications and services using thoughts, 16.5. Implementation of 4D technologies, creating multidimensional tours that immerse you in the atmosphere of a place not only visually, but also tactilely and through smells, 16.6. Creating ""digital avatars"" of tourists that can represent them in an online environment and interact with other tourists and locals, 16.7. Development of universal mobile applications for travel planning and booking services"
26.08.2024 16:03:56,,1.1. Male,2.2. 23 - 25 years old,3.16. Ulytau region,4.2. Not married,5.3. Working specialist,6.3. 300 000 tg – 500 000 tg,7.2. Employment with guaranteed income,8,8,8,8,8,8,8,8,9.13. Transport,10.10. Financial literacy,11.8. Educational courses and seminars on entrepreneurship,1,1,5,5,5,5,5,5,5,3,14.3. Possibility of creating a family business,5,5,5,5,5,5,5,5,5,5,16.2. Implementation of artificial intelligence technologies to create digital twins of tourist sites that can be explored online or via VR
26.08.2024 16:12:18,,1.2. Female,2.3. 26 - 30 years old,3.16. Ulytau region,4.2. Not married,5.3. Working specialist,6.3. 300 000 tg – 500 000 tg,7.3. Entrepreneurship,10,10,10,10,10,10,10,10,9.4. Art,"10.2. Willingness to take risks, 10.3. Communication skills, 10.6. Planning, 10.7. Stress resistance, 10.8. Creative thinking, 10.10. Financial literacy","11.1. JSC ""Entrepreneurship Development Fund ""Damu"", 11.5. National Chamber of Entrepreneurs ""Atameken""",10,10,10,10,10,10,10,10,10,5,"14.4. International Bisuness, 14.6. Trips",8,6,10,10,10,8,8,9,9,8,16.1. Development of holographic guides that can accompany tourists to historical sites and attractions
26.08.2024 16:19:44,,1.2. Female,2.2. 23 - 25 years old,3.9. Karaganda region,4.2. Not married,5.2. Civil servant,6.1. 85 000 tg - 150 000 tg,7.3. Entrepreneurship,2,2,1,1,3,2,3,3,9.4. Art,"10.2. Willingness to take risks, 10.5. Problem solving skills, 10.6. Planning, 10.7. Stress resistance, 10.10. Financial literacy","11.5. National Chamber of Entrepreneurs ""Atameken"", 11.11. No knowledge of such resources",2,2,3,1,2,2,2,2,2,4,"14.3. Possibility of creating a family business, 14.4. International Bisuness, 14.6. Trips",3,2,3,2,3,2,3,2,3,2,"16.1. Development of holographic guides that can accompany tourists to historical sites and attractions, 16.2. Implementation of artificial intelligence technologies to create digital twins of tourist sites that can be explored online or via VR, 16.3. Creating smart tours using biosensors that analyze tourists' emotions and states to offer personalized routes"
26.08.2024 16:32:47,,1.2. Female,2.1. 18 - 22 years old,3.9. Karaganda region,4.2. Not married,5.1. Student,6.5. No income,7.3. Entrepreneurship,10,9,9,9,9,10,10,10,9.14. Tourism,"10.2. Willingness to take risks, 10.3. Communication skills, 10.7. Stress resistance, 10.10. Financial literacy",11.11. No knowledge of such resources,10,10,10,10,10,9,9,9,9,5,"14.2. Opportunities for innovation, 14.5. Independence and flexibility in work, 14.6. Trips",10,10,10,10,10,10,9,10,10,10,"16.1. Development of holographic guides that can accompany tourists to historical sites and attractions, 16.3. Creating smart tours using biosensors that analyze tourists' emotions and states to offer personalized routes, 16.4.Development of neural interfaces that allow tourists to interact with tourism applications and services using thoughts, 16.6. Creating ""digital avatars"" of tourists that can represent them in an online environment and interact with other tourists and locals, 16.7. Development of universal mobile applications for travel planning and booking services"
26.08.2024 16:33:09,,1.2. Female,2.4. 31 - 35 years old,3.9. Karaganda region,4.1. Married,5.3. Working specialist,6.2. 150 000 tg – 300 000 tg,7.3. Entrepreneurship,9,9,9,9,8,8,8,8,9.12. Trade,"10.3. Communication skills, 10.4. Leadership, 10.6. Planning, 10.7. Stress resistance, 10.8. Creative thinking","11.4.State program ""Business Roadmap - 2025"", 11.5. National Chamber of Entrepreneurs ""Atameken""",8,8,8,8,8,8,8,8,8,3,"14.3. Possibility of creating a family business, 14.6. Trips",3,3,3,3,3,3,3,3,3,3,"16.1. Development of holographic guides that can accompany tourists to historical sites and attractions, 16.3. Creating smart tours using biosensors that analyze tourists' emotions and states to offer personalized routes, 16.7. Development of universal mobile applications for travel planning and booking services"
26.08.2024 16:36:30,,1.2. Female,2.3. 26 - 30 years old,3.9. Karaganda region,4.1. Married,5.3. Working specialist,6.1. 85 000 tg - 150 000 tg,7.3. Entrepreneurship,10,8,8,8,8,8,8,9,9.12. Trade,10.2. Willingness to take risks,11.11. No knowledge of such resources,8,8,8,8,9,9,8,10,8,2,14.6. Trips,4,4,3,3,2,3,2,1,1,1,16.7. Development of universal mobile applications for travel planning and booking services
26.08.2024 16:42:25,,1.2. Female,2.1. 18 - 22 years old,3.16. Ulytau region,4.2. Not married,5.1. Student,6.5. No income,7.2. Employment with guaranteed income,3,3,2,2,2,3,3,3,9.3. Information Technology,"10.1. Analytics, 10.5. Problem solving skills, 10.6. Planning, 10.7. Stress resistance, 10.8. Creative thinking",11.11. No knowledge of such resources,3,3,3,2,2,2,2,2,3,3,"14.1. Quick start without initial investment, 14.2. Opportunities for innovation, 14.3. Possibility of creating a family business, 14.6. Trips",7,10,10,6,7,9,8,9,9,7,"16.1. Development of holographic guides that can accompany tourists to historical sites and attractions, 16.3. Creating smart tours using biosensors that analyze tourists' emotions and states to offer personalized routes, 16.6. Creating ""digital avatars"" of tourists that can represent them in an online environment and interact with other tourists and locals, 16.7. Development of universal mobile applications for travel planning and booking services"
26.08.2024 16:53:09,,1.2. Female,2.1. 18 - 22 years old,3.16. Ulytau region,4.2. Not married,5.1. Student,6.5. No income,7.3. Entrepreneurship,10,10,8,10,10,10,10,10,9.12. Trade,"10.6. Planning, 10.7. Stress resistance, 10.8. Creative thinking, 10.10. Financial literacy","11.4.State program ""Business Roadmap - 2025"", 11.5. National Chamber of Entrepreneurs ""Atameken"", 11.9. Online Resources and Platforms for Entrepreneurs",8,9,9,8,10,10,8,8,10,3,"14.4. International Bisuness, 14.7.Financial support for start-up entrepreneurs",10,10,5,10,10,7,10,10,8,9,"16.1. Development of holographic guides that can accompany tourists to historical sites and attractions, 16.3. Creating smart tours using biosensors that analyze tourists' emotions and states to offer personalized routes, 16.7. Development of universal mobile applications for travel planning and booking services"
26.08.2024 17:12:14,,1.2. Female,2.4. 31 - 35 years old,3.9. Karaganda region,4.1. Married,5.2. Civil servant,6.4. More than 500 000 tg,7.1. Civil service,3,2,2,2,3,2,3,3,9.16. Excursions and guide services,10.3. Communication skills,"11.3. JSC ""Qazaqstan Investment Corporation""",2,2,2,3,2,1,3,2,1,5,14.5. Independence and flexibility in work,2,3,2,3,2,2,2,1,1,1,"16.5. Implementation of 4D technologies, creating multidimensional tours that immerse you in the atmosphere of a place not only visually, but also tactilely and through smells"
26.08.2024 17:15:59,,1.1. Male,2.2. 23 - 25 years old,3.16. Ulytau region,4.2. Not married,5.3. Working specialist,6.2. 150 000 tg – 300 000 tg,7.2. Employment with guaranteed income,6,6,6,6,6,6,6,6,9.4. Art,"10.1. Analytics, 10.2. Willingness to take risks, 10.4. Leadership, 10.6. Planning, 10.7. Stress resistance, 10.8. Creative thinking",11.11. No knowledge of such resources,9,8,10,8,9,10,9,10,8,5,14.1. Quick start without initial investment,10,10,10,10,10,10,10,10,10,10,16.1. Development of holographic guides that can accompany tourists to historical sites and attractions
26.08.2024 17:21:20,,1.1. Male,2.3. 26 - 30 years old,3.16. Ulytau region,4.1. Married,5.3. Working specialist,6.4. More than 500 000 tg,7.3. Entrepreneurship,10,10,10,5,10,10,5,10,9.10. Agriculture,"10.1. Analytics, 10.2. Willingness to take risks, 10.3. Communication skills, 10.4. Leadership, 10.5. Problem solving skills, 10.6. Planning, 10.7. Stress resistance, 10.8. Creative thinking, 10.9. Project management, 10.10. Financial literacy","11.1. JSC ""Entrepreneurship Development Fund ""Damu"", 11.2. JSC National Management Holding Baiterek, 11.3. JSC ""Qazaqstan Investment Corporation"", 11.4.State program ""Business Roadmap - 2025"", 11.5. National Chamber of Entrepreneurs ""Atameken"", 11.6. Grants for startups, 11.7. Consulting and mentoring from experienced entrepreneurs, 11.8. Educational courses and seminars on entrepreneurship, 11.9. Online Resources and Platforms for Entrepreneurs, 11.10. Private Business Incubators and Accelerators, 11.11. No knowledge of such resources",10,10,10,10,10,10,10,10,10,5,"14.1. Quick start without initial investment, 14.2. Opportunities for innovation, 14.3. Possibility of creating a family business, 14.4. International Bisuness, 14.5. Independence and flexibility in work, 14.6. Trips, 14.7.Financial support for start-up entrepreneurs",10,10,10,10,10,10,10,10,10,10,"16.1. Development of holographic guides that can accompany tourists to historical sites and attractions, 16.2. Implementation of artificial intelligence technologies to create digital twins of tourist sites that can be explored online or via VR, 16.3. Creating smart tours using biosensors that analyze tourists' emotions and states to offer personalized routes, 16.4.Development of neural interfaces that allow tourists to interact with tourism applications and services using thoughts, 16.5. Implementation of 4D technologies, creating multidimensional tours that immerse you in the atmosphere of a place not only visually, but also tactilely and through smells, 16.6. Creating ""digital avatars"" of tourists that can represent them in an online environment and interact with other tourists and locals, 16.7. Development of universal mobile applications for travel planning and booking services"
26.08.2024 17:29:03,,1.1. Male,2.2. 23 - 25 years old,3.16. Ulytau region,4.2. Not married,5.1. Student,6.2. 150 000 tg – 300 000 tg,7.1. Civil service,1,1,3,2,1,2,2,1,9.10. Agriculture,10.6. Planning,"11.1. JSC ""Entrepreneurship Development Fund ""Damu"", 11.11. No knowledge of such resources, ",2,1,2,2,1,2,1,1,2,3,"14.1. Quick start without initial investment, 14.2. Opportunities for innovation, 14.3. Possibility of creating a family business, ",2,2,2,2,1,2,2,2,2,2,"16.1. Development of holographic guides that can accompany tourists to historical sites and attractions, 16.2. Implementation of artificial intelligence technologies to create digital twins of tourist sites that can be explored online or via VR, 16.7. Development of universal mobile applications for travel planning and booking services"
26.08.2024 17:33:31,,1.1. Male,2.2. 23 - 25 years old,3.9. Karaganda region,4.2. Not married,5.3. Working specialist,6.4. More than 500 000 tg,7.1. Civil service,3,3,3,3,3,3,3,3,9.4. Art,10.6. Planning,"11.1. JSC ""Entrepreneurship Development Fund ""Damu"", 11.7. Consulting and mentoring from experienced entrepreneurs",3,3,3,3,3,3,3,3,3,5,14.3. Possibility of creating a family business,3,3,3,3,3,3,3,3,3,3,16.3. Creating smart tours using biosensors that analyze tourists' emotions and states to offer personalized routes
26.08.2024 17:34:40,,1.2. Female,2.4. 31 - 35 years old,3.9. Karaganda region,4.1. Married,Maternity leave,6.5. No income,7.3. Entrepreneurship,10,10,10,10,10,10,10,10,9.2. Healthcare,10.4. Leadership,11.10. Private Business Incubators and Accelerators,10,10,10,10,10,9,9,9,9,5,"14.3. Possibility of creating a family business, 14.6. Trips",10,10,10,10,10,10,10,10,10,10,"16.6. Creating ""digital avatars"" of tourists that can represent them in an online environment and interact with other tourists and locals, 16.7. Development of universal mobile applications for travel planning and booking services"
26.08.2024 17:42:08,,1.2. Female,2.2. 23 - 25 years old,3.16. Ulytau region,4.1. Married,Maternity leaveтік демалыста ,6.5. No income,7.3. Entrepreneurship,5,5,5,5,5,5,5,5,9.8. Industry,"10.6. Planning, 10.8. Creative thinking",11.11. No knowledge of such resources,10,10,10,10,10,10,9,10,10,4,14.3. Possibility of creating a family business,5,7,10,5,5,5,5,5,5,5,16.1. Development of holographic guides that can accompany tourists to historical sites and attractions
26.08.2024 17:51:39,,1.1. Male,2.4. 31 - 35 years old,3.16. Ulytau region,4.1. Married,5.3. Working specialist,6.2. 150 000 tg – 300 000 tg,7.2. Employment with guaranteed income,1,1,1,1,1,1,1,1,9.14. Tourism,10.10. Financial literacy,11.10. Private Business Incubators and Accelerators,2,2,2,2,2,2,2,2,2,5,14.3. Possibility of creating a family business,4,4,4,4,4,4,4,4,4,4,16.4.Development of neural interfaces that allow tourists to interact with tourism applications and services using thoughts
26.08.2024 17:52:51,,1.2. Female,2.4. 31 - 35 years old,3.9. Karaganda region,4.1. Married,5.6. Unemployed,6.5. No income,7.1. Civil service,4,5,2,8,7,7,9,10,9.14. Tourism,"10.2. Willingness to take risks, 10.3. Communication skills, 10.5. Problem solving skills","11.1. JSC ""Entrepreneurship Development Fund ""Damu"", 11.4.State program ""Business Roadmap - 2025"", 11.5. National Chamber of Entrepreneurs ""Atameken""",10,9,8,7,6,5,4,3,2,5,"14.1. Quick start without initial investment, 14.4. International Bisuness, 14.6. Trips",9,7,10,6,5,4,3,2,1,8,"16.1. Development of holographic guides that can accompany tourists to historical sites and attractions, 16.2. Implementation of artificial intelligence technologies to create digital twins of tourist sites that can be explored online or via VR, 16.5. Implementation of 4D technologies, creating multidimensional tours that immerse you in the atmosphere of a place not only visually, but also tactilely and through smells, 16.7. Development of universal mobile applications for travel planning and booking services"
26.08.2024 17:54:56,,1.1. Male,2.4. 31 - 35 years old,3.16. Ulytau region,4.1. Married,5.3. Working specialist,6.3. 300 000 tg – 500 000 tg,7.1. Civil service,10,10,10,10,10,10,10,10,9.12. Trade,"10.2. Willingness to take risks, 10.6. Planning",11.11. No knowledge of such resources,10,10,10,10,10,10,10,10,10,5,"14.1. Quick start without initial investment, 14.3. Possibility of creating a family business, 14.7.Financial support for start-up entrepreneurs",10,10,10,10,10,10,10,10,10,10,"16.1. Development of holographic guides that can accompany tourists to historical sites and attractions, 16.2. Implementation of artificial intelligence technologies to create digital twins of tourist sites that can be explored online or via VR, 16.3. Creating smart tours using biosensors that analyze tourists' emotions and states to offer personalized routes, 16.4.Development of neural interfaces that allow tourists to interact with tourism applications and services using thoughts, 16.5. Implementation of 4D technologies, creating multidimensional tours that immerse you in the atmosphere of a place not only visually, but also tactilely and through smells, 16.6. Creating ""digital avatars"" of tourists that can represent them in an online environment and interact with other tourists and locals, 16.7. Development of universal mobile applications for travel planning and booking services"
26.08.2024 17:57:57,,1.2. Female,2.3. 26 - 30 years old,3.18. Astana city,4.1. Married,5.3. Working specialist,6.3. 300 000 tg – 500 000 tg,7.2. Employment with guaranteed income,3,3,1,2,3,3,3,3,9.6. Education,"10.2. Willingness to take risks, 10.4. Leadership, 10.6. Planning, 10.7. Stress resistance, 10.8. Creative thinking","11.1. JSC ""Entrepreneurship Development Fund ""Damu"", 11.2. JSC National Management Holding Baiterek, 11.5. National Chamber of Entrepreneurs ""Atameken""",4,10,10,5,10,5,7,8,10,3,14.7.Financial support for start-up entrepreneurs,8,5,9,4,9,6,10,7,10,4,"16.2. Implementation of artificial intelligence technologies to create digital twins of tourist sites that can be explored online or via VR, 16.4.Development of neural interfaces that allow tourists to interact with tourism applications and services using thoughts, 16.5. Implementation of 4D technologies, creating multidimensional tours that immerse you in the atmosphere of a place not only visually, but also tactilely and through smells, 16.7. Development of universal mobile applications for travel planning and booking services"
26.08.2024 18:12:25,,1.1. Male,2.1. 18 - 22 years old,3.16. Ulytau region,4.2. Not married,5.1. Student,6.5. No income,7.1. Civil service,3,3,1,1,2,3,3,3,9.6. Education,"10.1. Analytics, 10.2. Willingness to take risks, 10.6. Planning, 10.7. Stress resistance, 10.8. Creative thinking, 10.9. Project management","11.1. JSC ""Entrepreneurship Development Fund ""Damu"", 11.8. Educational courses and seminars on entrepreneurship",3,2,1,2,3,1,2,3,3,4,"14.5. Independence and flexibility in work, 14.6. Trips, 14.7.Financial support for start-up entrepreneurs",10,10,10,10,10,10,10,10,5,5,"16.1. Development of holographic guides that can accompany tourists to historical sites and attractions, 16.3. Creating smart tours using biosensors that analyze tourists' emotions and states to offer personalized routes, 16.5. Implementation of 4D technologies, creating multidimensional tours that immerse you in the atmosphere of a place not only visually, but also tactilely and through smells, 16.6. Creating ""digital avatars"" of tourists that can represent them in an online environment and interact with other tourists and locals, 16.7. Development of universal mobile applications for travel planning and booking services"
26.08.2024 18:15:31,,1.1. Male,2.4. 31 - 35 years old,3.9. Karaganda region,4.1. Married,5.2. Civil servant,6.3. 300 000 tg – 500 000 tg,Teacher. Entrepreneurship,5,10,5,5,10,10,5,10,"Different areas, which close to tourism","10.1. Analytics, 10.3. Communication skills, 10.5. Problem solving skills, 10.6. Planning","11.1. JSC ""Entrepreneurship Development Fund ""Damu"", 11.2. JSC National Management Holding Baiterek, 11.3. JSC ""Qazaqstan Investment Corporation"", 11.4.State program ""Business Roadmap - 2025"", 11.5. National Chamber of Entrepreneurs ""Atameken"", 11.6. Grants for startups, 11.7. Consulting and mentoring from experienced entrepreneurs, 11.8. Educational courses and seminars on entrepreneurship, 11.9. Online Resources and Platforms for Entrepreneurs, 11.10. Private Business Incubators and Accelerators",5,10,5,5,6,6,6,6,5,5,14.3. Possibility of creating a family business,4,2,1,10,6,10,1,6,1,3,"16.1. Development of holographic guides that can accompany tourists to historical sites and attractions, 16.2. Implementation of artificial intelligence technologies to create digital twins of tourist sites that can be explored online or via VR, 16.3. Creating smart tours using biosensors that analyze tourists' emotions and states to offer personalized routes, 16.4.Development of neural interfaces that allow tourists to interact with tourism applications and services using thoughts, 16.5. Implementation of 4D technologies, creating multidimensional tours that immerse you in the atmosphere of a place not only visually, but also tactilely and through smells, 16.6. Creating ""digital avatars"" of tourists that can represent them in an online environment and interact with other tourists and locals, 16.7. Development of universal mobile applications for travel planning and booking services"
26.08.2024 18:18:15,,1.1. Male,2.4. 31 - 35 years old,3.18. Astana city,4.1. Married,5.4. Entrepreneur,6.4. More than 500 000 tg,7.3. Entrepreneurship,3,2,3,1,1,2,3,3,9.10. Agriculture,"10.1. Analytics, 10.2. Willingness to take risks, 10.3. Communication skills, 10.4. Leadership, 10.5. Problem solving skills, 10.6. Planning, 10.7. Stress resistance, 10.9. Project management, 10.10. Financial literacy","11.1. JSC ""Entrepreneurship Development Fund ""Damu"", 11.2. JSC National Management Holding Baiterek, 11.4.State program ""Business Roadmap - 2025"", 11.5. National Chamber of Entrepreneurs ""Atameken"", 11.6. Grants for startups, 11.7. Consulting and mentoring from experienced entrepreneurs, 11.8. Educational courses and seminars on entrepreneurship, 11.9. Online Resources and Platforms for Entrepreneurs, 11.10. Private Business Incubators and Accelerators",3,3,3,3,3,2,3,2,3,4,"14.2. Opportunities for innovation, 14.3. Possibility of creating a family business, 14.4. International Bisuness, 14.5. Independence and flexibility in work, 14.6. Trips",3,3,3,4,2,2,3,3,2,2,"16.1. Development of holographic guides that can accompany tourists to historical sites and attractions, 16.2. Implementation of artificial intelligence technologies to create digital twins of tourist sites that can be explored online or via VR, 16.5. Implementation of 4D technologies, creating multidimensional tours that immerse you in the atmosphere of a place not only visually, but also tactilely and through smells"
26.08.2024 18:23:40,,1.1. Male,2.4. 31 - 35 years old,3.9. Karaganda region,4.2. Not married,5.5. Freelancer / self-employed,6.4. More than 500 000 tg,7.3. Entrepreneurship,3,1,3,2,1,1,2,3,Lawyer,10.1. Analytics,11.11. No knowledge of such resources,2,2,2,2,3,1,2,2,2,2,"14.1. Quick start without initial investment, 14.3. Possibility of creating a family business, 14.5. Independence and flexibility in work, 14.6. Trips",4,2,2,2,2,4,2,2,2,2,16.7. Development of universal mobile applications for travel planning and booking services
26.08.2024 18:28:17,,1.2. Female,2.4. 31 - 35 years old,3.9. Karaganda region,4.1. Married,5.3. Working specialist,6.1. 85 000 tg - 150 000 tg,7.2. Employment with guaranteed income,3,3,1,3,2,3,3,3,light industry,10.2. Willingness to take risks,"11.4.State program ""Business Roadmap - 2025""",3,2,3,1,2,3,1,2,3,3,14.4. International Bisuness,3,3,3,3,2,2,3,3,1,2,16.4.Development of neural interfaces that allow tourists to interact with tourism applications and services using thoughts
26.08.2024 18:36:04,,1.1. Male,2.3. 26 - 30 years old,3.18. Astana city,4.1. Married,5.3. Working specialist,6.4. More than 500 000 tg,7.2. Employment with guaranteed income,1,3,3,3,3,3,2,3,9.12. Trade,"10.1. Analytics, 10.10. Financial literacy",11.11. No knowledge of such resources,2,2,2,2,2,2,2,2,2,1,14.6. Trips,2,2,3,3,3,3,3,3,3,3,16.2. Implementation of artificial intelligence technologies to create digital twins of tourist sites that can be explored online or via VR
26.08.2024 18:49:12,,1.1. Male,2.4. 31 - 35 years old,3.16. Ulytau region,4.1. Married,5.3. Working specialist,6.4. More than 500 000 tg,7.2. Employment with guaranteed income,10,10,10,10,10,10,10,10,9.10. Agriculture,"10.6. Planning, 10.10. Financial literacy","11.1. JSC ""Entrepreneurship Development Fund ""Damu"", 11.2. JSC National Management Holding Baiterek, 11.4.State program ""Business Roadmap - 2025"", 11.5. National Chamber of Entrepreneurs ""Atameken"", 11.8. Educational courses and seminars on entrepreneurship",10,10,10,10,10,10,10,10,10,5,"14.5. Independence and flexibility in work, 14.6. Trips",10,10,10,10,10,10,10,10,10,10,16.7. Development of universal mobile applications for travel planning and booking services
26.08.2024 18:55:02,,1.2. Female,2.2. 23 - 25 years old,3.16. Ulytau region,4.2. Not married,5.1. Student,6.1. 85 000 tg - 150 000 tg,7.3. Entrepreneurship,1,3,2,4,5,6,7,9,9.14. Tourism,"10.2. Willingness to take risks, 10.7. Stress resistance, 10.8. Creative thinking","11.1. JSC ""Entrepreneurship Development Fund ""Damu"", 11.5. National Chamber of Entrepreneurs ""Atameken""",1,2,3,4,5,6,8,9,10,4,"14.1. Quick start without initial investment, 14.6. Trips",1,2,3,4,5,6,7,8,9,10,"16.1. Development of holographic guides that can accompany tourists to historical sites and attractions, 16.5. Implementation of 4D technologies, creating multidimensional tours that immerse you in the atmosphere of a place not only visually, but also tactilely and through smells"
26.08.2024 18:58:31,,1.2. Female,2.4. 31 - 35 years old,3.9. Karaganda region,4.1. Married,5.3. Working specialist,6.3. 300 000 tg – 500 000 tg,7.2. Employment with guaranteed income,10,8,9,9,9,10,9,10,9.6. Education,"10.4. Leadership, 10.8. Creative thinking, 10.10. Financial literacy","11.6. Grants for startups, 11.7. Consulting and mentoring from experienced entrepreneurs",10,10,9,9,9,10,9,9,9,4,"14.5. Independence and flexibility in work, 14.6. Trips",2,10,10,10,10,3,9,9,9,9,16.1. Development of holographic guides that can accompany tourists to historical sites and attractions
26.08.2024 19:09:36,,1.1. Male,2.4. 31 - 35 years old,3.16. Ulytau region,4.2. Not married,5.2. Civil servant,6.1. 85 000 tg - 150 000 tg,7.3. Entrepreneurship,10,10,5,3,10,10,7,10,9.12. Trade,"10.1. Analytics, 10.2. Willingness to take risks, 10.6. Planning, 10.10. Financial literacy","11.4.State program ""Business Roadmap - 2025"", 11.5. National Chamber of Entrepreneurs ""Atameken"", 11.6. Grants for startups",5,8,7,9,8,7,8,9,8,5,"14.1. Quick start without initial investment, 14.6. Trips, 14.7.Financial support for start-up entrepreneurs",10,10,10,10,10,7,10,10,10,10,"16.1. Development of holographic guides that can accompany tourists to historical sites and attractions, 16.2. Implementation of artificial intelligence technologies to create digital twins of tourist sites that can be explored online or via VR, 16.3. Creating smart tours using biosensors that analyze tourists' emotions and states to offer personalized routes, 16.4.Development of neural interfaces that allow tourists to interact with tourism applications and services using thoughts, 16.5. Implementation of 4D technologies, creating multidimensional tours that immerse you in the atmosphere of a place not only visually, but also tactilely and through smells, 16.6. Creating ""digital avatars"" of tourists that can represent them in an online environment and interact with other tourists and locals, 16.7. Development of universal mobile applications for travel planning and booking services"
26.08.2024 19:10:06,,1.2. Female,2.4. 31 - 35 years old,3.16. Ulytau region,4.1. Married,5.6. Unemployed,6.5. No income,7.3. Entrepreneurship,2,2,2,2,1,2,2,1,9.3. Information Technology,10.10. Financial literacy,11.11. No knowledge of such resources,2,3,3,3,4,3,4,4,3,4,14.2. Opportunities for innovation,9,9,9,9,10,9,8,8,9,8,16.4.Development of neural interfaces that allow tourists to interact with tourism applications and services using thoughts
26.08.2024 19:13:10,,1.2. Female,2.2. 23 - 25 years old,3.19. Almaty city,4.2. Not married,5.2. Civil servant,6.1. 85 000 tg - 150 000 tg,7.1. Civil service,3,3,3,3,3,3,3,3,9.14. Tourism,"10.1. Analytics, 10.2. Willingness to take risks","11.7. Consulting and mentoring from experienced entrepreneurs, 11.8. Educational courses and seminars on entrepreneurship",3,3,3,3,3,3,3,3,3,5,14.6. Trips,4,4,4,4,4,4,4,4,4,4,"16.1. Development of holographic guides that can accompany tourists to historical sites and attractions, 16.3. Creating smart tours using biosensors that analyze tourists' emotions and states to offer personalized routes"
26.08.2024 19:14:49,,1.2. Female,2.4. 31 - 35 years old,3.11. Kyzylorda region,4.1. Married,5.2. Civil servant,6.1. 85 000 tg - 150 000 tg,7.3. Entrepreneurship,10,8,10,10,10,10,10,10,9.5. Logistics,"10.2. Willingness to take risks, 10.3. Communication skills, 10.4. Leadership, 10.5. Problem solving skills, 10.10. Financial literacy","11.1. JSC ""Entrepreneurship Development Fund ""Damu"", 11.5. National Chamber of Entrepreneurs ""Atameken""",5,10,10,10,10,7,10,10,10,5,"14.3. Possibility of creating a family business, 14.5. Independence and flexibility in work, 14.6. Trips",10,9,10,10,10,9,10,8,10,8,"16.2. Implementation of artificial intelligence technologies to create digital twins of tourist sites that can be explored online or via VR, 16.4.Development of neural interfaces that allow tourists to interact with tourism applications and services using thoughts, 16.5. Implementation of 4D technologies, creating multidimensional tours that immerse you in the atmosphere of a place not only visually, but also tactilely and through smells, 16.6. Creating ""digital avatars"" of tourists that can represent them in an online environment and interact with other tourists and locals, 16.7. Development of universal mobile applications for travel planning and booking services"
26.08.2024 19:14:53,,1.2. Female,2.4. 31 - 35 years old,3.9. Karaganda region,4.1. Married,5.3. Working specialist,6.3. 300 000 tg – 500 000 tg,7.3. Entrepreneurship,3,3,3,2,2,3,3,3,9.2. Healthcare,"10.2. Willingness to take risks, 10.3. Communication skills, 10.6. Planning","11.1. JSC ""Entrepreneurship Development Fund ""Damu""",3,2,2,2,2,1,1,2,3,5,"14.3. Possibility of creating a family business, 14.5. Independence and flexibility in work, 14.6. Trips",4,4,4,4,3,3,3,3,3,3,"16.1. Development of holographic guides that can accompany tourists to historical sites and attractions, 16.2. Implementation of artificial intelligence technologies to create digital twins of tourist sites that can be explored online or via VR"
26.08.2024 19:15:18,,1.2. Female,2.4. 31 - 35 years old,3.16. Ulytau region,4.2. Not married,5.2. Civil servant,6.2. 150 000 tg – 300 000 tg,7.3. Entrepreneurship,10,9,10,10,10,10,10,10,9.12. Trade,10.2. Willingness to take risks,11.7. Consulting and mentoring from experienced entrepreneurs,10,10,10,10,10,10,10,10,10,5,14.1. Quick start without initial investment,10,10,10,10,10,10,10,10,10,10,16.1. Development of holographic guides that can accompany tourists to historical sites and attractions
26.08.2024 19:17:19,,1.2. Female,2.3. 26 - 30 years old,3.9. Karaganda region,4.1. Married,5.4. Entrepreneur,6.2. 150 000 tg – 300 000 tg,7.3. Entrepreneurship,3,2,3,3,3,2,3,3,9.12. Trade,"10.2. Willingness to take risks, 10.7. Stress resistance",11.11. No knowledge of such resources,3,2,3,3,3,3,3,3,3,3,14.6. Trips,3,7,7,7,9,9,6,6,6,7,16.1. Development of holographic guides that can accompany tourists to historical sites and attractions
26.08.2024 19:21:21,,1.2. Female,2.4. 31 - 35 years old,3.16. Ulytau region,4.1. Married,5.3. Working specialist,6.2. 150 000 tg – 300 000 tg,7.2. Employment with guaranteed income,10,9,3,10,10,10,10,10,9.6. Education,"10.1. Analytics, 10.3. Communication skills, 10.4. Leadership, 10.7. Stress resistance, 10.8. Creative thinking","11.1. JSC ""Entrepreneurship Development Fund ""Damu"", 11.2. JSC National Management Holding Baiterek, 11.4.State program ""Business Roadmap - 2025"", 11.5. National Chamber of Entrepreneurs ""Atameken""",9,2,3,2,2,9,6,5,5,2,"14.3. Possibility of creating a family business, 14.6. Trips",9,10,10,10,7,6,8,7,9,8,"16.1. Development of holographic guides that can accompany tourists to historical sites and attractions, 16.3. Creating smart tours using biosensors that analyze tourists' emotions and states to offer personalized routes, 16.5. Implementation of 4D technologies, creating multidimensional tours that immerse you in the atmosphere of a place not only visually, but also tactilely and through smells"
26.08.2024 19:26:10,,1.2. Female,2.3. 26 - 30 years old,3.18. Astana city,4.2. Not married,5.2. Civil servant,6.2. 150 000 tg – 300 000 tg,7.3. Entrepreneurship,7,8,7,9,9,10,10,10,9.6. Education,"10.2. Willingness to take risks, 10.4. Leadership, 10.5. Problem solving skills, 10.6. Planning, 10.7. Stress resistance, 10.8. Creative thinking, 10.10. Financial literacy","11.2. JSC National Management Holding Baiterek, 11.5. National Chamber of Entrepreneurs ""Atameken""",9,8,9,10,8,9,9,8,8,4,"14.2. Opportunities for innovation, 14.6. Trips",5,7,8,8,7,7,8,8,7,7,"16.1. Development of holographic guides that can accompany tourists to historical sites and attractions, 16.4.Development of neural interfaces that allow tourists to interact with tourism applications and services using thoughts"
26.08.2024 19:33:04,,1.2. Female,2.2. 23 - 25 years old,3.16. Ulytau region,4.2. Not married,5.2. Civil servant,6.3. 300 000 tg – 500 000 tg,7.1. Civil service,10,10,5,7,10,10,8,10,9.12. Trade,"10.3. Communication skills, 10.8. Creative thinking","11.6. Grants for startups, 11.8. Educational courses and seminars on entrepreneurship",5,8,10,10,9,10,6,7,10,4,"14.6. Trips, 14.7.Financial support for start-up entrepreneurs",3,7,9,5,4,6,2,3,2,5,"16.3. Creating smart tours using biosensors that analyze tourists' emotions and states to offer personalized routes, 16.7. Development of universal mobile applications for travel planning and booking services"
26.08.2024 19:39:25,,1.2. Female,2.3. 26 - 30 years old,3.16. Ulytau region,4.1. Married,5.2. Civil servant,6.2. 150 000 tg – 300 000 tg,7.3. Entrepreneurship,8,5,9,6,8,9,10,10,9.12. Trade,"10.2. Willingness to take risks, 10.3. Communication skills, 10.7. Stress resistance","11.1. JSC ""Entrepreneurship Development Fund ""Damu"", 11.5. National Chamber of Entrepreneurs ""Atameken"", 11.6. Grants for startups",6,6,7,7,6,7,5,7,5,2,"14.3. Possibility of creating a family business, 14.6. Trips",7,6,8,5,7,9,7,9,8,9,"16.2. Implementation of artificial intelligence technologies to create digital twins of tourist sites that can be explored online or via VR, 16.6. Creating ""digital avatars"" of tourists that can represent them in an online environment and interact with other tourists and locals, 16.7. Development of universal mobile applications for travel planning and booking services"
26.08.2024 19:41:11,,1.2. Female,2.4. 31 - 35 years old,3.19. Almaty city,4.1. Married,5.4. Entrepreneur,6.3. 300 000 tg – 500 000 tg,7.3. Entrepreneurship,3,3,3,3,3,3,3,3,9.14. Tourism,"10.1. Analytics, 10.2. Willingness to take risks, 10.5. Problem solving skills, 10.7. Stress resistance, 10.10. Financial literacy","11.1. JSC ""Entrepreneurship Development Fund ""Damu"", 11.4.State program ""Business Roadmap - 2025"", 11.5. National Chamber of Entrepreneurs ""Atameken"", 11.7. Consulting and mentoring from experienced entrepreneurs, 11.8. Educational courses and seminars on entrepreneurship",3,3,3,3,3,3,3,3,3,5,"14.3. Possibility of creating a family business, 14.5. Independence and flexibility in work, 14.6. Trips",7,10,6,8,10,10,8,5,6,9,"16.1. Development of holographic guides that can accompany tourists to historical sites and attractions, 16.4.Development of neural interfaces that allow tourists to interact with tourism applications and services using thoughts, 16.6. Creating ""digital avatars"" of tourists that can represent them in an online environment and interact with other tourists and locals"
26.08.2024 19:45:42,,1.1. Male,2.4. 31 - 35 years old,3.12. Mangistau region,4.2. Not married,5.3. Working specialist,6.3. 300 000 tg – 500 000 tg,7.3. Entrepreneurship,3,3,1,3,3,3,3,3,9.5. Logistics,"10.1. Analytics, 10.2. Willingness to take risks, 10.7. Stress resistance, 10.10. Financial literacy","11.1. JSC ""Entrepreneurship Development Fund ""Damu"", 11.2. JSC National Management Holding Baiterek, 11.5. National Chamber of Entrepreneurs ""Atameken""",3,2,2,2,2,3,2,3,3,5,"14.3. Possibility of creating a family business, 14.6. Trips",3,3,3,3,3,2,1,2,3,3,"16.1. Development of holographic guides that can accompany tourists to historical sites and attractions, 16.5. Implementation of 4D technologies, creating multidimensional tours that immerse you in the atmosphere of a place not only visually, but also tactilely and through smells, 16.6. Creating ""digital avatars"" of tourists that can represent them in an online environment and interact with other tourists and locals, 16.7. Development of universal mobile applications for travel planning and booking services"
26.08.2024 19:49:41,,1.2. Female,2.3. 26 - 30 years old,3.9. Karaganda region,4.1. Married,5.6. Unemployed,6.5. No income,7.3. Entrepreneurship,3,5,2,4,7,8,10,9,9.12. Trade,"10.2. Willingness to take risks, 10.3. Communication skills, 10.5. Problem solving skills, 10.6. Planning","11.1. JSC ""Entrepreneurship Development Fund ""Damu"", 11.2. JSC National Management Holding Baiterek, 11.4.State program ""Business Roadmap - 2025"", 11.5. National Chamber of Entrepreneurs ""Atameken""",2,3,4,5,6,7,8,9,10,5,"14.1. Quick start without initial investment, 14.3. Possibility of creating a family business, 14.4. International Bisuness",9,1,10,2,3,4,8,7,6,5,"16.1. Development of holographic guides that can accompany tourists to historical sites and attractions, 16.2. Implementation of artificial intelligence technologies to create digital twins of tourist sites that can be explored online or via VR, 16.6. Creating ""digital avatars"" of tourists that can represent them in an online environment and interact with other tourists and locals"
26.08.2024 19:56:21,,1.2. Female,2.2. 23 - 25 years old,3.9. Karaganda region,4.2. Not married,5.4. Entrepreneur,6.2. 150 000 tg – 300 000 tg,7.2. Employment with guaranteed income,1,1,1,1,1,1,1,1,9.14. Tourism,10.8. Creative thinking,11.7. Consulting and mentoring from experienced entrepreneurs,1,1,1,1,1,1,1,1,1,5,14.7.Financial support for start-up entrepreneurs,2,2,2,2,2,2,2,1,1,1,"16.6. Creating ""digital avatars"" of tourists that can represent them in an online environment and interact with other tourists and locals"
26.08.2024 20:08:36,,1.2. Female,2.1. 18 - 22 years old,3.9. Karaganda region,4.2. Not married,5.3. Working specialist,6.3. 300 000 tg – 500 000 tg,7.3. Entrepreneurship,1,1,1,1,1,1,1,1,9.9. Entertainment and leisure,10.10. Financial literacy,"11.5. National Chamber of Entrepreneurs ""Atameken""",1,1,1,1,1,1,1,1,1,5,14.2. Opportunities for innovation,1,1,1,1,1,1,1,1,1,1,16.3. Creating smart tours using biosensors that analyze tourists' emotions and states to offer personalized routes
26.08.2024 20:27:17,,1.2. Female,2.3. 26 - 30 years old,3.19. Almaty city,4.2. Not married,5.5. Freelancer / self-employed,6.2. 150 000 tg – 300 000 tg,7.3. Entrepreneurship,3,3,1,3,3,3,3,3,9.4. Art,10.4. Leadership,"11.1. JSC ""Entrepreneurship Development Fund ""Damu"", 11.5. National Chamber of Entrepreneurs ""Atameken"", 11.7. Consulting and mentoring from experienced entrepreneurs",5,6,4,5,5,5,5,5,5,5,"14.5. Independence and flexibility in work, 14.6. Trips",6,7,9,8,7,9,7,8,8,7,"16.1. Development of holographic guides that can accompany tourists to historical sites and attractions, 16.2. Implementation of artificial intelligence technologies to create digital twins of tourist sites that can be explored online or via VR, 16.3. Creating smart tours using biosensors that analyze tourists' emotions and states to offer personalized routes, 16.7. Development of universal mobile applications for travel planning and booking services"
26.08.2024 20:29:09,,1.2. Female,2.4. 31 - 35 years old,3.18. Astana city,4.1. Married,5.6. Unemployed,6.5. No income,7.3. Entrepreneurship,2,2,2,2,2,2,2,2,9.4. Art,10.2. Willingness to take risks,11.11. No knowledge of such resources,2,2,2,2,2,2,2,2,2,5,14.7.Financial support for start-up entrepreneurs,2,2,2,2,2,2,2,2,2,2,16.7. Development of universal mobile applications for travel planning and booking services
26.08.2024 20:35:17,,1.1. Male,2.2. 23 - 25 years old,3.18. Astana city,4.1. Married,5.3. Working specialist,6.1. 85 000 tg - 150 000 tg,7.3. Entrepreneurship,2,2,2,1,3,2,2,2,9.2. Healthcare,10.1. Analytics,"11.5. National Chamber of Entrepreneurs ""Atameken""",3,2,1,3,2,1,2,3,2,3,14.4. International Bisuness,3,1,2,3,2,3,2,3,2,2,16.3. Creating smart tours using biosensors that analyze tourists' emotions and states to offer personalized routes
26.08.2024 20:51:05,,1.2. Female,2.2. 23 - 25 years old,3.9. Karaganda region,4.1. Married,Maternity leave,6.5. No income,7.3. Entrepreneurship,5,7,1,9,10,10,10,10,9.12. Trade,"10.3. Communication skills, 10.9. Project management, 10.10. Financial literacy","11.1. JSC ""Entrepreneurship Development Fund ""Damu"", 11.4.State program ""Business Roadmap - 2025"", 11.5. National Chamber of Entrepreneurs ""Atameken""",10,10,8,9,8,8,9,8,10,5,"14.3. Possibility of creating a family business, 14.6. Trips",4,10,10,10,8,8,9,9,8,9,"16.1. Development of holographic guides that can accompany tourists to historical sites and attractions, 16.4.Development of neural interfaces that allow tourists to interact with tourism applications and services using thoughts, 16.6. Creating ""digital avatars"" of tourists that can represent them in an online environment and interact with other tourists and locals"
26.08.2024 20:52:56,,1.2. Female,2.1. 18 - 22 years old,3.13. Pavlodar region,4.2. Not married,5.3. Working specialist,6.1. 85 000 tg - 150 000 tg,7.1. Civil service,10,9,7,10,10,8,10,9,9.14. Tourism,"10.2. Willingness to take risks, 10.4. Leadership, 10.6. Planning, 10.7. Stress resistance","11.1. JSC ""Entrepreneurship Development Fund ""Damu"", 11.4.State program ""Business Roadmap - 2025""",10,10,10,10,10,10,10,10,10,5,"14.1. Quick start without initial investment, 14.6. Trips, 14.7.Financial support for start-up entrepreneurs",10,8,10,10,10,10,10,10,10,10,"16.1. Development of holographic guides that can accompany tourists to historical sites and attractions, 16.4.Development of neural interfaces that allow tourists to interact with tourism applications and services using thoughts, 16.6. Creating ""digital avatars"" of tourists that can represent them in an online environment and interact with other tourists and locals"
26.08.2024 21:08:48,,1.2. Female,2.3. 26 - 30 years old,3.16. Ulytau region,4.1. Married,5.5. Freelancer / self-employed,6.3. 300 000 tg – 500 000 tg,7.3. Entrepreneurship,1,1,1,1,1,1,1,1,9.4. Art,10.3. Communication skills,11.11. No knowledge of such resources,1,1,1,1,1,1,1,1,1,3,14.6. Trips,1,1,1,1,1,4,1,1,1,1,16.7. Development of universal mobile applications for travel planning and booking services
26.08.2024 21:13:44,,1.2. Female,2.4. 31 - 35 years old,3.9. Karaganda region,4.1. Married,5.6. Unemployed,6.5. No income,7.3. Entrepreneurship,3,4,5,6,7,8,10,9,9.14. Tourism,"10.2. Willingness to take risks, 10.3. Communication skills, 10.5. Problem solving skills","11.1. JSC ""Entrepreneurship Development Fund ""Damu"", 11.2. JSC National Management Holding Baiterek, 11.4.State program ""Business Roadmap - 2025"", 11.5. National Chamber of Entrepreneurs ""Atameken""",2,3,4,5,6,7,8,9,10,5,"14.1. Quick start without initial investment, 14.2. Opportunities for innovation, 14.4. International Bisuness, 14.6. Trips",9,1,10,8,7,6,5,4,3,2,"16.1. Development of holographic guides that can accompany tourists to historical sites and attractions, 16.5. Implementation of 4D technologies, creating multidimensional tours that immerse you in the atmosphere of a place not only visually, but also tactilely and through smells, 16.6. Creating ""digital avatars"" of tourists that can represent them in an online environment and interact with other tourists and locals"
26.08.2024 21:17:31,,1.2. Female,2.4. 31 - 35 years old,3.9. Karaganda region,4.1. Married,5.2. Civil servant,6.3. 300 000 tg – 500 000 tg,7.3. Entrepreneurship,9,9,9,6,9,10,8,10,9.2. Healthcare,"10.3. Communication skills, 10.7. Stress resistance, 10.8. Creative thinking","11.1. JSC ""Entrepreneurship Development Fund ""Damu"", 11.5. National Chamber of Entrepreneurs ""Atameken""",9,8,9,9,9,9,8,9,9,5,"14.3. Possibility of creating a family business, 14.6. Trips",4,8,8,7,5,2,9,9,9,8,"16.1. Development of holographic guides that can accompany tourists to historical sites and attractions, 16.2. Implementation of artificial intelligence technologies to create digital twins of tourist sites that can be explored online or via VR, 16.3. Creating smart tours using biosensors that analyze tourists' emotions and states to offer personalized routes, 16.4.Development of neural interfaces that allow tourists to interact with tourism applications and services using thoughts, 16.6. Creating ""digital avatars"" of tourists that can represent them in an online environment and interact with other tourists and locals, 16.7. Development of universal mobile applications for travel planning and booking services"
26.08.2024 21:21:19,,1.2. Female,2.3. 26 - 30 years old,3.9. Karaganda region,4.1. Married,Maternity leave,6.2. 150 000 tg – 300 000 tg,7.3. Entrepreneurship,8,10,8,8,10,10,10,10,9.15. Financial and credit sector,"10.2. Willingness to take risks, 10.4. Leadership, 10.5. Problem solving skills, 10.6. Planning","11.1. JSC ""Entrepreneurship Development Fund ""Damu"", 11.5. National Chamber of Entrepreneurs ""Atameken""",10,10,10,10,10,10,10,10,10,3,"14.4. International Bisuness, 14.5. Independence and flexibility in work, 14.6. Trips",9,9,9,9,9,9,9,9,9,9,16.4.Development of neural interfaces that allow tourists to interact with tourism applications and services using thoughts
26.08.2024 21:23:48,,1.2. Female,2.1. 18 - 22 years old,3.9. Karaganda region,4.2. Not married,5.4. Entrepreneur,6.2. 150 000 tg – 300 000 tg,7.3. Entrepreneurship,3,3,2,2,2,2,2,2,9.2. Healthcare,10.1. Analytics,"11.1. JSC ""Entrepreneurship Development Fund ""Damu""",2,2,2,2,3,2,2,2,2,5,14.3. Possibility of creating a family business,3,3,3,3,3,3,3,3,3,3,16.2. Implementation of artificial intelligence technologies to create digital twins of tourist sites that can be explored online or via VR
26.08.2024 21:26:40,,1.2. Female,2.1. 18 - 22 years old,3.9. Karaganda region,4.2. Not married,5.1. Student,6.5. No income,7.2. Employment with guaranteed income,10,10,1,10,10,10,10,10,9.6. Education,10.8. Creative thinking,11.8. Educational courses and seminars on entrepreneurship,10,10,10,10,9,10,1,10,10,5,14.6. Trips,1,3,1,1,3,1,2,3,3,2,16.4.Development of neural interfaces that allow tourists to interact with tourism applications and services using thoughts
26.08.2024 21:38:54,,1.2. Female,2.3. 26 - 30 years old,3.16. Ulytau region,4.1. Married,5.1. Student,6.1. 85 000 tg - 150 000 tg,7.2. Employment with guaranteed income,10,10,10,10,5,10,10,10,9.14. Tourism,"10.6. Planning, 10.8. Creative thinking, 10.9. Project management",11.7. Consulting and mentoring from experienced entrepreneurs,10,10,10,10,10,10,10,10,10,3,14.6. Trips,8,10,10,10,10,10,8,8,7,10,16.1. Development of holographic guides that can accompany tourists to historical sites and attractions
26.08.2024 21:40:20,,1.2. Female,2.4. 31 - 35 years old,3.18. Astana city,4.1. Married,5.3. Working specialist,6.3. 300 000 tg – 500 000 tg,7.2. Employment with guaranteed income,3,3,3,2,3,3,3,3,9.4. Art,10.8. Creative thinking,11.6. Grants for startups,3,2,2,3,3,3,3,3,3,3,14.6. Trips,4,2,4,4,4,2,4,4,4,3,"16.6. Creating ""digital avatars"" of tourists that can represent them in an online environment and interact with other tourists and locals"
26.08.2024 21:49:02,,1.2. Female,2.2. 23 - 25 years old,3.9. Karaganda region,4.1. Married,5.6. Unemployed,6.1. 85 000 tg - 150 000 tg,7.1. Civil service,3,3,3,3,3,3,3,3,9.6. Education,10.10. Financial literacy,11.8. Educational courses and seminars on entrepreneurship,3,3,3,2,2,2,2,2,3,5,"14.3. Possibility of creating a family business, 14.4. International Bisuness",9,6,8,5,2,3,7,4,10,4,16.1. Development of holographic guides that can accompany tourists to historical sites and attractions
26.08.2024 21:49:47,,1.2. Female,2.3. 26 - 30 years old,3.16. Ulytau region,4.1. Married,5.3. Working specialist,6.3. 300 000 tg – 500 000 tg,7.3. Entrepreneurship,10,10,10,10,10,10,10,10,9.12. Trade,10.10. Financial literacy,11.8. Educational courses and seminars on entrepreneurship,10,9,10,10,10,10,10,10,10,5,"14.1. Quick start without initial investment, 14.2. Opportunities for innovation, 14.3. Possibility of creating a family business, 14.4. International Bisuness, 14.5. Independence and flexibility in work, 14.6. Trips, 14.7.Financial support for start-up entrepreneurs",10,10,10,10,10,10,10,10,10,10,"16.1. Development of holographic guides that can accompany tourists to historical sites and attractions, 16.3. Creating smart tours using biosensors that analyze tourists' emotions and states to offer personalized routes, 16.5. Implementation of 4D technologies, creating multidimensional tours that immerse you in the atmosphere of a place not only visually, but also tactilely and through smells, 16.6. Creating ""digital avatars"" of tourists that can represent them in an online environment and interact with other tourists and locals, 16.7. Development of universal mobile applications for travel planning and booking services"
26.08.2024 22:10:01,,1.2. Female,2.4. 31 - 35 years old,3.4. Almaty region,4.1. Married,Maternity leaveтеги ана,6.5. No income,7.3. Entrepreneurship,3,3,2,1,3,3,3,3,9.12. Trade,"10.3. Communication skills, 10.7. Stress resistance, 10.8. Creative thinking, 10.10. Financial literacy","11.5. National Chamber of Entrepreneurs ""Atameken""",3,3,3,2,3,2,2,3,3,4,"14.3. Possibility of creating a family business, 14.6. Trips, 14.7.Financial support for start-up entrepreneurs",2,3,3,4,4,3,3,2,3,3,"16.3. Creating smart tours using biosensors that analyze tourists' emotions and states to offer personalized routes, 16.7. Development of universal mobile applications for travel planning and booking services"
26.08.2024 22:16:11,,1.2. Female,2.4. 31 - 35 years old,3.9. Karaganda region,4.1. Married,5.6. Unemployed,6.5. No income,7.3. Entrepreneurship,10,10,10,8,10,10,10,10,9.7. Catering,10.1. Analytics,11.11. No knowledge of such resources,7,7,7,7,8,8,7,8,8,5,"14.4. International Bisuness, 14.5. Independence and flexibility in work, 14.6. Trips",3,5,8,8,8,8,8,8,7,8,16.3. Creating smart tours using biosensors that analyze tourists' emotions and states to offer personalized routes
26.08.2024 22:19:24,,1.2. Female,2.3. 26 - 30 years old,3.9. Karaganda region,4.1. Married,5.3. Working specialist,6.2. 150 000 tg – 300 000 tg,7.3. Entrepreneurship,10,5,10,5,10,10,5,10,9.12. Trade,"10.2. Willingness to take risks, 10.5. Problem solving skills, 10.6. Planning, 10.10. Financial literacy",11.11. No knowledge of such resources,5,10,5,10,10,10,10,10,10,3,"14.3. Possibility of creating a family business, 14.5. Independence and flexibility in work, 14.6. Trips",7,10,10,5,10,10,5,5,5,5,16.7. Development of universal mobile applications for travel planning and booking services
26.08.2024 22:20:01,,1.2. Female,2.4. 31 - 35 years old,3.16. Ulytau region,4.2. Not married,5.3. Working specialist,6.3. 300 000 tg – 500 000 tg,7.3. Entrepreneurship,3,3,3,3,3,3,3,3,9.12. Trade,"10.3. Communication skills, 10.5. Problem solving skills, 10.6. Planning, 10.8. Creative thinking, 10.9. Project management, 10.10. Financial literacy","11.1. JSC ""Entrepreneurship Development Fund ""Damu"", 11.3. JSC ""Qazaqstan Investment Corporation"", 11.4.State program ""Business Roadmap - 2025"", 11.5. National Chamber of Entrepreneurs ""Atameken""",3,3,3,2,2,3,2,3,2,5,"14.4. International Bisuness, 14.5. Independence and flexibility in work, 14.6. Trips, 14.7.Financial support for start-up entrepreneurs",2,2,3,3,3,3,2,3,3,3,"16.1. Development of holographic guides that can accompany tourists to historical sites and attractions, 16.4.Development of neural interfaces that allow tourists to interact with tourism applications and services using thoughts, 16.5. Implementation of 4D technologies, creating multidimensional tours that immerse you in the atmosphere of a place not only visually, but also tactilely and through smells"
26.08.2024 22:38:45,,1.1. Male,2.3. 26 - 30 years old,3.7. Zhambyl region,4.1. Married,5.2. Civil servant,6.3. 300 000 tg – 500 000 tg,7.1. Civil service,8,8,4,6,7,8,7,8,9.14. Tourism,"10.1. Analytics, 10.3. Communication skills","11.4.State program ""Business Roadmap - 2025"", 11.6. Grants for startups",5,7,6,6,7,6,5,5,6,4,"14.2. Opportunities for innovation, 14.4. International Bisuness, 14.6. Trips",4,4,10,2,4,8,6,6,2,4,"16.2. Implementation of artificial intelligence technologies to create digital twins of tourist sites that can be explored online or via VR, 16.5. Implementation of 4D technologies, creating multidimensional tours that immerse you in the atmosphere of a place not only visually, but also tactilely and through smells"
26.08.2024 22:42:18,,1.2. Female,2.3. 26 - 30 years old,3.9. Karaganda region,4.2. Not married,5.4. Entrepreneur,6.1. 85 000 tg - 150 000 tg,7.3. Entrepreneurship,1,1,1,1,1,1,1,1,9.4. Art,"10.1. Analytics, 10.2. Willingness to take risks, 10.4. Leadership, 10.5. Problem solving skills, 10.6. Planning, 10.7. Stress resistance, 10.9. Project management, 10.10. Financial literacy","11.4.State program ""Business Roadmap - 2025"", 11.6. Grants for startups, 11.8. Educational courses and seminars on entrepreneurship, 11.11. No knowledge of such resources",1,1,1,1,1,1,1,1,1,1,"14.2. Opportunities for innovation, 14.3. Possibility of creating a family business, 14.4. International Bisuness, 14.5. Independence and flexibility in work",1,1,1,1,1,1,1,1,1,1,16.1. Development of holographic guides that can accompany tourists to historical sites and attractions
26.08.2024 22:42:26,,1.2. Female,2.4. 31 - 35 years old,3.9. Karaganda region,4.1. Married,5.3. Working specialist,6.1. 85 000 tg - 150 000 tg,7.3. Entrepreneurship,9,9,10,7,7,9,8,9,9.12. Trade,"10.2. Willingness to take risks, 10.6. Planning, 10.7. Stress resistance","11.1. JSC ""Entrepreneurship Development Fund ""Damu"", 11.5. National Chamber of Entrepreneurs ""Atameken""",10,10,8,7,8,10,9,9,8,4,"14.1. Quick start without initial investment, 14.3. Possibility of creating a family business, 14.4. International Bisuness, 14.6. Trips, 14.7.Financial support for start-up entrepreneurs",5,10,8,10,8,8,10,10,8,10,"16.1. Development of holographic guides that can accompany tourists to historical sites and attractions, 16.2. Implementation of artificial intelligence technologies to create digital twins of tourist sites that can be explored online or via VR, 16.3. Creating smart tours using biosensors that analyze tourists' emotions and states to offer personalized routes, 16.4.Development of neural interfaces that allow tourists to interact with tourism applications and services using thoughts, 16.5. Implementation of 4D technologies, creating multidimensional tours that immerse you in the atmosphere of a place not only visually, but also tactilely and through smells, 16.6. Creating ""digital avatars"" of tourists that can represent them in an online environment and interact with other tourists and locals, 16.7. Development of universal mobile applications for travel planning and booking services"
26.08.2024 22:55:55,,1.2. Female,2.4. 31 - 35 years old,3.9. Karaganda region,4.1. Married,5.3. Working specialist,6.1. 85 000 tg - 150 000 tg,7.3. Entrepreneurship,10,10,10,10,10,10,10,10,9.14. Tourism,"10.1. Analytics, 10.2. Willingness to take risks, 10.3. Communication skills, 10.4. Leadership, 10.5. Problem solving skills, 10.6. Planning, 10.7. Stress resistance, 10.8. Creative thinking, 10.9. Project management, 10.10. Financial literacy","11.5. National Chamber of Entrepreneurs ""Atameken""",10,10,10,10,10,10,10,10,10,3,"14.1. Quick start without initial investment, 14.3. Possibility of creating a family business, 14.4. International Bisuness, 14.6. Trips",10,10,10,10,10,10,10,10,10,10,"16.1. Development of holographic guides that can accompany tourists to historical sites and attractions, 16.2. Implementation of artificial intelligence technologies to create digital twins of tourist sites that can be explored online or via VR, 16.3. Creating smart tours using biosensors that analyze tourists' emotions and states to offer personalized routes, 16.4.Development of neural interfaces that allow tourists to interact with tourism applications and services using thoughts, 16.5. Implementation of 4D technologies, creating multidimensional tours that immerse you in the atmosphere of a place not only visually, but also tactilely and through smells, 16.6. Creating ""digital avatars"" of tourists that can represent them in an online environment and interact with other tourists and locals, 16.7. Development of universal mobile applications for travel planning and booking services"
26.08.2024 23:06:36,,1.1. Male,2.4. 31 - 35 years old,3.9. Karaganda region,4.2. Not married,5.5. Freelancer / self-employed,6.4. More than 500 000 tg,7.3. Entrepreneurship,10,10,10,1,10,10,10,10,9.8. Industry,10.5. Problem solving skills,"11.1. JSC ""Entrepreneurship Development Fund ""Damu""",1,1,1,1,10,1,1,1,10,5,14.6. Trips,1,1,1,1,1,1,10,10,10,1,"16.1. Development of holographic guides that can accompany tourists to historical sites and attractions, 16.2. Implementation of artificial intelligence technologies to create digital twins of tourist sites that can be explored online or via VR, 16.3. Creating smart tours using biosensors that analyze tourists' emotions and states to offer personalized routes, 16.4.Development of neural interfaces that allow tourists to interact with tourism applications and services using thoughts, 16.5. Implementation of 4D technologies, creating multidimensional tours that immerse you in the atmosphere of a place not only visually, but also tactilely and through smells, 16.6. Creating ""digital avatars"" of tourists that can represent them in an online environment and interact with other tourists and locals, 16.7. Development of universal mobile applications for travel planning and booking services"
26.08.2024 23:22:44,,1.2. Female,2.4. 31 - 35 years old,3.16. Ulytau region,4.1. Married,5.3. Working specialist,6.1. 85 000 tg - 150 000 tg,7.1. Civil service,10,10,9,10,10,10,10,10,9.12. Trade,10.10. Financial literacy,11.11. No knowledge of such resources,10,10,10,10,10,10,10,10,10,5,"14.1. Quick start without initial investment, 14.2. Opportunities for innovation, 14.3. Possibility of creating a family business, 14.4. International Bisuness, 14.5. Independence and flexibility in work, 14.6. Trips, 14.7.Financial support for start-up entrepreneurs",10,10,10,10,10,10,10,10,10,10,"16.1. Development of holographic guides that can accompany tourists to historical sites and attractions, 16.2. Implementation of artificial intelligence technologies to create digital twins of tourist sites that can be explored online or via VR, 16.3. Creating smart tours using biosensors that analyze tourists' emotions and states to offer personalized routes, 16.4.Development of neural interfaces that allow tourists to interact with tourism applications and services using thoughts, 16.5. Implementation of 4D technologies, creating multidimensional tours that immerse you in the atmosphere of a place not only visually, but also tactilely and through smells, 16.6. Creating ""digital avatars"" of tourists that can represent them in an online environment and interact with other tourists and locals, 16.7. Development of universal mobile applications for travel planning and booking services"
26.08.2024 23:50:13,,1.1. Male,2.4. 31 - 35 years old,3.18. Astana city,4.1. Married,5.2. Civil servant,6.3. 300 000 tg – 500 000 tg,7.1. Civil service,10,9,10,9,10,9,10,9,9.11. Construction,"10.2. Willingness to take risks, 10.3. Communication skills, 10.4. Leadership, 10.5. Problem solving skills, 10.6. Planning, 10.7. Stress resistance, 10.8. Creative thinking, 10.9. Project management, 10.10. Financial literacy","11.1. JSC ""Entrepreneurship Development Fund ""Damu""",10,9,10,9,10,9,10,9,10,3,14.1. Quick start without initial investment,10,9,10,9,10,9,10,9,10,9,"16.1. Development of holographic guides that can accompany tourists to historical sites and attractions, 16.3. Creating smart tours using biosensors that analyze tourists' emotions and states to offer personalized routes, 16.4.Development of neural interfaces that allow tourists to interact with tourism applications and services using thoughts, 16.7. Development of universal mobile applications for travel planning and booking services"
26.08.2024 23:52:05,,1.2. Female,2.4. 31 - 35 years old,3.18. Astana city,4.1. Married,5.4. Entrepreneur,6.1. 85 000 tg - 150 000 tg,7.3. Entrepreneurship,10,10,10,10,10,10,10,10,9.2. Healthcare,"10.4. Leadership, 10.5. Problem solving skills, 10.8. Creative thinking, 10.9. Project management","11.1. JSC ""Entrepreneurship Development Fund ""Damu"", 11.8. Educational courses and seminars on entrepreneurship, 11.9. Online Resources and Platforms for Entrepreneurs",10,10,10,10,10,10,10,10,10,3,"14.3. Possibility of creating a family business, 14.5. Independence and flexibility in work, 14.6. Trips",10,10,10,10,10,10,10,10,10,10,"16.1. Development of holographic guides that can accompany tourists to historical sites and attractions, 16.2. Implementation of artificial intelligence technologies to create digital twins of tourist sites that can be explored online or via VR, 16.3. Creating smart tours using biosensors that analyze tourists' emotions and states to offer personalized routes, 16.4.Development of neural interfaces that allow tourists to interact with tourism applications and services using thoughts, 16.5. Implementation of 4D technologies, creating multidimensional tours that immerse you in the atmosphere of a place not only visually, but also tactilely and through smells, 16.6. Creating ""digital avatars"" of tourists that can represent them in an online environment and interact with other tourists and locals, 16.7. Development of universal mobile applications for travel planning and booking services"
27.08.2024 0:00:08,,1.2. Female,2.3. 26 - 30 years old,3.9. Karaganda region,4.1. Married,5.3. Working specialist,6.1. 85 000 tg - 150 000 tg,7.3. Entrepreneurship,10,10,10,10,10,10,10,10,9.12. Trade,"10.2. Willingness to take risks, 10.4. Leadership, 10.6. Planning","11.1. JSC ""Entrepreneurship Development Fund ""Damu"", 11.5. National Chamber of Entrepreneurs ""Atameken""",10,9,9,9,9,9,9,9,9,4,"14.1. Quick start without initial investment, 14.3. Possibility of creating a family business, 14.6. Trips, 14.7.Financial support for start-up entrepreneurs",9,9,9,7,5,6,8,5,5,5,"16.1. Development of holographic guides that can accompany tourists to historical sites and attractions, 16.4.Development of neural interfaces that allow tourists to interact with tourism applications and services using thoughts, 16.7. Development of universal mobile applications for travel planning and booking services"
27.08.2024 0:13:51,,1.2. Female,2.3. 26 - 30 years old,3.9. Karaganda region,4.1. Married,5.3. Working specialist,6.2. 150 000 tg – 300 000 tg,7.3. Entrepreneurship,3,3,3,1,3,3,3,3,9.12. Trade,"10.1. Analytics, 10.2. Willingness to take risks, 10.3. Communication skills, 10.4. Leadership, 10.5. Problem solving skills, 10.6. Planning, 10.7. Stress resistance, 10.8. Creative thinking, 10.9. Project management, 10.10. Financial literacy","11.1. JSC ""Entrepreneurship Development Fund ""Damu""",3,3,3,3,3,3,3,3,3,1,14.1. Quick start without initial investment,1,1,1,1,1,1,1,1,1,1,16.1. Development of holographic guides that can accompany tourists to historical sites and attractions
27.08.2024 2:14:35,,1.2. Female,2.4. 31 - 35 years old,3.9. Karaganda region,4.1. Married,Maternity leaveтік демалыс,6.5. No income,7.3. Entrepreneurship,10,10,10,10,10,10,10,10,9.7. Catering,"10.2. Willingness to take risks, 10.3. Communication skills, 10.5. Problem solving skills, 10.6. Planning, 10.10. Financial literacy","11.1. JSC ""Entrepreneurship Development Fund ""Damu"", 11.2. JSC National Management Holding Baiterek, 11.5. National Chamber of Entrepreneurs ""Atameken""",5,5,5,5,5,5,5,5,5,5,"14.2. Opportunities for innovation, 14.3. Possibility of creating a family business, 14.4. International Bisuness, 14.5. Independence and flexibility in work, 14.6. Trips",5,5,5,5,5,5,5,5,5,5,"16.1. Development of holographic guides that can accompany tourists to historical sites and attractions, 16.2. Implementation of artificial intelligence technologies to create digital twins of tourist sites that can be explored online or via VR, 16.3. Creating smart tours using biosensors that analyze tourists' emotions and states to offer personalized routes, 16.4.Development of neural interfaces that allow tourists to interact with tourism applications and services using thoughts, 16.5. Implementation of 4D technologies, creating multidimensional tours that immerse you in the atmosphere of a place not only visually, but also tactilely and through smells, 16.6. Creating ""digital avatars"" of tourists that can represent them in an online environment and interact with other tourists and locals, 16.7. Development of universal mobile applications for travel planning and booking services"
27.08.2024 7:21:09,,1.2. Female,2.3. 26 - 30 years old,3.16. Ulytau region,4.1. Married,Maternity leave,6.5. No income,7.3. Entrepreneurship,1,1,1,1,1,1,1,1,9.12. Trade,"10.2. Willingness to take risks, 10.3. Communication skills, 10.4. Leadership, 10.6. Planning, 10.10. Financial literacy",11.11. No knowledge of such resources,1,1,1,1,1,1,1,1,1,2,"14.2. Opportunities for innovation, 14.3. Possibility of creating a family business, 14.4. International Bisuness, 14.5. Independence and flexibility in work, 14.6. Trips",1,1,1,1,1,1,1,1,1,1,"16.2. Implementation of artificial intelligence technologies to create digital twins of tourist sites that can be explored online or via VR, 16.4.Development of neural interfaces that allow tourists to interact with tourism applications and services using thoughts"
27.08.2024 8:00:47,,1.1. Male,2.4. 31 - 35 years old,3.1. Abay region,4.2. Not married,5.6. Unemployed,6.1. 85 000 tg - 150 000 tg,7.2. Employment with guaranteed income,3,1,2,2,2,2,2,2,9.11. Construction,10.7. Stress resistance,11.11. No knowledge of such resources,2,2,2,2,2,2,2,2,2,4,14.1. Quick start without initial investment,3,3,1,1,3,2,2,2,3,2,16.2. Implementation of artificial intelligence technologies to create digital twins of tourist sites that can be explored online or via VR
27.08.2024 8:52:27,,1.1. Male,2.3. 26 - 30 years old,3.19. Almaty city,4.1. Married,5.3. Working specialist,6.2. 150 000 tg – 300 000 tg,7.2. Employment with guaranteed income,4,4,4,3,3,3,3,3,9.2. Healthcare,10.1. Analytics,"11.1. JSC ""Entrepreneurship Development Fund ""Damu""",3,3,3,3,3,3,3,3,3,3,14.5. Independence and flexibility in work,4,4,4,4,4,4,4,4,4,4,16.2. Implementation of artificial intelligence technologies to create digital twins of tourist sites that can be explored online or via VR
27.08.2024 9:45:55,,1.1. Male,2.4. 31 - 35 years old,3.11. Kyzylorda region,4.1. Married,5.3. Working specialist,6.2. 150 000 tg – 300 000 tg,7.3. Entrepreneurship,3,3,3,3,3,3,3,3,9.12. Trade,"10.2. Willingness to take risks, 10.6. Planning, 10.7. Stress resistance, 10.10. Financial literacy","11.5. National Chamber of Entrepreneurs ""Atameken""",2,1,1,2,1,1,1,1,1,1,14.7.Financial support for start-up entrepreneurs,1,1,1,1,1,1,1,1,1,1,16.7. Development of universal mobile applications for travel planning and booking services
27.08.2024 12:03:29,,1.2. Female,2.2. 23 - 25 years old,3.9. Karaganda region,4.2. Not married,5.3. Working specialist,6.2. 150 000 tg – 300 000 tg,7.1. Civil service,5,8,4,8,8,8,8,7,9.16. Excursions and guide services,"10.2. Willingness to take risks, 10.4. Leadership, 10.5. Problem solving skills, 10.6. Planning, 10.7. Stress resistance, 10.8. Creative thinking, 10.9. Project management, 10.10. Financial literacy","11.1. JSC ""Entrepreneurship Development Fund ""Damu"", 11.4.State program ""Business Roadmap - 2025""",8,6,8,5,6,5,8,8,8,5,"14.3. Possibility of creating a family business, 14.5. Independence and flexibility in work",9,9,9,9,9,9,9,9,9,9,"16.1. Development of holographic guides that can accompany tourists to historical sites and attractions, 16.2. Implementation of artificial intelligence technologies to create digital twins of tourist sites that can be explored online or via VR, 16.3. Creating smart tours using biosensors that analyze tourists' emotions and states to offer personalized routes, 16.4.Development of neural interfaces that allow tourists to interact with tourism applications and services using thoughts, 16.5. Implementation of 4D technologies, creating multidimensional tours that immerse you in the atmosphere of a place not only visually, but also tactilely and through smells, 16.6. Creating ""digital avatars"" of tourists that can represent them in an online environment and interact with other tourists and locals, 16.7. Development of universal mobile applications for travel planning and booking services"
27.08.2024 13:46:29,,1.2. Female,2.3. 26 - 30 years old,3.9. Karaganda region,4.1. Married,5.3. Working specialist,6.2. 150 000 tg – 300 000 tg,7.2. Employment with guaranteed income,10,10,4,5,10,10,10,10,9.14. Tourism,"10.1. Analytics, 10.2. Willingness to take risks, 10.3. Communication skills, 10.5. Problem solving skills, 10.6. Planning, 10.8. Creative thinking, 10.9. Project management","11.5. National Chamber of Entrepreneurs ""Atameken"", 11.6. Grants for startups, 11.9. Online Resources and Platforms for Entrepreneurs, 11.10. Private Business Incubators and Accelerators",10,9,10,7,10,4,5,5,7,4,"14.1. Quick start without initial investment, 14.2. Opportunities for innovation, 14.4. International Bisuness, 14.6. Trips",4,4,4,10,6,6,8,5,5,10,"16.1. Development of holographic guides that can accompany tourists to historical sites and attractions, 16.2. Implementation of artificial intelligence technologies to create digital twins of tourist sites that can be explored online or via VR, 16.4.Development of neural interfaces that allow tourists to interact with tourism applications and services using thoughts, 16.7. Development of universal mobile applications for travel planning and booking services"
27.08.2024 14:21:54,,1.2. Female,2.1. 18 - 22 years old,3.16. Ulytau region,4.2. Not married,5.6. Unemployed,6.5. No income,7.2. Employment with guaranteed income,2,2,2,2,2,2,2,3,9.1. Hotel sector,10.1. Analytics,"11.1. JSC ""Entrepreneurship Development Fund ""Damu""",1,1,1,1,1,1,1,1,1,1,14.5. Independence and flexibility in work,1,1,1,1,1,1,1,1,1,1,16.2. Implementation of artificial intelligence technologies to create digital twins of tourist sites that can be explored online or via VR
27.08.2024 15:12:48,,1.1. Male,2.1. 18 - 22 years old,3.9. Karaganda region,4.1. Married,5.6. Unemployed,6.2. 150 000 tg – 300 000 tg,7.1. Civil service,1,1,1,1,1,1,1,1,9.5. Logistics,10.8. Creative thinking,"11.3. JSC ""Qazaqstan Investment Corporation""",1,1,1,1,1,1,1,1,1,5,"14.4. International Bisuness, 14.5. Independence and flexibility in work",1,1,1,1,1,1,1,1,1,1,16.3. Creating smart tours using biosensors that analyze tourists' emotions and states to offer personalized routes
27.08.2024 15:19:16,,1.1. Male,2.3. 26 - 30 years old,3.16. Ulytau region,4.1. Married,5.1. Student,6.3. 300 000 tg – 500 000 tg,7.2. Employment with guaranteed income,10,10,10,10,10,10,10,10,9.5. Logistics,10.4. Leadership,"11.1. JSC ""Entrepreneurship Development Fund ""Damu"", 11.2. JSC National Management Holding Baiterek, 11.3. JSC ""Qazaqstan Investment Corporation"", 11.4.State program ""Business Roadmap - 2025"", 11.5. National Chamber of Entrepreneurs ""Atameken"", 11.6. Grants for startups, 11.7. Consulting and mentoring from experienced entrepreneurs, 11.8. Educational courses and seminars on entrepreneurship, 11.9. Online Resources and Platforms for Entrepreneurs, 11.10. Private Business Incubators and Accelerators, 11.11. No knowledge of such resources",10,10,10,10,10,10,10,10,10,5,14.1. Quick start without initial investment,10,10,10,10,10,10,10,10,10,10,"16.1. Development of holographic guides that can accompany tourists to historical sites and attractions, 16.2. Implementation of artificial intelligence technologies to create digital twins of tourist sites that can be explored online or via VR, 16.3. Creating smart tours using biosensors that analyze tourists' emotions and states to offer personalized routes, 16.4.Development of neural interfaces that allow tourists to interact with tourism applications and services using thoughts, 16.5. Implementation of 4D technologies, creating multidimensional tours that immerse you in the atmosphere of a place not only visually, but also tactilely and through smells, 16.6. Creating ""digital avatars"" of tourists that can represent them in an online environment and interact with other tourists and locals, 16.7. Development of universal mobile applications for travel planning and booking services"
27.08.2024 15:20:53,,1.2. Female,2.3. 26 - 30 years old,3.9. Karaganda region,4.1. Married,5.6. Unemployed,6.5. No income,7.3. Entrepreneurship,10,10,10,10,10,10,10,10,9.4. Art,"10.3. Communication skills, 10.9. Project management","11.1. JSC ""Entrepreneurship Development Fund ""Damu"", 11.2. JSC National Management Holding Baiterek, 11.3. JSC ""Qazaqstan Investment Corporation"", 11.4.State program ""Business Roadmap - 2025"", 11.5. National Chamber of Entrepreneurs ""Atameken"", 11.6. Grants for startups, 11.7. Consulting and mentoring from experienced entrepreneurs, 11.8. Educational courses and seminars on entrepreneurship, 11.9. Online Resources and Platforms for Entrepreneurs, 11.10. Private Business Incubators and Accelerators, 11.11. No knowledge of such resources",10,10,10,10,10,10,10,10,10,5,14.1. Quick start without initial investment,10,10,10,10,10,10,10,10,10,10,"16.1. Development of holographic guides that can accompany tourists to historical sites and attractions, 16.2. Implementation of artificial intelligence technologies to create digital twins of tourist sites that can be explored online or via VR, 16.3. Creating smart tours using biosensors that analyze tourists' emotions and states to offer personalized routes, 16.4.Development of neural interfaces that allow tourists to interact with tourism applications and services using thoughts, 16.5. Implementation of 4D technologies, creating multidimensional tours that immerse you in the atmosphere of a place not only visually, but also tactilely and through smells, 16.6. Creating ""digital avatars"" of tourists that can represent them in an online environment and interact with other tourists and locals, 16.7. Development of universal mobile applications for travel planning and booking services"
27.08.2024 18:56:06,,1.2. Female,2.1. 18 - 22 years old,3.9. Karaganda region,4.1. Married,5.1. Student,6.1. 85 000 tg - 150 000 tg,7.1. Civil service,9,8,9,8,9,10,10,9,9.2. Healthcare,"10.1. Analytics, 10.2. Willingness to take risks, 10.4. Leadership","11.1. JSC ""Entrepreneurship Development Fund ""Damu"", 11.2. JSC National Management Holding Baiterek, 11.3. JSC ""Qazaqstan Investment Corporation""",10,10,10,10,10,10,10,10,10,5,"14.1. Quick start without initial investment, 14.3. Possibility of creating a family business, 14.6. Trips",10,10,10,10,10,10,9,10,10,10,"16.2. Implementation of artificial intelligence technologies to create digital twins of tourist sites that can be explored online or via VR, 16.3. Creating smart tours using biosensors that analyze tourists' emotions and states to offer personalized routes"
27.08.2024 19:04:33,,1.2. Female,2.1. 18 - 22 years old,3.20. Shymkent city,4.1. Married,5.1. Student,6.5. No income,7.1. Civil service,10,10,9,10,8,10,10,10,9.9. Entertainment and leisure,"10.2. Willingness to take risks, 10.5. Problem solving skills, 10.7. Stress resistance, 10.8. Creative thinking, 10.9. Project management, 10.10. Financial literacy","11.1. JSC ""Entrepreneurship Development Fund ""Damu""",10,10,10,10,10,10,10,10,10,5,"14.1. Quick start without initial investment, 14.4. International Bisuness, 14.5. Independence and flexibility in work",10,10,10,10,10,10,10,10,10,10,"16.1. Development of holographic guides that can accompany tourists to historical sites and attractions, 16.3. Creating smart tours using biosensors that analyze tourists' emotions and states to offer personalized routes"
27.08.2024 19:17:57,,1.2. Female,2.1. 18 - 22 years old,3.9. Karaganda region,4.2. Not married,5.1. Student,6.5. No income,7.3. Entrepreneurship,10,10,4,10,4,5,6,6,9.12. Trade,"10.2. Willingness to take risks, 10.4. Leadership, 10.6. Planning",11.11. No knowledge of such resources,10,5,5,8,1,1,1,10,10,5,14.6. Trips,5,5,10,10,1,3,3,3,3,3,16.1. Development of holographic guides that can accompany tourists to historical sites and attractions
27.08.2024 19:21:42,,1.2. Female,2.1. 18 - 22 years old,3.9. Karaganda region,4.2. Not married,5.1. Student,6.3. 300 000 tg – 500 000 tg,7.1. Civil service,1,1,1,1,1,1,1,1,9.14. Tourism,"10.3. Communication skills, 10.4. Leadership, 10.5. Problem solving skills, 10.7. Stress resistance",11.2. JSC National Management Holding Baiterek,10,10,10,10,10,10,10,10,10,5,"14.2. Opportunities for innovation, 14.6. Trips",10,10,10,10,10,10,10,10,10,10,16.7. Development of universal mobile applications for travel planning and booking services
27.08.2024 19:24:44,,1.1. Male,2.1. 18 - 22 years old,3.16. Ulytau region,4.2. Not married,5.1. Student,6.5. No income,7.3. Entrepreneurship,10,10,10,10,10,10,10,10,9.13. Transport,"10.1. Analytics, 10.6. Planning",11.11. No knowledge of such resources,4,10,10,10,10,10,10,10,10,2,"14.4. International Bisuness, 14.5. Independence and flexibility in work, 14.6. Trips",1,10,10,10,3,4,10,9,8,10,16.1. Development of holographic guides that can accompany tourists to historical sites and attractions
27.08.2024 19:32:19,,1.2. Female,2.1. 18 - 22 years old,3.9. Karaganda region,4.2. Not married,5.1. Student,6.5. No income,7.1. Civil service,1,1,3,2,3,2,1,1,9.12. Trade,"10.1. Analytics, 10.2. Willingness to take risks, 10.6. Planning","11.7. Consulting and mentoring from experienced entrepreneurs, 11.9. Online Resources and Platforms for Entrepreneurs",2,2,1,3,1,1,2,1,2,4,"14.4. International Bisuness, 14.6. Trips",2,2,1,2,2,1,3,2,3,1,16.1. Development of holographic guides that can accompany tourists to historical sites and attractions
27.08.2024 19:33:41,,1.1. Male,2.1. 18 - 22 years old,3.12. Mangistau region,4.2. Not married,5.1. Student,6.5. No income,7.3. Entrepreneurship,10,10,5,7,8,9,9,10,9.12. Trade,10.6. Planning,11.11. No knowledge of such resources,8,8,9,9,10,8,8,10,10,2,"14.5. Independence and flexibility in work, 14.6. Trips, 14.7.Financial support for start-up entrepreneurs",8,9,10,9,9,8,10,8,9,9,16.1. Development of holographic guides that can accompany tourists to historical sites and attractions
27.08.2024 19:34:04,,1.2. Female,2.1. 18 - 22 years old,3.9. Karaganda region,4.2. Not married,5.1. Student,6.5. No income,7.2. Employment with guaranteed income,4,7,5,5,10,10,7,10,Beauty salon,"10.1. Analytics, 10.7. Stress resistance",11.11. No knowledge of such resources,10,8,10,9,10,4,5,5,9,1,14.6. Trips,10,8,10,10,10,10,10,10,10,10,16.7. Development of universal mobile applications for travel planning and booking services
27.08.2024 19:51:38,,1.1. Male,2.1. 18 - 22 years old,3.9. Karaganda region,4.2. Not married,5.1. Student,6.5. No income,7.3. Entrepreneurship,5,5,5,5,5,5,5,5,9.7. Catering,10.10. Financial literacy,"11.3. JSC ""Qazaqstan Investment Corporation""",5,5,5,5,5,5,5,5,5,4,14.7.Financial support for start-up entrepreneurs,5,1,5,5,5,5,5,5,5,5,"16.2. Implementation of artificial intelligence technologies to create digital twins of tourist sites that can be explored online or via VR, 16.3. Creating smart tours using biosensors that analyze tourists' emotions and states to offer personalized routes"
27.08.2024 19:51:58,,1.2. Female,2.1. 18 - 22 years old,3.15. Turkestan region,4.2. Not married,5.1. Student,6.5. No income,7.1. Civil service,10,10,2,8,10,10,10,10,9.14. Tourism,"10.2. Willingness to take risks, 10.4. Leadership, 10.5. Problem solving skills, 10.6. Planning, 10.9. Project management, 10.10. Financial literacy","11.1. JSC ""Entrepreneurship Development Fund ""Damu"", 11.3. JSC ""Qazaqstan Investment Corporation""",10,9,10,8,9,10,10,10,10,4,14.3. Possibility of creating a family business,2,10,10,8,8,7,8,9,8,9,"16.1. Development of holographic guides that can accompany tourists to historical sites and attractions, 16.5. Implementation of 4D technologies, creating multidimensional tours that immerse you in the atmosphere of a place not only visually, but also tactilely and through smells, 16.7. Development of universal mobile applications for travel planning and booking services"
27.08.2024 19:52:41,,1.1. Male,2.1. 18 - 22 years old,3.9. Karaganda region,4.2. Not married,5.1. Student,6.1. 85 000 tg - 150 000 tg,7.3. Entrepreneurship,10,10,10,10,10,10,10,10,9.12. Trade,"10.2. Willingness to take risks, 10.4. Leadership, 10.6. Planning, 10.7. Stress resistance","11.3. JSC ""Qazaqstan Investment Corporation""",10,10,10,10,10,10,10,10,10,3,14.4. International Bisuness,3,3,2,2,3,2,3,2,3,2,16.3. Creating smart tours using biosensors that analyze tourists' emotions and states to offer personalized routes
27.08.2024 21:24:44,,1.1. Male,2.2. 23 - 25 years old,3.9. Karaganda region,4.2. Not married,5.1. Student,6.5. No income,7.3. Entrepreneurship,10,10,10,10,10,10,10,10,9.12. Trade,10.2. Willingness to take risks,"11.1. JSC ""Entrepreneurship Development Fund ""Damu"", 11.2. JSC National Management Holding Baiterek, 11.3. JSC ""Qazaqstan Investment Corporation"", 11.4.State program ""Business Roadmap - 2025"", 11.5. National Chamber of Entrepreneurs ""Atameken"", 11.6. Grants for startups, 11.7. Consulting and mentoring from experienced entrepreneurs, 11.8. Educational courses and seminars on entrepreneurship, 11.9. Online Resources and Platforms for Entrepreneurs, 11.10. Private Business Incubators and Accelerators, 11.11. No knowledge of such resources",10,10,10,10,10,10,10,10,10,5,14.3. Possibility of creating a family business,10,10,10,10,10,10,10,10,10,10,16.1. Development of holographic guides that can accompany tourists to historical sites and attractions
27.08.2024 22:30:08,,1.2. Female,2.1. 18 - 22 years old,3.11. Kyzylorda region,4.1. Married,5.1. Student,6.5. No income,7.1. Civil service,9,10,8,9,10,10,8,10,9.2. Healthcare,"10.2. Willingness to take risks, 10.4. Leadership, 10.7. Stress resistance","11.1. JSC ""Entrepreneurship Development Fund ""Damu"", 11.10. Private Business Incubators and Accelerators",6,4,6,6,10,5,6,6,5,5,"14.3. Possibility of creating a family business, 14.6. Trips",8,8,8,8,8,8,8,8,8,8,"16.1. Development of holographic guides that can accompany tourists to historical sites and attractions, 16.6. Creating ""digital avatars"" of tourists that can represent them in an online environment and interact with other tourists and locals"
27.08.2024 23:31:50,,1.2. Female,2.1. 18 - 22 years old,3.9. Karaganda region,4.2. Not married,5.1. Student,6.1. 85 000 tg - 150 000 tg,7.3. Entrepreneurship,3,2,1,3,2,2,3,3,9.12. Trade,"10.4. Leadership, 10.10. Financial literacy",11.9. Online Resources and Platforms for Entrepreneurs,3,2,3,3,3,3,3,3,3,5,"14.1. Quick start without initial investment, 14.6. Trips",2,2,2,2,2,2,2,2,2,2,"16.1. Development of holographic guides that can accompany tourists to historical sites and attractions, 16.2. Implementation of artificial intelligence technologies to create digital twins of tourist sites that can be explored online or via VR, 16.5. Implementation of 4D technologies, creating multidimensional tours that immerse you in the atmosphere of a place not only visually, but also tactilely and through smells"
28.08.2024 0:09:22,,1.2. Female,2.1. 18 - 22 years old,3.9. Karaganda region,4.2. Not married,5.1. Student,6.5. No income,7.3. Entrepreneurship,10,10,3,9,8,10,10,10,9.1. Hotel sector,"10.2. Willingness to take risks, 10.4. Leadership, 10.5. Problem solving skills",11.6. Grants for startups,10,10,10,10,10,9,8,9,10,5,"14.4. International Bisuness, 14.5. Independence and flexibility in work, 14.6. Trips",9,9,10,10,10,10,10,10,9,9,"16.1. Development of holographic guides that can accompany tourists to historical sites and attractions, 16.2. Implementation of artificial intelligence technologies to create digital twins of tourist sites that can be explored online or via VR, 16.6. Creating ""digital avatars"" of tourists that can represent them in an online environment and interact with other tourists and locals, 16.7. Development of universal mobile applications for travel planning and booking services"
28.08.2024 1:03:34,,1.1. Male,2.1. 18 - 22 years old,3.7. Zhambyl region,4.2. Not married,5.1. Student,6.3. 300 000 tg – 500 000 tg,7.3. Entrepreneurship,10,10,10,10,10,10,10,10,9.12. Trade,"10.2. Willingness to take risks, 10.10. Financial literacy",11.8. Educational courses and seminars on entrepreneurship,10,10,10,10,10,10,10,10,10,5,"14.3. Possibility of creating a family business, 14.6. Trips",8,10,1,1,10,9,8,6,7,8,"16.2. Implementation of artificial intelligence technologies to create digital twins of tourist sites that can be explored online or via VR, 16.5. Implementation of 4D technologies, creating multidimensional tours that immerse you in the atmosphere of a place not only visually, but also tactilely and through smells"
28.08.2024 2:23:25,,1.1. Male,2.1. 18 - 22 years old,3.9. Karaganda region,4.2. Not married,5.1. Student,6.5. No income,7.1. Civil service,10,10,1,10,10,10,10,10,9.13. Transport,"10.2. Willingness to take risks, 10.4. Leadership, 10.5. Problem solving skills, 10.7. Stress resistance","11.6. Grants for startups, 11.7. Consulting and mentoring from experienced entrepreneurs",10,10,10,10,10,10,10,10,10,1,14.7.Financial support for start-up entrepreneurs,5,10,10,10,10,10,10,10,10,10,"16.1. Development of holographic guides that can accompany tourists to historical sites and attractions, 16.7. Development of universal mobile applications for travel planning and booking services"
28.08.2024 9:31:32,,1.1. Male,2.1. 18 - 22 years old,3.9. Karaganda region,4.2. Not married,5.1. Student,6.5. No income,7.1. Civil service,10,10,10,10,10,10,10,10,9.12. Trade,10.4. Leadership,"11.4.State program ""Business Roadmap - 2025""",10,10,10,10,10,10,10,10,10,5,14.4. International Bisuness,10,6,3,5,5,4,4,2,1,1,16.1. Development of holographic guides that can accompany tourists to historical sites and attractions
29.08.2024 18:16:01,,1.1. Male,2.3. 26 - 30 years old,3.9. Karaganda region,4.1. Married,5.4. Entrepreneur,6.4. More than 500 000 tg,7.3. Entrepreneurship,10,10,10,10,10,10,10,10,9.11. Construction,10.4. Leadership,"11.1. JSC ""Entrepreneurship Development Fund ""Damu"", 11.2. JSC National Management Holding Baiterek, 11.3. JSC ""Qazaqstan Investment Corporation"", 11.4.State program ""Business Roadmap - 2025"", 11.5. National Chamber of Entrepreneurs ""Atameken"", 11.6. Grants for startups, 11.7. Consulting and mentoring from experienced entrepreneurs, 11.8. Educational courses and seminars on entrepreneurship, 11.9. Online Resources and Platforms for Entrepreneurs, 11.10. Private Business Incubators and Accelerators, 11.11. No knowledge of such resources",10,10,10,10,10,10,10,10,10,5,14.7.Financial support for start-up entrepreneurs,9,8,10,9,10,10,10,10,10,10,16.1. Development of holographic guides that can accompany tourists to historical sites and attractions
30.08.2024 13:21:53,,1.2. Female,2.2. 23 - 25 years old,3.18. Astana city,4.2. Not married,5.3. Working specialist,6.2. 150 000 tg – 300 000 tg,7.2. Employment with guaranteed income,9,10,8,5,9,10,9,10,9.6. Education,"10.2. Willingness to take risks, 10.5. Problem solving skills, 10.6. Planning","11.4.State program ""Business Roadmap - 2025"", 11.5. National Chamber of Entrepreneurs ""Atameken""",9,10,10,8,9,9,8,10,10,4,"14.1. Quick start without initial investment, 14.4. International Bisuness, 14.6. Trips",8,9,10,10,10,8,10,10,8,8,"16.1. Development of holographic guides that can accompany tourists to historical sites and attractions, 16.3. Creating smart tours using biosensors that analyze tourists' emotions and states to offer personalized routes, 16.5. Implementation of 4D technologies, creating multidimensional tours that immerse you in the atmosphere of a place not only visually, but also tactilely and through smells"
30.08.2024 13:25:45,,1.1. Male,2.1. 18 - 22 years old,3.18. Astana city,4.2. Not married,5.2. Civil servant,6.2. 150 000 tg – 300 000 tg,7.1. Civil service,5,5,5,3,5,5,5,5,9.6. Education,"10.2. Willingness to take risks, 10.4. Leadership, 10.6. Planning, 10.7. Stress resistance, 10.8. Creative thinking, 10.9. Project management","11.1. JSC ""Entrepreneurship Development Fund ""Damu"", 11.3. JSC ""Qazaqstan Investment Corporation"", 11.5. National Chamber of Entrepreneurs ""Atameken"", 11.6. Grants for startups, 11.8. Educational courses and seminars on entrepreneurship, 11.9. Online Resources and Platforms for Entrepreneurs",10,10,10,10,10,10,10,10,10,5,"14.1. Quick start without initial investment, 14.4. International Bisuness, 14.5. Independence and flexibility in work, 14.6. Trips, 14.7.Financial support for start-up entrepreneurs",2,10,10,10,10,10,7,10,6,10,"16.1. Development of holographic guides that can accompany tourists to historical sites and attractions, 16.2. Implementation of artificial intelligence technologies to create digital twins of tourist sites that can be explored online or via VR, 16.3. Creating smart tours using biosensors that analyze tourists' emotions and states to offer personalized routes, 16.6. Creating ""digital avatars"" of tourists that can represent them in an online environment and interact with other tourists and locals, 16.7. Development of universal mobile applications for travel planning and booking services"
30.08.2024 13:31:51,,1.1. Male,2.4. 31 - 35 years old,3.18. Astana city,4.1. Married,5.2. Civil servant,6.4. More than 500 000 tg,7.2. Employment with guaranteed income,10,10,1,1,10,10,10,10,9.6. Education,"10.2. Willingness to take risks, 10.3. Communication skills, 10.4. Leadership, 10.7. Stress resistance, 10.8. Creative thinking, 10.10. Financial literacy","11.5. National Chamber of Entrepreneurs ""Atameken"", 11.6. Grants for startups",10,8,8,8,7,9,9,9,10,2,"14.5. Independence and flexibility in work, 14.6. Trips",5,10,10,9,7,10,3,4,5,8,"16.2. Implementation of artificial intelligence technologies to create digital twins of tourist sites that can be explored online or via VR, 16.5. Implementation of 4D technologies, creating multidimensional tours that immerse you in the atmosphere of a place not only visually, but also tactilely and through smells, 16.7. Development of universal mobile applications for travel planning and booking services"
30.08.2024 13:33:36,,1.2. Female,2.3. 26 - 30 years old,3.18. Astana city,4.2. Not married,5.3. Working specialist,6.2. 150 000 tg – 300 000 tg,Budgetary activities,2,3,1,2,3,3,4,4,9.6. Education,"10.2. Willingness to take risks, 10.7. Stress resistance, 10.8. Creative thinking","11.7. Consulting and mentoring from experienced entrepreneurs, 11.9. Online Resources and Platforms for Entrepreneurs",9,10,10,7,7,9,10,10,10,3,"14.2. Opportunities for innovation, 14.6. Trips",8,8,7,10,10,7,5,10,10,4,"16.2. Implementation of artificial intelligence technologies to create digital twins of tourist sites that can be explored online or via VR, 16.4.Development of neural interfaces that allow tourists to interact with tourism applications and services using thoughts"
30.08.2024 13:56:21,,1.2. Female,2.3. 26 - 30 years old,3.18. Astana city,4.2. Not married,5.3. Working specialist,6.2. 150 000 tg – 300 000 tg,7.2. Employment with guaranteed income,10,9,10,8,8,10,8,10,9.9. Entertainment and leisure,"10.3. Communication skills, 10.5. Problem solving skills, 10.7. Stress resistance, 10.9. Project management","11.2. JSC National Management Holding Baiterek, 11.5. National Chamber of Entrepreneurs ""Atameken"", 11.6. Grants for startups",6,7,7,8,8,8,7,8,7,4,"14.4. International Bisuness, 14.6. Trips",3,4,5,5,5,6,6,7,7,8,"16.2. Implementation of artificial intelligence technologies to create digital twins of tourist sites that can be explored online or via VR, 16.6. Creating ""digital avatars"" of tourists that can represent them in an online environment and interact with other tourists and locals, 16.7. Development of universal mobile applications for travel planning and booking services"
30.08.2024 14:01:01,,1.2. Female,2.2. 23 - 25 years old,3.18. Astana city,4.2. Not married,5.2. Civil servant,6.2. 150 000 tg – 300 000 tg,7.1. Civil service,10,10,10,2,10,10,5,10,9.6. Education,10.7. Stress resistance,"11.5. National Chamber of Entrepreneurs ""Atameken""",10,7,10,1,10,3,10,10,10,1,14.6. Trips,8,8,10,5,8,8,8,8,10,10,"16.1. Development of holographic guides that can accompany tourists to historical sites and attractions, 16.2. Implementation of artificial intelligence technologies to create digital twins of tourist sites that can be explored online or via VR, 16.5. Implementation of 4D technologies, creating multidimensional tours that immerse you in the atmosphere of a place not only visually, but also tactilely and through smells"
30.08.2024 14:39:49,,1.1. Male,2.3. 26 - 30 years old,3.18. Astana city,4.2. Not married,5.2. Civil servant,6.2. 150 000 tg – 300 000 tg,7.1. Civil service,2,2,2,2,2,2,2,2,9.12. Trade,10.4. Leadership,"11.1. JSC ""Entrepreneurship Development Fund ""Damu""",2,2,2,2,2,2,2,2,2,2,14.1. Quick start without initial investment,2,2,2,2,2,2,2,2,2,2,16.2. Implementation of artificial intelligence technologies to create digital twins of tourist sites that can be explored online or via VR
30.08.2024 15:01:43,,1.2. Female,2.4. 31 - 35 years old,3.18. Astana city,4.2. Not married,5.2. Civil servant,6.2. 150 000 tg – 300 000 tg,7.1. Civil service,3,10,10,5,5,8,10,5,9.6. Education,"10.1. Analytics, 10.5. Problem solving skills, 10.7. Stress resistance, 10.8. Creative thinking, 10.9. Project management","11.1. JSC ""Entrepreneurship Development Fund ""Damu"", 11.11. No knowledge of such resources",10,8,9,9,9,9,10,10,10,3,14.6. Trips,8,10,10,10,9,10,7,10,10,10,"16.5. Implementation of 4D technologies, creating multidimensional tours that immerse you in the atmosphere of a place not only visually, but also tactilely and through smells, 16.7. Development of universal mobile applications for travel planning and booking services"
30.08.2024 15:36:34,,1.2. Female,2.1. 18 - 22 years old,3.16. Ulytau region,4.1. Married,Maternity leaveтік демалыста ,6.5. No income,7.3. Entrepreneurship,9,9,7,7,7,9,9,10,9.8. Industry,10.8. Creative thinking,11.11. No knowledge of such resources,6,6,7,7,7,7,7,6,7,5,"14.3. Possibility of creating a family business, 14.5. Independence and flexibility in work, 14.6. Trips",5,5,6,7,7,6,7,7,7,7,"16.1. Development of holographic guides that can accompany tourists to historical sites and attractions, 16.7. Development of universal mobile applications for travel planning and booking services"
30.08.2024 16:02:17,,1.1. Male,2.4. 31 - 35 years old,3.18. Astana city,4.1. Married,5.3. Working specialist,6.3. 300 000 tg – 500 000 tg,7.1. Civil service,1,2,2,2,2,2,2,2,9.6. Education,"10.1. Analytics, 10.2. Willingness to take risks, 10.3. Communication skills, 10.4. Leadership, 10.5. Problem solving skills, 10.6. Planning, 10.7. Stress resistance, 10.8. Creative thinking, 10.9. Project management, 10.10. Financial literacy","11.1. JSC ""Entrepreneurship Development Fund ""Damu"", 11.4.State program ""Business Roadmap - 2025"", 11.5. National Chamber of Entrepreneurs ""Atameken"", 11.7. Consulting and mentoring from experienced entrepreneurs, 11.8. Educational courses and seminars on entrepreneurship",2,2,2,2,2,2,2,2,2,5,"14.1. Quick start without initial investment, 14.2. Opportunities for innovation, 14.3. Possibility of creating a family business, 14.4. International Bisuness, 14.5. Independence and flexibility in work, 14.6. Trips, 14.7.Financial support for start-up entrepreneurs",3,3,3,3,3,2,2,2,2,2,"16.1. Development of holographic guides that can accompany tourists to historical sites and attractions, 16.2. Implementation of artificial intelligence technologies to create digital twins of tourist sites that can be explored online or via VR, 16.3. Creating smart tours using biosensors that analyze tourists' emotions and states to offer personalized routes, 16.4.Development of neural interfaces that allow tourists to interact with tourism applications and services using thoughts, 16.5. Implementation of 4D technologies, creating multidimensional tours that immerse you in the atmosphere of a place not only visually, but also tactilely and through smells, 16.6. Creating ""digital avatars"" of tourists that can represent them in an online environment and interact with other tourists and locals, 16.7. Development of universal mobile applications for travel planning and booking services"
30.08.2024 16:03:56,,1.2. Female,2.4. 31 - 35 years old,3.18. Astana city,4.2. Not married,5.3. Working specialist,6.3. 300 000 tg – 500 000 tg,Freelancingер,7,10,7,6,8,10,9,9,9.7. Catering,"10.1. Analytics, 10.2. Willingness to take risks, 10.5. Problem solving skills, 10.8. Creative thinking","11.5. National Chamber of Entrepreneurs ""Atameken"", 11.6. Grants for startups, 11.8. Educational courses and seminars on entrepreneurship",8,8,9,9,9,9,9,9,9,2,"14.1. Quick start without initial investment, 14.5. Independence and flexibility in work, 14.6. Trips",6,6,6,10,9,7,8,8,8,8,"16.1. Development of holographic guides that can accompany tourists to historical sites and attractions, 16.2. Implementation of artificial intelligence technologies to create digital twins of tourist sites that can be explored online or via VR, 16.7. Development of universal mobile applications for travel planning and booking services"
30.08.2024 19:55:45,,1.2. Female,2.4. 31 - 35 years old,3.18. Astana city,4.2. Not married,5.3. Working specialist,6.3. 300 000 tg – 500 000 tg,7.3. Entrepreneurship,10,10,10,10,10,10,10,10,9.4. Art,10.2. Willingness to take risks,"11.1. JSC ""Entrepreneurship Development Fund ""Damu""",10,10,10,10,10,10,10,10,10,5,14.7.Financial support for start-up entrepreneurs,10,10,10,10,10,10,10,10,10,10,16.3. Creating smart tours using biosensors that analyze tourists' emotions and states to offer personalized routes
30.08.2024 23:12:52,,1.1. Male,2.3. 26 - 30 years old,3.9. Karaganda region,4.1. Married,5.4. Entrepreneur,6.4. More than 500 000 tg,7.3. Entrepreneurship,10,10,10,10,10,10,10,10,9.5. Logistics,10.6. Planning,"11.1. JSC ""Entrepreneurship Development Fund ""Damu"", 11.2. JSC National Management Holding Baiterek, 11.3. JSC ""Qazaqstan Investment Corporation"", 11.4.State program ""Business Roadmap - 2025"", 11.5. National Chamber of Entrepreneurs ""Atameken"", 11.6. Grants for startups, 11.7. Consulting and mentoring from experienced entrepreneurs",10,10,10,10,10,10,10,10,10,5,14.1. Quick start without initial investment,3,3,10,10,10,10,10,10,10,10,16.2. Implementation of artificial intelligence technologies to create digital twins of tourist sites that can be explored online or via VR
02.09.2024 21:12:05,,1.1. Male,2.4. 31 - 35 years old,3.15. Turkestan region,4.1. Married,5.3. Working specialist,6.3. 300 000 tg – 500 000 tg,7.1. Civil service,10,10,1,1,10,10,10,10,9.8. Industry,10.8. Creative thinking,11.11. No knowledge of such resources,1,1,1,1,1,1,1,1,1,1,14.6. Trips,1,1,1,1,1,1,1,1,1,1,16.1. Development of holographic guides that can accompany tourists to historical sites and attractions
07.09.2024 12:56:16,,1.1. Male,2.4. 31 - 35 years old,3.16. Ulytau region,4.1. Married,5.3. Working specialist,6.4. More than 500 000 tg,7.3. Entrepreneurship,10,9,9,10,8,9,10,8,9.7. Catering,10.7. Stress resistance,11.2. JSC National Management Holding Baiterek,2,4,3,4,4,3,3,3,4,4,14.2. Opportunities for innovation,7,6,5,7,5,5,7,7,6,7,16.3. Creating smart tours using biosensors that analyze tourists' emotions and states to offer personalized routes
07.09.2024 13:15:44,,1.1. Male,2.4. 31 - 35 years old,3.16. Ulytau region,4.1. Married,5.3. Working specialist,6.3. 300 000 tg – 500 000 tg,7.3. Entrepreneurship,1,1,1,1,1,1,1,1,9.9. Entertainment and leisure,10.5. Problem solving skills,11.11. No knowledge of such resources,1,1,1,1,1,1,1,1,1,2,14.1. Quick start without initial investment,1,1,1,1,1,1,1,1,1,1,I do not know
07.09.2024 13:32:25,,1.2. Female,2.1. 18 - 22 years old,3.9. Karaganda region,4.2. Not married,5.3. Working specialist,6.1. 85 000 tg - 150 000 tg,7.3. Entrepreneurship,10,8,10,8,9,10,10,10,9.12. Trade,"10.2. Willingness to take risks, 10.4. Leadership, 10.7. Stress resistance, 10.8. Creative thinking, 10.10. Financial literacy","11.1. JSC ""Entrepreneurship Development Fund ""Damu"", 11.5. National Chamber of Entrepreneurs ""Atameken""",10,6,6,6,7,7,8,8,8,3,"14.4. International Bisuness, 14.5. Independence and flexibility in work, 14.6. Trips",7,8,7,8,7,8,7,8,8,6,"16.1. Development of holographic guides that can accompany tourists to historical sites and attractions, 16.3. Creating smart tours using biosensors that analyze tourists' emotions and states to offer personalized routes, 16.6. Creating ""digital avatars"" of tourists that can represent them in an online environment and interact with other tourists and locals"
07.09.2024 14:07:57,,1.2. Female,2.1. 18 - 22 years old,3.16. Ulytau region,4.2. Not married,5.1. Student,6.5. No income,7.3. Entrepreneurship,7,6,6,8,8,8,9,10,9.5. Logistics,10.1. Analytics,11.2. JSC National Management Holding Baiterek,9,9,8,10,8,9,10,8,10,5,14.3. Possibility of creating a family business,8,9,8,10,8,6,7,6,7,7,16.1. Development of holographic guides that can accompany tourists to historical sites and attractions
07.09.2024 14:44:13,,1.1. Male,2.1. 18 - 22 years old,3.9. Karaganda region,4.2. Not married,5.3. Working specialist,6.3. 300 000 tg – 500 000 tg,7.3. Entrepreneurship,10,10,1,10,10,10,10,10,9.4. Art,"10.1. Analytics, 10.2. Willingness to take risks, 10.3. Communication skills, 10.4. Leadership, 10.5. Problem solving skills, 10.6. Planning, 10.7. Stress resistance, 10.8. Creative thinking, 10.9. Project management, 10.10. Financial literacy",11.11. No knowledge of such resources,10,10,10,10,10,10,10,10,10,3,"14.1. Quick start without initial investment, 14.2. Opportunities for innovation, 14.4. International Bisuness, 14.5. Independence and flexibility in work, 14.6. Trips, 14.7.Financial support for start-up entrepreneurs",10,10,1,1,1,6,1,10,10,10,"16.1. Development of holographic guides that can accompany tourists to historical sites and attractions, 16.2. Implementation of artificial intelligence technologies to create digital twins of tourist sites that can be explored online or via VR, 16.3. Creating smart tours using biosensors that analyze tourists' emotions and states to offer personalized routes, 16.4.Development of neural interfaces that allow tourists to interact with tourism applications and services using thoughts, 16.5. Implementation of 4D technologies, creating multidimensional tours that immerse you in the atmosphere of a place not only visually, but also tactilely and through smells, 16.6. Creating ""digital avatars"" of tourists that can represent them in an online environment and interact with other tourists and locals, 16.7. Development of universal mobile applications for travel planning and booking services"
07.09.2024 15:18:23,,1.2. Female,2.2. 23 - 25 years old,3.9. Karaganda region,4.2. Not married,5.3. Working specialist,6.2. 150 000 tg – 300 000 tg,7.2. Employment with guaranteed income,5,5,5,5,5,6,5,5,9.16. Excursions and guide services,10.9. Project management,"11.4.State program ""Business Roadmap - 2025""",1,1,2,1,1,2,1,2,2,1,14.5. Independence and flexibility in work,3,3,3,3,3,3,3,3,3,3,16.2. Implementation of artificial intelligence technologies to create digital twins of tourist sites that can be explored online or via VR
07.09.2024 15:22:30,,1.2. Female,2.3. 26 - 30 years old,3.16. Ulytau region,4.1. Married,5.3. Working specialist,6.3. 300 000 tg – 500 000 tg,7.3. Entrepreneurship,10,10,10,10,10,10,10,10,9.9. Entertainment and leisure,"10.2. Willingness to take risks, 10.5. Problem solving skills, 10.7. Stress resistance, 10.8. Creative thinking",11.11. No knowledge of such resources,10,10,8,9,8,8,9,7,5,1,"14.3. Possibility of creating a family business, 14.6. Trips",7,8,8,7,6,6,1,10,8,8,"16.1. Development of holographic guides that can accompany tourists to historical sites and attractions, 16.6. Creating ""digital avatars"" of tourists that can represent them in an online environment and interact with other tourists and locals, 16.7. Development of universal mobile applications for travel planning and booking services"
07.09.2024 15:50:51,,1.1. Male,2.4. 31 - 35 years old,3.3. Aktobe region,4.1. Married,5.3. Working specialist,6.2. 150 000 tg – 300 000 tg,7.3. Entrepreneurship,8,9,9,5,9,8,9,8,9.8. Industry,10.2. Willingness to take risks,11.11. No knowledge of such resources,5,10,9,8,7,6,4,3,2,3,14.3. Possibility of creating a family business,1,2,3,4,5,6,7,7,6,8,16.7. Development of universal mobile applications for travel planning and booking services
07.09.2024 15:51:33,,1.2. Female,2.2. 23 - 25 years old,3.16. Ulytau region,4.1. Married,Maternity leave,6.2. 150 000 tg – 300 000 tg,7.3. Entrepreneurship,9,10,10,10,10,10,10,10,9.12. Trade,"10.2. Willingness to take risks, 10.3. Communication skills, 10.5. Problem solving skills, 10.8. Creative thinking",11.11. No knowledge of such resources,10,10,10,10,10,10,10,10,10,3,"14.1. Quick start without initial investment, 14.3. Possibility of creating a family business, 14.4. International Bisuness, 14.5. Independence and flexibility in work, 14.6. Trips, 14.7.Financial support for start-up entrepreneurs",7,9,5,5,9,9,10,10,10,10,"16.2. Implementation of artificial intelligence technologies to create digital twins of tourist sites that can be explored online or via VR, 16.3. Creating smart tours using biosensors that analyze tourists' emotions and states to offer personalized routes, 16.5. Implementation of 4D technologies, creating multidimensional tours that immerse you in the atmosphere of a place not only visually, but also tactilely and through smells, 16.7. Development of universal mobile applications for travel planning and booking services"
07.09.2024 16:04:15,,1.2. Female,2.3. 26 - 30 years old,3.16. Ulytau region,4.2. Not married,5.6. Unemployed,6.5. No income,7.3. Entrepreneurship,3,3,3,3,3,3,3,3,9.4. Art,"10.2. Willingness to take risks, 10.3. Communication skills, 10.4. Leadership, 10.8. Creative thinking","11.7. Consulting and mentoring from experienced entrepreneurs, 11.8. Educational courses and seminars on entrepreneurship, 11.9. Online Resources and Platforms for Entrepreneurs",3,3,3,3,3,3,2,3,3,1,"14.1. Quick start without initial investment, 14.2. Opportunities for innovation, 14.3. Possibility of creating a family business, 14.4. International Bisuness, 14.5. Independence and flexibility in work, 14.6. Trips, 14.7.Financial support for start-up entrepreneurs",1,4,3,4,4,4,4,2,4,3,"16.1. Development of holographic guides that can accompany tourists to historical sites and attractions, 16.2. Implementation of artificial intelligence technologies to create digital twins of tourist sites that can be explored online or via VR, 16.3. Creating smart tours using biosensors that analyze tourists' emotions and states to offer personalized routes, 16.4.Development of neural interfaces that allow tourists to interact with tourism applications and services using thoughts, 16.5. Implementation of 4D technologies, creating multidimensional tours that immerse you in the atmosphere of a place not only visually, but also tactilely and through smells, 16.6. Creating ""digital avatars"" of tourists that can represent them in an online environment and interact with other tourists and locals, 16.7. Development of universal mobile applications for travel planning and booking services"
07.09.2024 16:22:02,,1.2. Female,2.3. 26 - 30 years old,3.19. Almaty city,4.1. Married,5.3. Working specialist,6.2. 150 000 tg – 300 000 tg,7.3. Entrepreneurship,10,5,9,10,10,10,10,10,9.3. Information Technology,"10.1. Analytics, 10.6. Planning, 10.9. Project management","11.1. JSC ""Entrepreneurship Development Fund ""Damu"", 11.7. Consulting and mentoring from experienced entrepreneurs, 11.8. Educational courses and seminars on entrepreneurship",10,10,10,10,10,10,10,10,10,4,"14.4. International Bisuness, 14.5. Independence and flexibility in work, 14.6. Trips",10,8,7,7,7,5,8,8,7,6,"16.1. Development of holographic guides that can accompany tourists to historical sites and attractions, 16.2. Implementation of artificial intelligence technologies to create digital twins of tourist sites that can be explored online or via VR, 16.5. Implementation of 4D technologies, creating multidimensional tours that immerse you in the atmosphere of a place not only visually, but also tactilely and through smells"
07.09.2024 19:03:27,,1.2. Female,2.1. 18 - 22 years old,3.16. Ulytau region,4.1. Married,5.6. Unemployed,6.5. No income,7.2. Employment with guaranteed income,1,3,2,1,2,2,2,2,9.9. Entertainment and leisure,"10.2. Willingness to take risks, 10.3. Communication skills",11.8. Educational courses and seminars on entrepreneurship,1,2,2,3,2,3,3,2,2,3,14.5. Independence and flexibility in work,2,2,4,1,3,2,2,3,2,3,16.3. Creating smart tours using biosensors that analyze tourists' emotions and states to offer personalized routes
07.09.2024 20:55:54,,1.2. Female,2.3. 26 - 30 years old,3.9. Karaganda region,4.1. Married,5.3. Working specialist,6.2. 150 000 tg – 300 000 tg,7.3. Entrepreneurship,3,3,3,3,2,3,3,3,9.6. Education,10.3. Communication skills,11.11. No knowledge of such resources,3,2,3,3,3,2,1,3,3,1,"14.5. Independence and flexibility in work, 14.6. Trips, 14.7.Financial support for start-up entrepreneurs",1,4,4,4,2,3,4,4,2,3,"16.1. Development of holographic guides that can accompany tourists to historical sites and attractions, 16.3. Creating smart tours using biosensors that analyze tourists' emotions and states to offer personalized routes, 16.6. Creating ""digital avatars"" of tourists that can represent them in an online environment and interact with other tourists and locals"
07.09.2024 23:20:52,,1.1. Male,2.4. 31 - 35 years old,3.9. Karaganda region,4.1. Married,5.4. Entrepreneur,6.4. More than 500 000 tg,7.3. Entrepreneurship,10,10,10,10,10,10,10,10,9.11. Construction,10.4. Leadership,"11.1. JSC ""Entrepreneurship Development Fund ""Damu"", 11.2. JSC National Management Holding Baiterek, 11.3. JSC ""Qazaqstan Investment Corporation"", 11.4.State program ""Business Roadmap - 2025"", 11.5. National Chamber of Entrepreneurs ""Atameken"", 11.6. Grants for startups, 11.7. Consulting and mentoring from experienced entrepreneurs, 11.8. Educational courses and seminars on entrepreneurship, 11.9. Online Resources and Platforms for Entrepreneurs, 11.10. Private Business Incubators and Accelerators, 11.11. No knowledge of such resources",10,10,10,10,10,10,10,10,10,5,14.3. Possibility of creating a family business,10,10,10,10,10,10,10,10,10,10,"16.5. Implementation of 4D technologies, creating multidimensional tours that immerse you in the atmosphere of a place not only visually, but also tactilely and through smells"
08.09.2024 2:05:59,,1.2. Female,2.4. 31 - 35 years old,3.9. Karaganda region,4.1. Married,5.3. Working specialist,6.1. 85 000 tg - 150 000 tg,7.2. Employment with guaranteed income,10,10,10,10,10,10,10,10,9.8. Industry,"10.2. Willingness to take risks, 10.6. Planning, 10.7. Stress resistance","11.5. National Chamber of Entrepreneurs ""Atameken""",10,10,10,10,10,10,10,10,10,5,"14.2. Opportunities for innovation, 14.3. Possibility of creating a family business, 14.5. Independence and flexibility in work, 14.7.Financial support for start-up entrepreneurs",10,10,10,10,10,10,10,10,10,10,16.1. Development of holographic guides that can accompany tourists to historical sites and attractions
20.09.2024 9:16:10,,1.2. Female,2.4. 31 - 35 years old,3.9. Karaganda region,4.1. Married,5.3. Working specialist,6.3. 300 000 tg – 500 000 tg,7.3. Entrepreneurship,10,10,10,10,10,10,10,10,9.15. Financial and credit sector,"10.2. Willingness to take risks, 10.3. Communication skills, 10.4. Leadership, 10.7. Stress resistance","11.1. JSC ""Entrepreneurship Development Fund ""Damu"", 11.4.State program ""Business Roadmap - 2025"", 11.5. National Chamber of Entrepreneurs ""Atameken"", 11.6. Grants for startups",10,10,1,1,1,4,1,1,1,3,"14.4. International Bisuness, 14.6. Trips",10,8,8,8,8,1,8,1,1,1,"16.4.Development of neural interfaces that allow tourists to interact with tourism applications and services using thoughts, 16.5. Implementation of 4D technologies, creating multidimensional tours that immerse you in the atmosphere of a place not only visually, but also tactilely and through smells, 16.7. Development of universal mobile applications for travel planning and booking services"
20.09.2024 9:25:39,,1.2. Female,2.2. 23 - 25 years old,3.10. Kostanay region,4.2. Not married,5.2. Civil servant,6.3. 300 000 tg – 500 000 tg,7.1. Civil service,10,10,10,10,10,10,10,10,9.2. Healthcare,10.4. Leadership,"11.5. National Chamber of Entrepreneurs ""Atameken""",10,10,10,10,10,10,10,10,10,5,"14.1. Quick start without initial investment, 14.3. Possibility of creating a family business",10,10,10,10,10,10,10,10,10,10,16.7. Development of universal mobile applications for travel planning and booking services
20.09.2024 9:42:54,,1.2. Female,2.1. 18 - 22 years old,3.16. Ulytau region,4.2. Not married,5.3. Working specialist,6.1. 85 000 tg - 150 000 tg,7.3. Entrepreneurship,3,3,3,3,3,3,3,3,9.14. Tourism,"10.4. Leadership, 10.5. Problem solving skills, 10.6. Planning, 10.10. Financial literacy",11.11. No knowledge of such resources,8,8,8,7,8,5,7,8,10,5,"14.5. Independence and flexibility in work, 14.6. Trips",3,1,1,1,1,1,1,1,1,1,"16.2. Implementation of artificial intelligence technologies to create digital twins of tourist sites that can be explored online or via VR, 16.5. Implementation of 4D technologies, creating multidimensional tours that immerse you in the atmosphere of a place not only visually, but also tactilely and through smells"
20.09.2024 11:16:41,,1.2. Female,2.1. 18 - 22 years old,3.9. Karaganda region,4.2. Not married,5.1. Student,6.5. No income,7.3. Entrepreneurship,10,10,10,4,10,10,10,10,9.5. Logistics,10.5. Problem solving skills,11.10. Private Business Incubators and Accelerators,10,9,10,10,10,10,10,10,10,2,"14.3. Possibility of creating a family business, 14.4. International Bisuness",3,10,10,10,10,10,10,10,10,10,16.2. Implementation of artificial intelligence technologies to create digital twins of tourist sites that can be explored online or via VR
20.09.2024 11:18:52,,1.2. Female,2.1. 18 - 22 years old,3.9. Karaganda region,4.2. Not married,5.1. Student,6.5. No income,7.3. Entrepreneurship,5,5,5,5,5,5,5,10,9.4. Art,10.6. Planning,"11.5. National Chamber of Entrepreneurs ""Atameken"", 11.7. Consulting and mentoring from experienced entrepreneurs, 11.11. No knowledge of such resources",5,5,5,5,5,5,5,5,5,3,"14.1. Quick start without initial investment, 14.3. Possibility of creating a family business, 14.7.Financial support for start-up entrepreneurs",5,5,5,5,5,5,5,5,5,5,16.7. Development of universal mobile applications for travel planning and booking services
20.09.2024 11:19:50,,1.2. Female,2.1. 18 - 22 years old,3.9. Karaganda region,4.2. Not married,5.1. Student,6.5. No income,7.3. Entrepreneurship,1,1,1,3,3,4,4,4,9.1. Hotel sector,"10.2. Willingness to take risks, 10.3. Communication skills, 10.4. Leadership, 10.5. Problem solving skills, 10.9. Project management","11.1. JSC ""Entrepreneurship Development Fund ""Damu"", 11.4.State program ""Business Roadmap - 2025"", 11.5. National Chamber of Entrepreneurs ""Atameken"", 11.6. Grants for startups",10,10,10,10,10,10,10,10,10,5,"14.2. Opportunities for innovation, 14.4. International Bisuness, 14.6. Trips",3,6,5,4,5,5,3,5,4,5,"16.1. Development of holographic guides that can accompany tourists to historical sites and attractions, 16.2. Implementation of artificial intelligence technologies to create digital twins of tourist sites that can be explored online or via VR, 16.3. Creating smart tours using biosensors that analyze tourists' emotions and states to offer personalized routes, 16.5. Implementation of 4D technologies, creating multidimensional tours that immerse you in the atmosphere of a place not only visually, but also tactilely and through smells"
20.09.2024 12:19:24,,1.2. Female,2.1. 18 - 22 years old,3.9. Karaganda region,4.2. Not married,5.3. Working specialist,6.2. 150 000 tg – 300 000 tg,7.2. Employment with guaranteed income,10,10,10,1,10,10,10,10,9.12. Trade,10.2. Willingness to take risks,11.6. Grants for startups,10,10,10,10,10,10,10,10,10,3,"14.3. Possibility of creating a family business, 14.6. Trips",5,5,5,5,5,5,5,5,5,5,16.1. Development of holographic guides that can accompany tourists to historical sites and attractions
20.09.2024 12:27:57,,1.2. Female,2.1. 18 - 22 years old,3.9. Karaganda region,4.2. Not married,5.1. Student,6.1. 85 000 tg - 150 000 tg,7.3. Entrepreneurship,10,10,5,8,10,10,10,10,9.1. Hotel sector,"10.2. Willingness to take risks, 10.4. Leadership, 10.5. Problem solving skills, 10.6. Planning, 10.7. Stress resistance, 10.8. Creative thinking, 10.9. Project management, 10.10. Financial literacy",11.11. No knowledge of such resources,10,10,10,10,10,10,10,10,10,2,"14.1. Quick start without initial investment, 14.4. International Bisuness, 14.5. Independence and flexibility in work, 14.6. Trips",9,10,10,10,10,10,10,10,10,10,"16.1. Development of holographic guides that can accompany tourists to historical sites and attractions, 16.2. Implementation of artificial intelligence technologies to create digital twins of tourist sites that can be explored online or via VR, 16.4.Development of neural interfaces that allow tourists to interact with tourism applications and services using thoughts, 16.7. Development of universal mobile applications for travel planning and booking services"
20.09.2024 12:43:02,,1.1. Male,2.1. 18 - 22 years old,3.9. Karaganda region,4.2. Not married,5.2. Civil servant,6.2. 150 000 tg – 300 000 tg,7.1. Civil service,1,1,1,2,1,1,2,1,9.10. Agriculture,"10.1. Analytics, 10.2. Willingness to take risks, 10.3. Communication skills, 10.4. Leadership, 10.5. Problem solving skills, 10.6. Planning, 10.7. Stress resistance, 10.8. Creative thinking, 10.9. Project management, 10.10. Financial literacy","11.1. JSC ""Entrepreneurship Development Fund ""Damu"", 11.2. JSC National Management Holding Baiterek, 11.4.State program ""Business Roadmap - 2025"", 11.5. National Chamber of Entrepreneurs ""Atameken"", 11.6. Grants for startups",1,1,1,1,1,1,1,1,1,4,"14.2. Opportunities for innovation, 14.3. Possibility of creating a family business, 14.4. International Bisuness, 14.6. Trips",3,2,4,1,1,1,1,1,1,1,"16.1. Development of holographic guides that can accompany tourists to historical sites and attractions, 16.2. Implementation of artificial intelligence technologies to create digital twins of tourist sites that can be explored online or via VR, 16.3. Creating smart tours using biosensors that analyze tourists' emotions and states to offer personalized routes, 16.4.Development of neural interfaces that allow tourists to interact with tourism applications and services using thoughts, 16.5. Implementation of 4D technologies, creating multidimensional tours that immerse you in the atmosphere of a place not only visually, but also tactilely and through smells, 16.6. Creating ""digital avatars"" of tourists that can represent them in an online environment and interact with other tourists and locals, 16.7. Development of universal mobile applications for travel planning and booking services"
20.09.2024 12:43:06,,1.1. Male,2.1. 18 - 22 years old,3.9. Karaganda region,4.2. Not married,5.2. Civil servant,6.2. 150 000 tg – 300 000 tg,7.1. Civil service,10,10,10,10,10,10,10,10,9.10. Agriculture,"10.3. Communication skills, 10.5. Problem solving skills, 10.7. Stress resistance, 10.9. Project management","11.1. JSC ""Entrepreneurship Development Fund ""Damu"", 11.5. National Chamber of Entrepreneurs ""Atameken"", 11.6. Grants for startups",10,10,10,10,10,10,10,10,10,4,"14.4. International Bisuness, 14.5. Independence and flexibility in work, 14.6. Trips",6,6,6,6,6,6,6,6,6,6,"16.6. Creating ""digital avatars"" of tourists that can represent them in an online environment and interact with other tourists and locals"
20.09.2024 13:02:34,,1.2. Female,2.1. 18 - 22 years old,3.9. Karaganda region,4.2. Not married,5.1. Student,6.5. No income,7.3. Entrepreneurship,8,8,8,8,8,8,8,8,9.7. Catering,"10.2. Willingness to take risks, 10.3. Communication skills","11.1. JSC ""Entrepreneurship Development Fund ""Damu"", 11.7. Consulting and mentoring from experienced entrepreneurs",7,7,7,7,7,7,7,7,7,5,"14.1. Quick start without initial investment, ",7,9,8,8,8,9,8,8,8,7,"16.1. Development of holographic guides that can accompany tourists to historical sites and attractions, "
20.09.2024 13:05:35,,1.1. Male,2.1. 18 - 22 years old,3.9. Karaganda region,4.2. Not married,5.1. Student,6.5. No income,7.2. Employment with guaranteed income,5,10,6,6,7,7,7,10,9.5. Logistics,"10.2. Willingness to take risks, 10.5. Problem solving skills, 10.7. Stress resistance, 10.10. Financial literacy","11.1. JSC ""Entrepreneurship Development Fund ""Damu"", 11.5. National Chamber of Entrepreneurs ""Atameken""",10,10,10,7,10,10,10,10,10,2,"14.1. Quick start without initial investment, 14.2. Opportunities for innovation, 14.6. Trips",7,7,10,8,8,7,10,8,8,8,"16.1. Development of holographic guides that can accompany tourists to historical sites and attractions, 16.6. Creating ""digital avatars"" of tourists that can represent them in an online environment and interact with other tourists and locals, 16.7. Development of universal mobile applications for travel planning and booking services"
20.09.2024 13:08:07,,1.2. Female,2.1. 18 - 22 years old,3.9. Karaganda region,4.2. Not married,5.1. Student,6.5. No income,7.3. Entrepreneurship,3,3,3,3,3,3,3,3,9.4. Art,"10.2. Willingness to take risks, 10.4. Leadership, 10.5. Problem solving skills, 10.6. Planning, 10.7. Stress resistance, 10.10. Financial literacy","11.4.State program ""Business Roadmap - 2025"", 11.6. Grants for startups, 11.8. Educational courses and seminars on entrepreneurship",3,3,3,3,3,3,3,3,3,5,14.6. Trips,3,4,1,4,4,4,4,4,4,4,"16.1. Development of holographic guides that can accompany tourists to historical sites and attractions, 16.3. Creating smart tours using biosensors that analyze tourists' emotions and states to offer personalized routes, 16.7. Development of universal mobile applications for travel planning and booking services"
20.09.2024 13:14:23,,1.2. Female,2.1. 18 - 22 years old,3.9. Karaganda region,4.2. Not married,5.1. Student,6.5. No income,7.3. Entrepreneurship,9,9,10,10,10,10,10,10,9.6. Education,"10.6. Planning, 10.7. Stress resistance, 10.9. Project management","11.4.State program ""Business Roadmap - 2025"", 11.5. National Chamber of Entrepreneurs ""Atameken"", 11.6. Grants for startups",10,10,8,8,10,10,7,8,10,2,"14.5. Independence and flexibility in work, 14.6. Trips",10,8,10,10,7,7,10,10,9,10,"16.1. Development of holographic guides that can accompany tourists to historical sites and attractions, 16.3. Creating smart tours using biosensors that analyze tourists' emotions and states to offer personalized routes, 16.7. Development of universal mobile applications for travel planning and booking services"
20.09.2024 13:21:45,,1.2. Female,2.1. 18 - 22 years old,3.9. Karaganda region,4.2. Not married,5.1. Student,6.5. No income,7.3. Entrepreneurship,10,9,10,8,7,9,9,9,9.5. Logistics,"10.2. Willingness to take risks, 10.3. Communication skills, 10.6. Planning, 10.7. Stress resistance","11.5. National Chamber of Entrepreneurs ""Atameken"", 11.6. Grants for startups, 11.8. Educational courses and seminars on entrepreneurship, 11.9. Online Resources and Platforms for Entrepreneurs",8,8,8,8,8,8,8,7,7,3,"14.5. Independence and flexibility in work, 14.6. Trips",3,3,3,4,5,3,5,4,4,3,"16.4.Development of neural interfaces that allow tourists to interact with tourism applications and services using thoughts, 16.7. Development of universal mobile applications for travel planning and booking services"
20.09.2024 13:33:46,,1.2. Female,2.1. 18 - 22 years old,3.15. Turkestan region,4.2. Not married,5.1. Student,6.5. No income,7.2. Employment with guaranteed income,10,10,3,10,10,10,10,10,9.12. Trade,"10.2. Willingness to take risks, 10.4. Leadership, 10.5. Problem solving skills, 10.6. Planning, 10.7. Stress resistance, 10.8. Creative thinking, 10.9. Project management, 10.10. Financial literacy","11.4.State program ""Business Roadmap - 2025"", 11.6. Grants for startups, 11.7. Consulting and mentoring from experienced entrepreneurs",7,7,5,9,9,9,9,10,9,2,"14.4. International Bisuness, 14.5. Independence and flexibility in work, 14.6. Trips",10,6,10,7,9,10,10,10,3,9,"16.5. Implementation of 4D technologies, creating multidimensional tours that immerse you in the atmosphere of a place not only visually, but also tactilely and through smells"
20.09.2024 13:44:24,,1.1. Male,2.1. 18 - 22 years old,3.9. Karaganda region,4.2. Not married,5.1. Student,6.5. No income,7.2. Employment with guaranteed income,2,1,2,1,1,2,2,2,9.3. Information Technology,"10.1. Analytics, 10.3. Communication skills, 10.6. Planning, 10.8. Creative thinking","11.3. JSC ""Qazaqstan Investment Corporation"", 11.5. National Chamber of Entrepreneurs ""Atameken"", 11.7. Consulting and mentoring from experienced entrepreneurs, 11.9. Online Resources and Platforms for Entrepreneurs",2,2,1,2,1,2,1,2,1,1,"14.5. Independence and flexibility in work, 14.6. Trips",2,1,2,2,1,3,2,2,1,3,"16.1. Development of holographic guides that can accompany tourists to historical sites and attractions, 16.3. Creating smart tours using biosensors that analyze tourists' emotions and states to offer personalized routes, 16.7. Development of universal mobile applications for travel planning and booking services"
20.09.2024 13:51:43,,1.2. Female,2.1. 18 - 22 years old,3.9. Karaganda region,4.2. Not married,5.1. Student,6.5. No income,Art,3,2,3,3,2,3,3,3,9.4. Art,"10.2. Willingness to take risks, 10.3. Communication skills, 10.4. Leadership, 10.7. Stress resistance, 10.8. Creative thinking","11.6. Grants for startups, 11.7. Consulting and mentoring from experienced entrepreneurs, 11.8. Educational courses and seminars on entrepreneurship",3,3,3,3,3,3,3,3,3,3,"14.4. International Bisuness, 14.5. Independence and flexibility in work, 14.6. Trips, 14.7.Financial support for start-up entrepreneurs",3,2,2,3,2,2,3,10,10,10,"16.1. Development of holographic guides that can accompany tourists to historical sites and attractions, 16.2. Implementation of artificial intelligence technologies to create digital twins of tourist sites that can be explored online or via VR, 16.3. Creating smart tours using biosensors that analyze tourists' emotions and states to offer personalized routes, 16.6. Creating ""digital avatars"" of tourists that can represent them in an online environment and interact with other tourists and locals, 16.7. Development of universal mobile applications for travel planning and booking services"
20.09.2024 14:25:26,,1.2. Female,2.1. 18 - 22 years old,3.9. Karaganda region,4.1. Married,5.1. Student,6.5. No income,7.1. Civil service,10,10,7,9,9,10,9,10,9.6. Education,10.1. Analytics,"11.1. JSC ""Entrepreneurship Development Fund ""Damu""",10,9,10,10,10,9,9,10,10,4,14.5. Independence and flexibility in work,8,10,5,7,9,10,8,8,8,8,"16.6. Creating ""digital avatars"" of tourists that can represent them in an online environment and interact with other tourists and locals, 16.7. Development of universal mobile applications for travel planning and booking services"
20.09.2024 15:26:55,,1.2. Female,2.1. 18 - 22 years old,3.9. Karaganda region,4.2. Not married,5.1. Student,6.2. 150 000 tg – 300 000 tg,7.2. Employment with guaranteed income,10,10,1,10,10,10,10,10,9.7. Catering,10.4. Leadership,11.11. No knowledge of such resources,9,9,9,9,9,9,9,9,9,1,14.4. International Bisuness,3,3,1,3,3,2,2,2,2,2,16.3. Creating smart tours using biosensors that analyze tourists' emotions and states to offer personalized routes
20.09.2024 15:33:23,,1.1. Male,2.1. 18 - 22 years old,3.9. Karaganda region,4.2. Not married,5.1. Student,6.5. No income,7.1. Civil service,3,3,3,3,3,3,3,3,9.6. Education,"10.3. Communication skills, 10.4. Leadership, 10.6. Planning, 10.7. Stress resistance, 10.8. Creative thinking","11.1. JSC ""Entrepreneurship Development Fund ""Damu"", 11.2. JSC National Management Holding Baiterek, 11.3. JSC ""Qazaqstan Investment Corporation"", 11.4.State program ""Business Roadmap - 2025"", 11.5. National Chamber of Entrepreneurs ""Atameken"", 11.6. Grants for startups",3,3,3,3,3,3,3,3,3,5,"14.5. Independence and flexibility in work, 14.7.Financial support for start-up entrepreneurs",4,4,4,4,4,4,4,4,4,4,"16.5. Implementation of 4D technologies, creating multidimensional tours that immerse you in the atmosphere of a place not only visually, but also tactilely and through smells, 16.6. Creating ""digital avatars"" of tourists that can represent them in an online environment and interact with other tourists and locals"
20.09.2024 16:09:31,,1.2. Female,2.1. 18 - 22 years old,3.9. Karaganda region,4.2. Not married,5.1. Student,6.5. No income,7.2. Employment with guaranteed income,2,10,6,1,10,10,1,10,Ecology ,10.5. Problem solving skills,11.11. No knowledge of such resources,5,4,7,1,1,1,10,2,4,3,"14.6. Trips, 14.7.Financial support for start-up entrepreneurs",3,5,9,9,5,6,7,6,6,6,"16.1. Development of holographic guides that can accompany tourists to historical sites and attractions, 16.3. Creating smart tours using biosensors that analyze tourists' emotions and states to offer personalized routes, 16.7. Development of universal mobile applications for travel planning and booking services"
23.09.2024 16:28:19,,1.2. Female,2.1. 18 - 22 years old,3.18. Astana city,4.2. Not married,5.3. Working specialist,6.2. 150 000 tg – 300 000 tg,7.3. Entrepreneurship,10,10,10,10,10,10,10,10,9.16. Excursions and guide services,"10.1. Analytics, 10.2. Willingness to take risks, 10.3. Communication skills, 10.4. Leadership, 10.5. Problem solving skills, 10.6. Planning, 10.7. Stress resistance, 10.8. Creative thinking, 10.9. Project management, 10.10. Financial literacy",11.6. Grants for startups,2,2,2,2,2,2,2,2,2,5,"14.1. Quick start without initial investment, 14.2. Opportunities for innovation, 14.3. Possibility of creating a family business, 14.4. International Bisuness, 14.5. Independence and flexibility in work, 14.6. Trips, 14.7.Financial support for start-up entrepreneurs",3,3,3,3,3,3,3,3,3,3,"16.1. Development of holographic guides that can accompany tourists to historical sites and attractions, 16.6. Creating ""digital avatars"" of tourists that can represent them in an online environment and interact with other tourists and locals"
25.09.2024 10:20:21,,1.2. Female,2.2. 23 - 25 years old,3.9. Karaganda region,4.2. Not married,5.3. Working specialist,6.2. 150 000 tg – 300 000 tg,7.3. Entrepreneurship,8,8,8,8,8,8,8,8,9.12. Trade,10.2. Willingness to take risks,"11.1. JSC ""Entrepreneurship Development Fund ""Damu""",8,8,8,8,8,8,8,8,8,5,14.4. International Bisuness,9,9,9,9,9,9,9,9,9,9,"16.1. Development of holographic guides that can accompany tourists to historical sites and attractions, 16.2. Implementation of artificial intelligence technologies to create digital twins of tourist sites that can be explored online or via VR, 16.3. Creating smart tours using biosensors that analyze tourists' emotions and states to offer personalized routes, 16.4.Development of neural interfaces that allow tourists to interact with tourism applications and services using thoughts"
02.10.2024 16:13:04,,1.1. Male,2.3. 26 - 30 years old,3.5. Atyrau region,4.2. Not married,5.3. Working specialist,6.2. 150 000 tg – 300 000 tg,7.2. Employment with guaranteed income,1,2,2,1,3,4,2,1,9.14. Tourism,10.5. Problem solving skills,"11.4.State program ""Business Roadmap - 2025""",2,2,2,2,1,2,2,2,2,5,14.6. Trips,10,10,10,10,10,10,10,10,10,10,"16.5. Implementation of 4D technologies, creating multidimensional tours that immerse you in the atmosphere of a place not only visually, but also tactilely and through smells"
02.10.2024 16:51:54,,1.2. Female,2.1. 18 - 22 years old,3.16. Ulytau region,4.2. Not married,5.2. Civil servant,6.5. No income,7.3. Entrepreneurship,8,8,4,8,10,10,7,7,9.14. Tourism,"10.1. Analytics, 10.2. Willingness to take risks, 10.3. Communication skills, 10.6. Planning","11.1. JSC ""Entrepreneurship Development Fund ""Damu"", 11.4.State program ""Business Roadmap - 2025""",10,9,10,7,7,8,8,9,9,5,"14.3. Possibility of creating a family business, 14.4. International Bisuness",7,8,4,7,8,8,8,8,9,7,"16.1. Development of holographic guides that can accompany tourists to historical sites and attractions, 16.5. Implementation of 4D technologies, creating multidimensional tours that immerse you in the atmosphere of a place not only visually, but also tactilely and through smells, 16.6. Creating ""digital avatars"" of tourists that can represent them in an online environment and interact with other tourists and locals"
02.10.2024 16:55:44,,1.1. Male,2.3. 26 - 30 years old,3.5. Atyrau region,4.1. Married,5.3. Working specialist,6.4. More than 500 000 tg,7.2. Employment with guaranteed income,9,8,9,8,9,10,8,8,9.14. Tourism,"10.3. Communication skills, 10.4. Leadership, 10.7. Stress resistance","11.5. National Chamber of Entrepreneurs ""Atameken""",10,8,9,10,7,8,8,10,9,4,"14.6. Trips, 14.7.Financial support for start-up entrepreneurs",6,10,10,6,7,8,7,8,9,9,"16.2. Implementation of artificial intelligence technologies to create digital twins of tourist sites that can be explored online or via VR, 16.4.Development of neural interfaces that allow tourists to interact with tourism applications and services using thoughts, 16.7. Development of universal mobile applications for travel planning and booking services"
02.10.2024 17:07:02,,1.2. Female,2.4. 31 - 35 years old,3.13. Pavlodar region,4.1. Married,5.3. Working specialist,6.3. 300 000 tg – 500 000 tg,7.3. Entrepreneurship,8,9,7,10,8,9,10,9,9.14. Tourism,"10.8. Creative thinking, 10.9. Project management, 10.10. Financial literacy","11.9. Online Resources and Platforms for Entrepreneurs, 11.10. Private Business Incubators and Accelerators, 11.11. No knowledge of such resources",10,9,10,9,9,7,8,9,9,5,"14.3. Possibility of creating a family business, 14.4. International Bisuness",8,9,10,9,8,9,10,9,8,9,"16.1. Development of holographic guides that can accompany tourists to historical sites and attractions, 16.2. Implementation of artificial intelligence technologies to create digital twins of tourist sites that can be explored online or via VR, 16.3. Creating smart tours using biosensors that analyze tourists' emotions and states to offer personalized routes"
02.10.2024 17:10:00,,1.2. Female,2.2. 23 - 25 years old,3.5. Atyrau region,4.2. Not married,5.4. Entrepreneur,6.2. 150 000 tg – 300 000 tg,7.1. Civil service,8,9,8,9,10,8,9,8,9.14. Tourism,"10.3. Communication skills, 10.5. Problem solving skills, 10.6. Planning","11.3. JSC ""Qazaqstan Investment Corporation"", 11.7. Consulting and mentoring from experienced entrepreneurs, 11.11. No knowledge of such resources",10,9,10,8,9,9,10,9,10,5,"14.2. Opportunities for innovation, 14.4. International Bisuness, 14.6. Trips",10,9,10,7,8,9,9,8,9,10,"16.1. Development of holographic guides that can accompany tourists to historical sites and attractions, 16.3. Creating smart tours using biosensors that analyze tourists' emotions and states to offer personalized routes, 16.6. Creating ""digital avatars"" of tourists that can represent them in an online environment and interact with other tourists and locals"
02.10.2024 17:13:18,,1.1. Male,2.2. 23 - 25 years old,3.12. Mangistau region,4.2. Not married,5.3. Working specialist,6.2. 150 000 tg – 300 000 tg,7.2. Employment with guaranteed income,8,7,7,8,9,9,10,9,9.14. Tourism,"10.1. Analytics, 10.5. Problem solving skills, 10.6. Planning, 10.10. Financial literacy","11.4.State program ""Business Roadmap - 2025"", 11.10. Private Business Incubators and Accelerators, 11.11. No knowledge of such resources",9,8,7,9,8,9,10,9,8,5,14.3. Possibility of creating a family business,10,8,9,7,9,7,9,8,9,9,"16.2. Implementation of artificial intelligence technologies to create digital twins of tourist sites that can be explored online or via VR, 16.3. Creating smart tours using biosensors that analyze tourists' emotions and states to offer personalized routes, 16.4.Development of neural interfaces that allow tourists to interact with tourism applications and services using thoughts, 16.7. Development of universal mobile applications for travel planning and booking services"
02.10.2024 17:20:40,,1.1. Male,2.2. 23 - 25 years old,3.5. Atyrau region,4.2. Not married,5.4. Entrepreneur,6.5. No income,7.3. Entrepreneurship,10,9,8,9,10,9,8,10,9.14. Tourism,"10.3. Communication skills, 10.6. Planning, 10.9. Project management","11.2. JSC National Management Holding Baiterek, 11.5. National Chamber of Entrepreneurs ""Atameken"", 11.8. Educational courses and seminars on entrepreneurship, 11.11. No knowledge of such resources",8,9,9,10,9,9,8,9,8,5,"14.3. Possibility of creating a family business, 14.5. Independence and flexibility in work, 14.6. Trips",8,9,7,9,8,9,7,8,9,10,"16.1. Development of holographic guides that can accompany tourists to historical sites and attractions, 16.4.Development of neural interfaces that allow tourists to interact with tourism applications and services using thoughts, 16.7. Development of universal mobile applications for travel planning and booking services"
02.10.2024 17:23:07,,1.1. Male,2.1. 18 - 22 years old,3.12. Mangistau region,4.1. Married,5.3. Working specialist,6.3. 300 000 tg – 500 000 tg,7.2. Employment with guaranteed income,8,9,7,10,9,7,8,9,9.14. Tourism,"10.4. Leadership, 10.6. Planning","11.4.State program ""Business Roadmap - 2025"", 11.8. Educational courses and seminars on entrepreneurship",10,8,9,7,9,8,10,9,10,5,"14.2. Opportunities for innovation, 14.3. Possibility of creating a family business, 14.4. International Bisuness",9,8,10,8,9,8,8,10,9,10,"16.4.Development of neural interfaces that allow tourists to interact with tourism applications and services using thoughts, 16.5. Implementation of 4D technologies, creating multidimensional tours that immerse you in the atmosphere of a place not only visually, but also tactilely and through smells, 16.6. Creating ""digital avatars"" of tourists that can represent them in an online environment and interact with other tourists and locals"
02.10.2024 17:26:18,,1.2. Female,2.3. 26 - 30 years old,3.15. Turkestan region,4.1. Married,5.3. Working specialist,6.3. 300 000 tg – 500 000 tg,7.2. Employment with guaranteed income,9,8,9,7,9,8,9,10,9.14. Tourism,"10.2. Willingness to take risks, 10.5. Problem solving skills, 10.8. Creative thinking","11.2. JSC National Management Holding Baiterek, 11.5. National Chamber of Entrepreneurs ""Atameken"", 11.8. Educational courses and seminars on entrepreneurship",8,10,7,8,9,7,10,8,9,4,"14.4. International Bisuness, 14.5. Independence and flexibility in work, 14.6. Trips",8,10,9,7,9,7,9,7,8,10,"16.3. Creating smart tours using biosensors that analyze tourists' emotions and states to offer personalized routes, 16.5. Implementation of 4D technologies, creating multidimensional tours that immerse you in the atmosphere of a place not only visually, but also tactilely and through smells, 16.6. Creating ""digital avatars"" of tourists that can represent them in an online environment and interact with other tourists and locals, 16.7. Development of universal mobile applications for travel planning and booking services"
02.10.2024 18:13:45,,1.2. Female,2.3. 26 - 30 years old,3.3. Aktobe region,4.2. Not married,5.5. Freelancer / self-employed,6.3. 300 000 tg – 500 000 tg,7.3. Entrepreneurship,9,7,8,10,8,9,8,10,9.14. Tourism,"10.6. Planning, 10.9. Project management","11.3. JSC ""Qazaqstan Investment Corporation"", 11.4.State program ""Business Roadmap - 2025"", 11.5. National Chamber of Entrepreneurs ""Atameken""",9,7,8,9,8,10,8,9,9,5,"14.3. Possibility of creating a family business, 14.4. International Bisuness",10,10,10,10,9,10,8,9,10,8,"16.1. Development of holographic guides that can accompany tourists to historical sites and attractions, 16.2. Implementation of artificial intelligence technologies to create digital twins of tourist sites that can be explored online or via VR, 16.3. Creating smart tours using biosensors that analyze tourists' emotions and states to offer personalized routes"
02.10.2024 18:14:57,,1.1. Male,2.4. 31 - 35 years old,3.9. Karaganda region,4.2. Not married,5.3. Working specialist,6.2. 150 000 tg – 300 000 tg,7.3. Entrepreneurship,9,8,9,7,9,7,8,10,9.14. Tourism,"10.1. Analytics, 10.2. Willingness to take risks, 10.3. Communication skills, 10.4. Leadership, 10.5. Problem solving skills, 10.6. Planning, 10.7. Stress resistance, 10.8. Creative thinking, 10.9. Project management, 10.10. Financial literacy","11.2. JSC National Management Holding Baiterek, 11.3. JSC ""Qazaqstan Investment Corporation"", 11.5. National Chamber of Entrepreneurs ""Atameken""",8,10,9,8,9,10,8,9,9,5,"14.3. Possibility of creating a family business, 14.4. International Bisuness, 14.5. Independence and flexibility in work, 14.6. Trips",10,10,10,10,8,9,9,8,9,10,"16.3. Creating smart tours using biosensors that analyze tourists' emotions and states to offer personalized routes, 16.4.Development of neural interfaces that allow tourists to interact with tourism applications and services using thoughts, 16.5. Implementation of 4D technologies, creating multidimensional tours that immerse you in the atmosphere of a place not only visually, but also tactilely and through smells, 16.7. Development of universal mobile applications for travel planning and booking services"
02.10.2024 19:47:25,,1.2. Female,2.2. 23 - 25 years old,3.5. Atyrau region,4.1. Married,5.4. Entrepreneur,6.1. 85 000 tg - 150 000 tg,7.3. Entrepreneurship,10,9,8,10,9,8,9,10,9.14. Tourism,"10.1. Analytics, 10.6. Planning, 10.10. Financial literacy","11.2. JSC National Management Holding Baiterek, 11.4.State program ""Business Roadmap - 2025"", 11.7. Consulting and mentoring from experienced entrepreneurs",9,7,10,8,10,8,10,8,10,5,"14.1. Quick start without initial investment, 14.2. Opportunities for innovation, 14.3. Possibility of creating a family business, 14.5. Independence and flexibility in work",9,10,10,10,9,10,9,10,8,10,"16.2. Implementation of artificial intelligence technologies to create digital twins of tourist sites that can be explored online or via VR, 16.5. Implementation of 4D technologies, creating multidimensional tours that immerse you in the atmosphere of a place not only visually, but also tactilely and through smells, 16.6. Creating ""digital avatars"" of tourists that can represent them in an online environment and interact with other tourists and locals, 16.7. Development of universal mobile applications for travel planning and booking services"
02.10.2024 19:49:11,,1.1. Male,2.3. 26 - 30 years old,3.20. Shymkent city,4.1. Married,5.2. Civil servant,6.4. More than 500 000 tg,7.1. Civil service,9,8,10,9,7,8,9,10,9.14. Tourism,"10.1. Analytics, 10.2. Willingness to take risks, 10.5. Problem solving skills, 10.7. Stress resistance","11.1. JSC ""Entrepreneurship Development Fund ""Damu"", 11.4.State program ""Business Roadmap - 2025"", 11.7. Consulting and mentoring from experienced entrepreneurs",8,9,10,9,8,7,8,9,10,5,"14.2. Opportunities for innovation, 14.3. Possibility of creating a family business, 14.4. International Bisuness, 14.5. Independence and flexibility in work, 14.6. Trips",10,9,10,10,9,9,10,8,9,10,"16.1. Development of holographic guides that can accompany tourists to historical sites and attractions, 16.2. Implementation of artificial intelligence technologies to create digital twins of tourist sites that can be explored online or via VR, 16.3. Creating smart tours using biosensors that analyze tourists' emotions and states to offer personalized routes, 16.4.Development of neural interfaces that allow tourists to interact with tourism applications and services using thoughts, 16.5. Implementation of 4D technologies, creating multidimensional tours that immerse you in the atmosphere of a place not only visually, but also tactilely and through smells, 16.6. Creating ""digital avatars"" of tourists that can represent them in an online environment and interact with other tourists and locals, 16.7. Development of universal mobile applications for travel planning and booking services"
02.10.2024 19:50:47,,1.2. Female,2.3. 26 - 30 years old,3.15. Turkestan region,4.2. Not married,5.3. Working specialist,6.2. 150 000 tg – 300 000 tg,7.2. Employment with guaranteed income,8,9,7,6,7,7,9,10,9.14. Tourism,"10.5. Problem solving skills, 10.10. Financial literacy","11.5. National Chamber of Entrepreneurs ""Atameken"", 11.8. Educational courses and seminars on entrepreneurship",10,8,9,8,8,7,8,9,10,5,"14.2. Opportunities for innovation, 14.5. Independence and flexibility in work",9,10,9,10,9,10,9,10,9,10,"16.4.Development of neural interfaces that allow tourists to interact with tourism applications and services using thoughts, 16.5. Implementation of 4D technologies, creating multidimensional tours that immerse you in the atmosphere of a place not only visually, but also tactilely and through smells"
02.10.2024 19:52:19,,1.1. Male,2.2. 23 - 25 years old,3.13. Pavlodar region,4.1. Married,5.3. Working specialist,6.2. 150 000 tg – 300 000 tg,7.3. Entrepreneurship,9,8,7,10,7,8,8,10,9.14. Tourism,"10.1. Analytics, 10.4. Leadership, 10.8. Creative thinking","11.6. Grants for startups, 11.11. No knowledge of such resources",8,9,8,9,8,9,8,7,10,5,"14.2. Opportunities for innovation, 14.3. Possibility of creating a family business, 14.4. International Bisuness",10,10,9,8,9,10,10,9,10,10,"16.2. Implementation of artificial intelligence technologies to create digital twins of tourist sites that can be explored online or via VR, 16.3. Creating smart tours using biosensors that analyze tourists' emotions and states to offer personalized routes, 16.4.Development of neural interfaces that allow tourists to interact with tourism applications and services using thoughts"
02.10.2024 19:54:10,,1.2. Female,2.3. 26 - 30 years old,3.11. Kyzylorda region,4.1. Married,5.4. Entrepreneur,6.4. More than 500 000 tg,7.1. Civil service,8,9,10,8,9,9,7,9,9.14. Tourism,"10.4. Leadership, 10.8. Creative thinking, 10.10. Financial literacy","11.2. JSC National Management Holding Baiterek, 11.5. National Chamber of Entrepreneurs ""Atameken"", 11.11. No knowledge of such resources",8,9,8,9,7,8,7,9,10,5,14.5. Independence and flexibility in work,10,10,10,10,10,9,10,9,8,10,"16.1. Development of holographic guides that can accompany tourists to historical sites and attractions, 16.2. Implementation of artificial intelligence technologies to create digital twins of tourist sites that can be explored online or via VR, 16.3. Creating smart tours using biosensors that analyze tourists' emotions and states to offer personalized routes, 16.4.Development of neural interfaces that allow tourists to interact with tourism applications and services using thoughts, 16.5. Implementation of 4D technologies, creating multidimensional tours that immerse you in the atmosphere of a place not only visually, but also tactilely and through smells, 16.6. Creating ""digital avatars"" of tourists that can represent them in an online environment and interact with other tourists and locals, 16.7. Development of universal mobile applications for travel planning and booking services"
02.10.2024 19:55:56,,1.1. Male,2.2. 23 - 25 years old,3.4. Almaty region,4.1. Married,5.3. Working specialist,6.2. 150 000 tg – 300 000 tg,7.3. Entrepreneurship,10,8,9,10,8,7,9,8,9.14. Tourism,"10.4. Leadership, 10.10. Financial literacy","11.3. JSC ""Qazaqstan Investment Corporation"", 11.8. Educational courses and seminars on entrepreneurship",9,10,8,10,9,7,8,9,10,5,"14.2. Opportunities for innovation, 14.4. International Bisuness, 14.7.Financial support for start-up entrepreneurs",10,10,10,9,9,9,10,10,10,10,"16.6. Creating ""digital avatars"" of tourists that can represent them in an online environment and interact with other tourists and locals"
02.10.2024 19:58:01,,1.2. Female,2.3. 26 - 30 years old,3.9. Karaganda region,4.1. Married,5.3. Working specialist,6.3. 300 000 tg – 500 000 tg,7.3. Entrepreneurship,9,7,8,9,10,8,9,10,9.14. Tourism,"10.1. Analytics, 10.2. Willingness to take risks, 10.3. Communication skills, 10.4. Leadership","11.2. JSC National Management Holding Baiterek, 11.5. National Chamber of Entrepreneurs ""Atameken""",8,9,9,7,9,7,8,9,10,5,"14.5. Independence and flexibility in work, 14.6. Trips",10,10,10,10,10,10,9,9,10,10,"16.2. Implementation of artificial intelligence technologies to create digital twins of tourist sites that can be explored online or via VR, 16.3. Creating smart tours using biosensors that analyze tourists' emotions and states to offer personalized routes, 16.4.Development of neural interfaces that allow tourists to interact with tourism applications and services using thoughts, 16.5. Implementation of 4D technologies, creating multidimensional tours that immerse you in the atmosphere of a place not only visually, but also tactilely and through smells"
02.10.2024 20:16:40,,1.1. Male,2.2. 23 - 25 years old,3.4. Almaty region,4.1. Married,5.2. Civil servant,6.2. 150 000 tg – 300 000 tg,7.2. Employment with guaranteed income,10,8,10,8,9,7,8,9,9.14. Tourism,"10.3. Communication skills, 10.5. Problem solving skills","11.3. JSC ""Qazaqstan Investment Corporation"", 11.7. Consulting and mentoring from experienced entrepreneurs",10,8,10,9,8,9,8,9,10,5,"14.2. Opportunities for innovation, 14.4. International Bisuness",10,9,10,9,10,9,10,9,9,10,"16.1. Development of holographic guides that can accompany tourists to historical sites and attractions, 16.2. Implementation of artificial intelligence technologies to create digital twins of tourist sites that can be explored online or via VR, 16.3. Creating smart tours using biosensors that analyze tourists' emotions and states to offer personalized routes, 16.4.Development of neural interfaces that allow tourists to interact with tourism applications and services using thoughts, 16.5. Implementation of 4D technologies, creating multidimensional tours that immerse you in the atmosphere of a place not only visually, but also tactilely and through smells"
02.10.2024 20:17:55,,1.2. Female,2.3. 26 - 30 years old,3.10. Kostanay region,4.1. Married,5.3. Working specialist,6.3. 300 000 tg – 500 000 tg,7.3. Entrepreneurship,10,8,7,8,8,7,10,8,9.14. Tourism,"10.4. Leadership, 10.5. Problem solving skills","11.7. Consulting and mentoring from experienced entrepreneurs, 11.8. Educational courses and seminars on entrepreneurship",8,10,8,10,9,7,8,8,10,5,"14.3. Possibility of creating a family business, 14.4. International Bisuness",10,10,10,10,10,10,9,10,9,10,"16.1. Development of holographic guides that can accompany tourists to historical sites and attractions, 16.2. Implementation of artificial intelligence technologies to create digital twins of tourist sites that can be explored online or via VR, 16.3. Creating smart tours using biosensors that analyze tourists' emotions and states to offer personalized routes, 16.4.Development of neural interfaces that allow tourists to interact with tourism applications and services using thoughts"
03.10.2024 13:43:21,,1.2. Female,2.2. 23 - 25 years old,3.4. Almaty region,4.1. Married,5.3. Working specialist,6.3. 300 000 tg – 500 000 tg,7.1. Civil service,9,9,8,9,10,9,8,9,9.14. Tourism,"10.3. Communication skills, 10.5. Problem solving skills, 10.7. Stress resistance","11.3. JSC ""Qazaqstan Investment Corporation"", 11.5. National Chamber of Entrepreneurs ""Atameken""",8,10,9,8,8,9,10,9,10,5,"14.2. Opportunities for innovation, 14.4. International Bisuness, 14.6. Trips",10,9,10,9,10,9,10,9,10,9,"16.2. Implementation of artificial intelligence technologies to create digital twins of tourist sites that can be explored online or via VR, 16.3. Creating smart tours using biosensors that analyze tourists' emotions and states to offer personalized routes, 16.4.Development of neural interfaces that allow tourists to interact with tourism applications and services using thoughts"
03.10.2024 13:45:05,,1.2. Female,2.3. 26 - 30 years old,3.9. Karaganda region,4.1. Married,5.4. Entrepreneur,6.4. More than 500 000 tg,7.1. Civil service,9,8,7,8,7,8,9,10,9.14. Tourism,"10.2. Willingness to take risks, 10.4. Leadership, 10.7. Stress resistance","11.4.State program ""Business Roadmap - 2025"", 11.6. Grants for startups, 11.9. Online Resources and Platforms for Entrepreneurs",8,9,8,10,9,8,10,8,9,5,"14.2. Opportunities for innovation, 14.3. Possibility of creating a family business, 14.4. International Bisuness, 14.5. Independence and flexibility in work, 14.6. Trips",10,10,10,10,9,9,9,10,9,10,"16.1. Development of holographic guides that can accompany tourists to historical sites and attractions, 16.2. Implementation of artificial intelligence technologies to create digital twins of tourist sites that can be explored online or via VR, 16.3. Creating smart tours using biosensors that analyze tourists' emotions and states to offer personalized routes, 16.4.Development of neural interfaces that allow tourists to interact with tourism applications and services using thoughts"
03.10.2024 13:46:10,,1.1. Male,2.3. 26 - 30 years old,3.7. Zhambyl region,4.1. Married,5.3. Working specialist,6.4. More than 500 000 tg,7.2. Employment with guaranteed income,9,7,9,9,8,9,8,9,9.14. Tourism,"10.4. Leadership, 10.5. Problem solving skills, 10.7. Stress resistance, 10.8. Creative thinking","11.3. JSC ""Qazaqstan Investment Corporation"", 11.4.State program ""Business Roadmap - 2025"", 11.5. National Chamber of Entrepreneurs ""Atameken"", 11.7. Consulting and mentoring from experienced entrepreneurs",8,10,8,9,8,9,8,9,10,5,"14.2. Opportunities for innovation, 14.4. International Bisuness, 14.6. Trips, 14.7.Financial support for start-up entrepreneurs",10,10,10,9,9,9,10,10,9,10,"16.1. Development of holographic guides that can accompany tourists to historical sites and attractions, 16.2. Implementation of artificial intelligence technologies to create digital twins of tourist sites that can be explored online or via VR, 16.3. Creating smart tours using biosensors that analyze tourists' emotions and states to offer personalized routes, 16.4.Development of neural interfaces that allow tourists to interact with tourism applications and services using thoughts, 16.5. Implementation of 4D technologies, creating multidimensional tours that immerse you in the atmosphere of a place not only visually, but also tactilely and through smells, 16.6. Creating ""digital avatars"" of tourists that can represent them in an online environment and interact with other tourists and locals, 16.7. Development of universal mobile applications for travel planning and booking services"
03.10.2024 13:48:15,,1.2. Female,2.1. 18 - 22 years old,3.12. Mangistau region,4.1. Married,5.4. Entrepreneur,6.3. 300 000 tg – 500 000 tg,7.2. Employment with guaranteed income,8,8,9,8,9,10,7,8,9.14. Tourism,"10.3. Communication skills, 10.4. Leadership, 10.6. Planning, 10.8. Creative thinking","11.1. JSC ""Entrepreneurship Development Fund ""Damu"", 11.2. JSC National Management Holding Baiterek, 11.3. JSC ""Qazaqstan Investment Corporation""",10,9,8,9,8,7,8,9,10,5,"14.3. Possibility of creating a family business, 14.4. International Bisuness, 14.5. Independence and flexibility in work, 14.6. Trips",10,10,10,10,10,9,9,9,10,9,"16.2. Implementation of artificial intelligence technologies to create digital twins of tourist sites that can be explored online or via VR, 16.3. Creating smart tours using biosensors that analyze tourists' emotions and states to offer personalized routes"
03.10.2024 13:49:35,,1.1. Male,2.2. 23 - 25 years old,3.5. Atyrau region,4.2. Not married,5.4. Entrepreneur,6.4. More than 500 000 tg,7.2. Employment with guaranteed income,7,8,7,8,8,7,8,10,9.14. Tourism,"10.2. Willingness to take risks, 10.4. Leadership, 10.6. Planning, 10.8. Creative thinking","11.2. JSC National Management Holding Baiterek, 11.3. JSC ""Qazaqstan Investment Corporation"", 11.4.State program ""Business Roadmap - 2025"", 11.5. National Chamber of Entrepreneurs ""Atameken"", 11.6. Grants for startups, 11.8. Educational courses and seminars on entrepreneurship, 11.10. Private Business Incubators and Accelerators",10,9,8,9,10,8,9,9,10,5,"14.3. Possibility of creating a family business, 14.4. International Bisuness, 14.5. Independence and flexibility in work, 14.6. Trips, 14.7.Financial support for start-up entrepreneurs",10,10,10,9,9,9,9,10,10,9,"16.2. Implementation of artificial intelligence technologies to create digital twins of tourist sites that can be explored online or via VR, 16.3. Creating smart tours using biosensors that analyze tourists' emotions and states to offer personalized routes, 16.4.Development of neural interfaces that allow tourists to interact with tourism applications and services using thoughts, 16.5. Implementation of 4D technologies, creating multidimensional tours that immerse you in the atmosphere of a place not only visually, but also tactilely and through smells, 16.6. Creating ""digital avatars"" of tourists that can represent them in an online environment and interact with other tourists and locals"
03.10.2024 13:51:21,,1.2. Female,2.3. 26 - 30 years old,3.13. Pavlodar region,4.1. Married,5.5. Freelancer / self-employed,6.3. 300 000 tg – 500 000 tg,7.2. Employment with guaranteed income,7,9,7,8,9,10,9,9,9.14. Tourism,"10.2. Willingness to take risks, 10.3. Communication skills, 10.9. Project management","11.3. JSC ""Qazaqstan Investment Corporation"", 11.5. National Chamber of Entrepreneurs ""Atameken"", 11.8. Educational courses and seminars on entrepreneurship, 11.9. Online Resources and Platforms for Entrepreneurs",9,10,8,9,9,8,9,9,8,5,"14.2. Opportunities for innovation, 14.3. Possibility of creating a family business, 14.6. Trips",10,9,10,9,9,10,9,10,10,9,"16.1. Development of holographic guides that can accompany tourists to historical sites and attractions, 16.2. Implementation of artificial intelligence technologies to create digital twins of tourist sites that can be explored online or via VR, 16.3. Creating smart tours using biosensors that analyze tourists' emotions and states to offer personalized routes, 16.4.Development of neural interfaces that allow tourists to interact with tourism applications and services using thoughts, 16.5. Implementation of 4D technologies, creating multidimensional tours that immerse you in the atmosphere of a place not only visually, but also tactilely and through smells"
03.10.2024 13:52:44,,1.2. Female,2.3. 26 - 30 years old,3.13. Pavlodar region,4.2. Not married,5.4. Entrepreneur,6.2. 150 000 tg – 300 000 tg,7.2. Employment with guaranteed income,9,9,7,8,8,7,8,9,9.14. Tourism,"10.3. Communication skills, 10.4. Leadership, 10.6. Planning, 10.10. Financial literacy","11.5. National Chamber of Entrepreneurs ""Atameken"", 11.7. Consulting and mentoring from experienced entrepreneurs, 11.8. Educational courses and seminars on entrepreneurship",9,9,10,8,9,8,9,10,9,5,"14.2. Opportunities for innovation, 14.4. International Bisuness, 14.6. Trips",9,10,9,10,10,10,10,9,10,10,"16.2. Implementation of artificial intelligence technologies to create digital twins of tourist sites that can be explored online or via VR, 16.5. Implementation of 4D technologies, creating multidimensional tours that immerse you in the atmosphere of a place not only visually, but also tactilely and through smells"
03.10.2024 13:58:46,,1.1. Male,2.1. 18 - 22 years old,3.16. Ulytau region,4.1. Married,5.1. Student,6.5. No income,7.3. Entrepreneurship,1,3,3,1,2,2,2,2,9.6. Education,10.1. Analytics,"11.1. JSC ""Entrepreneurship Development Fund ""Damu""",2,2,2,2,2,2,2,2,2,5,14.6. Trips,2,2,2,2,2,2,2,2,2,2,16.1. Development of holographic guides that can accompany tourists to historical sites and attractions
03.10.2024 14:01:30,,1.1. Male,2.1. 18 - 22 years old,3.16. Ulytau region,4.1. Married,5.1. Student,6.5. No income,7.1. Civil service,2,2,2,2,2,2,2,2,9.6. Education,10.6. Planning,"11.1. JSC ""Entrepreneurship Development Fund ""Damu""",2,2,2,2,2,2,2,2,2,5,"14.3. Possibility of creating a family business, 14.4. International Bisuness",2,2,2,2,2,2,2,2,2,2,16.1. Development of holographic guides that can accompany tourists to historical sites and attractions
03.10.2024 14:02:50,,1.1. Male,2.1. 18 - 22 years old,3.16. Ulytau region,4.1. Married,5.1. Student,6.1. 85 000 tg - 150 000 tg,7.3. Entrepreneurship,2,2,2,2,2,2,2,2,9.4. Art,10.2. Willingness to take risks,"11.1. JSC ""Entrepreneurship Development Fund ""Damu""",2,2,2,2,2,2,2,2,2,5,14.6. Trips,2,2,2,2,2,2,2,2,2,2,16.1. Development of holographic guides that can accompany tourists to historical sites and attractions
03.10.2024 14:05:34,,1.1. Male,2.1. 18 - 22 years old,3.16. Ulytau region,4.1. Married,5.1. Student,6.1. 85 000 tg - 150 000 tg,7.1. Civil service,2,2,2,2,2,2,2,2,9.4. Art,"10.2. Willingness to take risks, 10.6. Planning","11.1. JSC ""Entrepreneurship Development Fund ""Damu""",2,2,2,2,2,2,2,2,2,5,14.6. Trips,2,2,2,2,2,2,2,2,2,2,16.1. Development of holographic guides that can accompany tourists to historical sites and attractions
03.10.2024 14:05:46,,1.2. Female,2.4. 31 - 35 years old,3.15. Turkestan region,4.2. Not married,5.6. Unemployed,6.1. 85 000 tg - 150 000 tg,7.3. Entrepreneurship,10,10,10,10,10,10,10,10,9.14. Tourism,"10.1. Analytics, 10.2. Willingness to take risks, 10.3. Communication skills, 10.4. Leadership, 10.5. Problem solving skills, 10.6. Planning, 10.7. Stress resistance, 10.10. Financial literacy","11.1. JSC ""Entrepreneurship Development Fund ""Damu"", 11.2. JSC National Management Holding Baiterek, 11.3. JSC ""Qazaqstan Investment Corporation"", 11.4.State program ""Business Roadmap - 2025"", 11.5. National Chamber of Entrepreneurs ""Atameken"", 11.6. Grants for startups, 11.7. Consulting and mentoring from experienced entrepreneurs",10,10,10,10,10,10,10,10,10,5,"14.1. Quick start without initial investment, 14.2. Opportunities for innovation, 14.3. Possibility of creating a family business, 14.4. International Bisuness, 14.6. Trips",10,10,10,10,10,10,10,10,10,10,"16.1. Development of holographic guides that can accompany tourists to historical sites and attractions, 16.2. Implementation of artificial intelligence technologies to create digital twins of tourist sites that can be explored online or via VR, 16.3. Creating smart tours using biosensors that analyze tourists' emotions and states to offer personalized routes, 16.4.Development of neural interfaces that allow tourists to interact with tourism applications and services using thoughts, 16.6. Creating ""digital avatars"" of tourists that can represent them in an online environment and interact with other tourists and locals"
03.10.2024 14:06:37,,1.1. Male,2.1. 18 - 22 years old,3.16. Ulytau region,4.1. Married,5.1. Student,6.1. 85 000 tg - 150 000 tg,7.1. Civil service,2,2,2,2,2,2,2,2,9.4. Art,10.6. Planning,"11.1. JSC ""Entrepreneurship Development Fund ""Damu""",2,2,2,2,2,2,2,2,2,5,14.6. Trips,2,2,2,2,2,2,2,2,2,2,16.1. Development of holographic guides that can accompany tourists to historical sites and attractions
03.10.2024 14:07:30,,1.1. Male,2.1. 18 - 22 years old,3.16. Ulytau region,4.1. Married,5.1. Student,6.1. 85 000 tg - 150 000 tg,7.1. Civil service,2,2,2,2,2,2,2,2,9.4. Art,10.6. Planning,"11.1. JSC ""Entrepreneurship Development Fund ""Damu""",2,2,2,2,2,2,2,2,2,5,14.6. Trips,2,2,2,2,2,2,2,2,2,2,16.1. Development of holographic guides that can accompany tourists to historical sites and attractions
03.10.2024 14:08:17,,1.1. Male,2.1. 18 - 22 years old,3.16. Ulytau region,4.1. Married,5.1. Student,6.1. 85 000 tg - 150 000 tg,7.1. Civil service,2,2,2,2,2,2,2,2,9.4. Art,10.6. Planning,"11.1. JSC ""Entrepreneurship Development Fund ""Damu""",2,2,2,2,2,2,2,2,2,5,14.6. Trips,2,2,2,2,2,2,2,2,2,2,16.1. Development of holographic guides that can accompany tourists to historical sites and attractions
03.10.2024 14:09:24,,1.1. Male,2.1. 18 - 22 years old,3.16. Ulytau region,4.1. Married,5.1. Student,6.1. 85 000 tg - 150 000 tg,7.1. Civil service,2,2,2,2,2,2,2,2,9.4. Art,10.6. Planning,"11.1. JSC ""Entrepreneurship Development Fund ""Damu""",2,2,2,2,2,2,2,2,2,5,14.6. Trips,2,2,2,2,2,2,2,2,2,2,16.1. Development of holographic guides that can accompany tourists to historical sites and attractions
03.10.2024 14:10:13,,1.1. Male,2.1. 18 - 22 years old,3.16. Ulytau region,4.1. Married,5.1. Student,6.1. 85 000 tg - 150 000 tg,7.1. Civil service,2,2,2,2,2,2,2,2,9.4. Art,10.6. Planning,"11.1. JSC ""Entrepreneurship Development Fund ""Damu""",2,2,2,2,2,2,2,2,2,5,14.6. Trips,2,2,2,2,2,2,2,2,2,2,16.1. Development of holographic guides that can accompany tourists to historical sites and attractions
03.10.2024 14:11:00,,1.1. Male,2.1. 18 - 22 years old,3.16. Ulytau region,4.1. Married,5.1. Student,6.1. 85 000 tg - 150 000 tg,7.1. Civil service,2,2,2,2,2,2,2,2,9.4. Art,10.6. Planning,"11.1. JSC ""Entrepreneurship Development Fund ""Damu""",2,2,2,2,2,2,2,2,2,5,14.6. Trips,2,2,2,2,2,2,2,2,2,2,16.1. Development of holographic guides that can accompany tourists to historical sites and attractions
03.10.2024 14:11:54,,1.1. Male,2.1. 18 - 22 years old,3.16. Ulytau region,4.1. Married,5.1. Student,6.1. 85 000 tg - 150 000 tg,7.1. Civil service,2,2,2,2,2,2,2,2,9.4. Art,10.6. Planning,"11.1. JSC ""Entrepreneurship Development Fund ""Damu""",2,2,2,2,2,2,2,2,2,5,14.6. Trips,2,2,2,2,2,2,2,2,2,2,16.1. Development of holographic guides that can accompany tourists to historical sites and attractions
03.10.2024 14:13:25,,1.1. Male,2.1. 18 - 22 years old,3.16. Ulytau region,4.1. Married,5.1. Student,6.1. 85 000 tg - 150 000 tg,7.1. Civil service,2,2,2,2,2,2,2,2,9.4. Art,10.6. Planning,"11.1. JSC ""Entrepreneurship Development Fund ""Damu""",2,2,2,2,2,2,2,2,2,5,14.6. Trips,2,2,2,2,2,2,2,2,2,2,16.1. Development of holographic guides that can accompany tourists to historical sites and attractions
03.10.2024 14:14:09,,1.1. Male,2.4. 31 - 35 years old,3.18. Astana city,4.1. Married,5.4. Entrepreneur,6.4. More than 500 000 tg,7.3. Entrepreneurship,10,7,10,5,8,8,10,10,9.13. Transport,"10.1. Analytics, 10.2. Willingness to take risks, 10.3. Communication skills, 10.6. Planning, 10.10. Financial literacy","11.1. JSC ""Entrepreneurship Development Fund ""Damu"", 11.4.State program ""Business Roadmap - 2025"", 11.5. National Chamber of Entrepreneurs ""Atameken""",8,10,8,6,6,10,10,10,5,2,"14.1. Quick start without initial investment, ",6,10,10,10,6,6,6,4,2,2,"16.1. Development of holographic guides that can accompany tourists to historical sites and attractions, 16.6. Creating ""digital avatars"" of tourists that can represent them in an online environment and interact with other tourists and locals"
03.10.2024 14:14:12,,1.1. Male,2.1. 18 - 22 years old,3.1. Abay region,4.1. Married,5.1. Student,6.1. 85 000 tg - 150 000 tg,7.1. Civil service,5,5,5,5,5,5,5,5,9.4. Art,10.6. Planning,"11.1. JSC ""Entrepreneurship Development Fund ""Damu""",5,5,5,5,5,5,5,5,5,5,14.6. Trips,5,5,5,5,5,5,5,5,5,5,16.1. Development of holographic guides that can accompany tourists to historical sites and attractions
03.10.2024 14:15:05,,1.1. Male,2.1. 18 - 22 years old,3.16. Ulytau region,4.1. Married,5.1. Student,6.1. 85 000 tg - 150 000 tg,7.1. Civil service,5,5,5,5,5,5,5,5,9.4. Art,10.6. Planning,"11.1. JSC ""Entrepreneurship Development Fund ""Damu""",5,5,5,5,5,5,5,5,5,5,14.6. Trips,5,5,5,5,5,5,5,5,5,5,16.1. Development of holographic guides that can accompany tourists to historical sites and attractions
03.10.2024 14:15:55,,1.1. Male,2.1. 18 - 22 years old,3.16. Ulytau region,4.1. Married,5.1. Student,6.1. 85 000 tg - 150 000 tg,7.1. Civil service,5,5,5,5,5,5,5,5,9.4. Art,10.6. Planning,"11.1. JSC ""Entrepreneurship Development Fund ""Damu""",5,5,5,5,5,5,5,5,5,5,14.6. Trips,5,5,5,5,5,5,5,5,5,5,16.1. Development of holographic guides that can accompany tourists to historical sites and attractions
03.10.2024 14:17:39,,1.1. Male,2.1. 18 - 22 years old,3.16. Ulytau region,4.1. Married,5.1. Student,6.1. 85 000 tg - 150 000 tg,7.1. Civil service,5,5,5,5,5,5,5,5,9.6. Education,10.6. Planning,"11.1. JSC ""Entrepreneurship Development Fund ""Damu""",5,5,5,5,5,5,5,5,5,5,14.6. Trips,5,5,5,5,5,5,5,5,5,5,16.1. Development of holographic guides that can accompany tourists to historical sites and attractions
03.10.2024 14:18:27,,1.1. Male,2.1. 18 - 22 years old,3.16. Ulytau region,4.1. Married,5.1. Student,6.1. 85 000 tg - 150 000 tg,7.1. Civil service,5,5,5,5,5,5,5,5,9.4. Art,10.6. Planning,"11.1. JSC ""Entrepreneurship Development Fund ""Damu""",5,5,5,5,5,5,5,5,5,5,14.6. Trips,5,5,5,5,5,5,5,5,5,5,16.1. Development of holographic guides that can accompany tourists to historical sites and attractions
03.10.2024 14:19:21,,1.1. Male,2.1. 18 - 22 years old,3.16. Ulytau region,4.1. Married,5.1. Student,6.1. 85 000 tg - 150 000 tg,7.1. Civil service,5,5,5,5,5,5,5,5,9.4. Art,10.6. Planning,"11.1. JSC ""Entrepreneurship Development Fund ""Damu""",5,5,5,5,5,5,5,5,5,5,14.6. Trips,5,5,5,5,5,5,5,5,5,5,16.1. Development of holographic guides that can accompany tourists to historical sites and attractions
03.10.2024 14:20:18,,1.1. Male,2.1. 18 - 22 years old,3.16. Ulytau region,4.1. Married,5.1. Student,6.1. 85 000 tg - 150 000 tg,7.1. Civil service,5,5,5,5,5,5,5,5,9.4. Art,10.6. Planning,"11.1. JSC ""Entrepreneurship Development Fund ""Damu""",5,5,5,5,5,5,5,5,5,5,14.6. Trips,5,5,5,5,5,5,5,5,5,5,16.1. Development of holographic guides that can accompany tourists to historical sites and attractions
03.10.2024 14:20:46,,1.2. Female,2.4. 31 - 35 years old,3.12. Mangistau region,4.2. Not married,5.6. Unemployed,6.5. No income,7.3. Entrepreneurship,10,10,10,10,10,10,10,10,9.14. Tourism,"10.1. Analytics, 10.2. Willingness to take risks, 10.3. Communication skills, 10.4. Leadership, 10.6. Planning, 10.7. Stress resistance","11.1. JSC ""Entrepreneurship Development Fund ""Damu"", 11.2. JSC National Management Holding Baiterek, 11.3. JSC ""Qazaqstan Investment Corporation"", 11.4.State program ""Business Roadmap - 2025"", 11.5. National Chamber of Entrepreneurs ""Atameken"", 11.6. Grants for startups, 11.8. Educational courses and seminars on entrepreneurship",10,10,10,10,10,10,10,10,10,5,"14.1. Quick start without initial investment, 14.2. Opportunities for innovation, 14.6. Trips",10,10,10,10,10,10,10,10,10,10,"16.1. Development of holographic guides that can accompany tourists to historical sites and attractions, 16.2. Implementation of artificial intelligence technologies to create digital twins of tourist sites that can be explored online or via VR, 16.4.Development of neural interfaces that allow tourists to interact with tourism applications and services using thoughts, 16.5. Implementation of 4D technologies, creating multidimensional tours that immerse you in the atmosphere of a place not only visually, but also tactilely and through smells"
03.10.2024 14:21:09,,1.1. Male,2.1. 18 - 22 years old,3.16. Ulytau region,4.1. Married,5.1. Student,6.1. 85 000 tg - 150 000 tg,7.1. Civil service,5,5,5,5,5,5,5,5,9.4. Art,10.6. Planning,"11.1. JSC ""Entrepreneurship Development Fund ""Damu""",5,5,5,5,5,5,5,5,5,5,14.6. Trips,5,5,5,5,5,5,5,5,5,5,16.1. Development of holographic guides that can accompany tourists to historical sites and attractions
03.10.2024 14:22:02,,1.1. Male,2.1. 18 - 22 years old,3.16. Ulytau region,4.1. Married,5.1. Student,6.1. 85 000 tg - 150 000 tg,7.1. Civil service,4,4,4,4,4,4,4,4,9.4. Art,10.6. Planning,"11.1. JSC ""Entrepreneurship Development Fund ""Damu""",5,5,5,5,5,5,5,5,5,5,14.6. Trips,5,5,5,5,5,5,5,5,5,5,16.1. Development of holographic guides that can accompany tourists to historical sites and attractions
03.10.2024 14:22:51,,1.1. Male,2.1. 18 - 22 years old,3.16. Ulytau region,4.1. Married,5.1. Student,6.1. 85 000 tg - 150 000 tg,7.1. Civil service,5,5,5,5,5,5,5,5,9.4. Art,10.6. Planning,"11.1. JSC ""Entrepreneurship Development Fund ""Damu""",5,5,5,5,5,5,5,5,5,5,14.6. Trips,5,5,5,5,5,5,5,5,5,5,16.1. Development of holographic guides that can accompany tourists to historical sites and attractions
03.10.2024 14:23:39,,1.1. Male,2.1. 18 - 22 years old,3.16. Ulytau region,4.1. Married,5.1. Student,6.1. 85 000 tg - 150 000 tg,7.1. Civil service,5,5,5,5,5,5,5,5,9.4. Art,10.6. Planning,"11.1. JSC ""Entrepreneurship Development Fund ""Damu""",5,5,5,5,5,5,5,5,5,5,14.6. Trips,5,5,5,5,5,5,5,5,5,5,16.1. Development of holographic guides that can accompany tourists to historical sites and attractions
03.10.2024 14:24:42,,1.1. Male,2.1. 18 - 22 years old,3.16. Ulytau region,4.1. Married,5.1. Student,6.1. 85 000 tg - 150 000 tg,7.1. Civil service,5,5,5,5,5,5,5,5,9.4. Art,10.6. Planning,"11.1. JSC ""Entrepreneurship Development Fund ""Damu""",5,5,5,5,5,5,5,5,5,5,14.6. Trips,5,5,5,5,5,5,5,5,5,5,16.1. Development of holographic guides that can accompany tourists to historical sites and attractions
03.10.2024 14:25:59,,1.1. Male,2.1. 18 - 22 years old,3.16. Ulytau region,4.1. Married,5.1. Student,6.1. 85 000 tg - 150 000 tg,7.1. Civil service,5,5,5,5,5,5,5,5,9.4. Art,10.6. Planning,"11.1. JSC ""Entrepreneurship Development Fund ""Damu""",5,5,5,5,5,5,5,5,5,5,14.6. Trips,5,5,5,5,5,5,5,5,5,5,16.1. Development of holographic guides that can accompany tourists to historical sites and attractions
03.10.2024 14:26:50,,1.1. Male,2.1. 18 - 22 years old,3.16. Ulytau region,4.1. Married,5.1. Student,6.1. 85 000 tg - 150 000 tg,7.1. Civil service,5,5,5,5,5,5,5,5,9.4. Art,10.6. Planning,"11.1. JSC ""Entrepreneurship Development Fund ""Damu""",5,5,5,5,5,5,5,5,5,5,14.6. Trips,5,5,5,5,5,5,5,5,5,5,16.1. Development of holographic guides that can accompany tourists to historical sites and attractions
03.10.2024 14:27:38,,1.1. Male,2.1. 18 - 22 years old,3.16. Ulytau region,4.1. Married,5.1. Student,6.1. 85 000 tg - 150 000 tg,7.1. Civil service,5,5,5,5,5,5,5,5,9.4. Art,10.6. Planning,"11.1. JSC ""Entrepreneurship Development Fund ""Damu""",5,5,5,5,5,5,5,5,5,5,14.6. Trips,5,5,5,5,5,5,5,5,5,5,16.1. Development of holographic guides that can accompany tourists to historical sites and attractions
03.10.2024 14:28:25,,1.1. Male,2.1. 18 - 22 years old,3.16. Ulytau region,4.1. Married,5.1. Student,6.1. 85 000 tg - 150 000 tg,7.1. Civil service,5,5,5,5,5,5,5,5,9.4. Art,10.6. Planning,"11.1. JSC ""Entrepreneurship Development Fund ""Damu""",5,5,5,5,5,5,5,5,5,5,14.6. Trips,5,5,5,5,5,5,5,5,5,5,16.1. Development of holographic guides that can accompany tourists to historical sites and attractions
03.10.2024 14:29:15,,1.1. Male,2.1. 18 - 22 years old,3.16. Ulytau region,4.1. Married,5.1. Student,6.1. 85 000 tg - 150 000 tg,7.1. Civil service,5,5,5,5,5,5,5,5,9.4. Art,10.6. Planning,"11.1. JSC ""Entrepreneurship Development Fund ""Damu""",5,5,5,5,5,5,5,5,5,5,14.6. Trips,5,5,5,5,5,5,5,5,5,5,16.1. Development of holographic guides that can accompany tourists to historical sites and attractions
03.10.2024 14:37:44,,1.2. Female,2.4. 31 - 35 years old,3.3. Aktobe region,4.1. Married,5.6. Unemployed,6.5. No income,7.3. Entrepreneurship,10,10,10,10,10,10,10,10,9.14. Tourism,"10.1. Analytics, 10.2. Willingness to take risks, 10.4. Leadership, 10.6. Planning, 10.7. Stress resistance","11.1. JSC ""Entrepreneurship Development Fund ""Damu"", 11.2. JSC National Management Holding Baiterek, 11.3. JSC ""Qazaqstan Investment Corporation"", 11.4.State program ""Business Roadmap - 2025"", 11.5. National Chamber of Entrepreneurs ""Atameken"", 11.6. Grants for startups, 11.9. Online Resources and Platforms for Entrepreneurs",10,10,10,10,10,10,10,10,10,5,"14.1. Quick start without initial investment, 14.3. Possibility of creating a family business, 14.6. Trips",10,10,10,10,10,10,10,10,10,10,"16.1. Development of holographic guides that can accompany tourists to historical sites and attractions, 16.2. Implementation of artificial intelligence technologies to create digital twins of tourist sites that can be explored online or via VR, 16.4.Development of neural interfaces that allow tourists to interact with tourism applications and services using thoughts"
03.10.2024 16:33:42,,1.2. Female,2.1. 18 - 22 years old,3.16. Ulytau region,4.2. Not married,5.1. Student,6.1. 85 000 tg - 150 000 tg,7.1. Civil service,1,1,1,1,1,1,1,1,9.1. Hotel sector,10.5. Problem solving skills,"11.1. JSC ""Entrepreneurship Development Fund ""Damu""",1,2,1,1,2,1,1,2,2,1,14.3. Possibility of creating a family business,1,1,1,1,1,1,2,2,1,3,16.1. Development of holographic guides that can accompany tourists to historical sites and attractions
03.10.2024 16:35:02,,1.1. Male,2.2. 23 - 25 years old,3.1. Abay region,4.2. Not married,5.6. Unemployed,6.5. No income,7.3. Entrepreneurship,3,3,3,2,2,2,2,2,9.3. Information Technology,10.4. Leadership,"11.1. JSC ""Entrepreneurship Development Fund ""Damu""",1,3,2,2,2,2,2,2,2,2,14.1. Quick start without initial investment,2,1,3,2,2,2,2,3,1,1,16.1. Development of holographic guides that can accompany tourists to historical sites and attractions
03.10.2024 16:38:09,,1.2. Female,2.1. 18 - 22 years old,3.1. Abay region,4.1. Married,5.6. Unemployed,6.5. No income,7.2. Employment with guaranteed income,3,3,3,3,3,3,3,3,9.9. Entertainment and leisure,10.3. Communication skills,"11.4.State program ""Business Roadmap - 2025""",1,1,1,1,1,1,1,1,1,3,14.5. Independence and flexibility in work,1,1,1,1,1,1,1,1,1,1,16.2. Implementation of artificial intelligence technologies to create digital twins of tourist sites that can be explored online or via VR
03.10.2024 16:39:52,,1.1. Male,2.1. 18 - 22 years old,3.16. Ulytau region,4.1. Married,5.1. Student,6.1. 85 000 tg - 150 000 tg,7.3. Entrepreneurship,3,2,1,2,3,2,1,2,9.3. Information Technology,10.3. Communication skills,"11.3. JSC ""Qazaqstan Investment Corporation""",1,3,1,3,3,2,2,2,2,4,14.6. Trips,1,2,3,2,1,2,3,2,1,3,16.2. Implementation of artificial intelligence technologies to create digital twins of tourist sites that can be explored online or via VR
03.10.2024 16:42:13,,1.1. Male,2.1. 18 - 22 years old,3.18. Astana city,4.2. Not married,5.2. Civil servant,6.1. 85 000 tg - 150 000 tg,7.2. Employment with guaranteed income,7,7,7,7,7,7,7,7,9.4. Art,10.1. Analytics,11.2. JSC National Management Holding Baiterek,10,10,10,10,10,10,10,10,10,1,"14.2. Opportunities for innovation, 14.3. Possibility of creating a family business",1,5,1,5,5,5,3,4,4,4,16.3. Creating smart tours using biosensors that analyze tourists' emotions and states to offer personalized routes
03.10.2024 16:42:55,,1.1. Male,2.3. 26 - 30 years old,3.3. Aktobe region,4.2. Not married,5.6. Unemployed,6.1. 85 000 tg - 150 000 tg,7.2. Employment with guaranteed income,6,6,6,6,6,6,6,6,9.7. Catering,"10.3. Communication skills, 10.5. Problem solving skills","11.2. JSC National Management Holding Baiterek, 11.4.State program ""Business Roadmap - 2025""",1,1,1,1,1,1,1,1,1,5,14.4. International Bisuness,2,3,1,3,2,1,2,3,2,2,16.2. Implementation of artificial intelligence technologies to create digital twins of tourist sites that can be explored online or via VR
03.10.2024 17:20:37,,1.1. Male,2.4. 31 - 35 years old,3.19. Almaty city,4.1. Married,5.6. Unemployed,6.3. 300 000 tg – 500 000 tg,7.3. Entrepreneurship,1,3,4,3,3,2,2,2,9.4. Art,10.1. Analytics,"11.4.State program ""Business Roadmap - 2025""",1,2,2,1,2,1,2,1,2,4,14.6. Trips,1,2,3,2,1,2,3,2,2,2,16.3. Creating smart tours using biosensors that analyze tourists' emotions and states to offer personalized routes
03.10.2024 17:22:04,,1.1. Male,2.2. 23 - 25 years old,3.1. Abay region,4.2. Not married,5.1. Student,6.1. 85 000 tg - 150 000 tg,7.3. Entrepreneurship,1,2,3,3,3,3,2,2,9.6. Education,10.4. Leadership,"11.1. JSC ""Entrepreneurship Development Fund ""Damu""",1,3,2,2,3,1,2,3,2,4,14.5. Independence and flexibility in work,1,2,1,2,3,2,3,1,3,2,16.4.Development of neural interfaces that allow tourists to interact with tourism applications and services using thoughts
03.10.2024 17:23:42,,1.2. Female,2.1. 18 - 22 years old,3.3. Aktobe region,4.2. Not married,5.1. Student,6.1. 85 000 tg - 150 000 tg,7.1. Civil service,1,1,1,1,1,1,1,1,9.3. Information Technology,10.8. Creative thinking,11.2. JSC National Management Holding Baiterek,1,1,1,1,1,1,1,1,1,4,14.4. International Bisuness,1,1,2,2,1,1,2,2,3,3,16.3. Creating smart tours using biosensors that analyze tourists' emotions and states to offer personalized routes
03.10.2024 17:25:10,,1.1. Male,2.1. 18 - 22 years old,3.1. Abay region,4.2. Not married,5.1. Student,6.2. 150 000 tg – 300 000 tg,7.3. Entrepreneurship,1,2,1,3,3,3,3,3,9.2. Healthcare,10.9. Project management,11.2. JSC National Management Holding Baiterek,1,2,2,2,1,1,1,3,3,1,14.2. Opportunities for innovation,2,2,2,2,2,2,2,2,2,2,16.2. Implementation of artificial intelligence technologies to create digital twins of tourist sites that can be explored online or via VR
03.10.2024 17:26:40,,1.2. Female,2.3. 26 - 30 years old,3.1. Abay region,4.2. Not married,5.1. Student,6.4. More than 500 000 tg,7.2. Employment with guaranteed income,10,10,9,9,9,9,9,9,9.12. Trade,10.3. Communication skills,"11.3. JSC ""Qazaqstan Investment Corporation""",1,1,2,2,2,2,2,2,2,4,14.7.Financial support for start-up entrepreneurs,2,2,2,2,2,2,2,2,2,2,16.2. Implementation of artificial intelligence technologies to create digital twins of tourist sites that can be explored online or via VR
03.10.2024 17:27:15,,1.2. Female,2.1. 18 - 22 years old,3.5. Atyrau region,4.2. Not married,5.6. Unemployed,6.3. 300 000 tg – 500 000 tg,7.3. Entrepreneurship,2,2,2,2,2,2,2,2,9.5. Logistics,10.2. Willingness to take risks,11.2. JSC National Management Holding Baiterek,1,1,3,3,3,3,3,3,3,5,14.3. Possibility of creating a family business,1,2,1,2,1,2,1,2,1,2,16.2. Implementation of artificial intelligence technologies to create digital twins of tourist sites that can be explored online or via VR
03.10.2024 17:35:15,,1.1. Male,2.2. 23 - 25 years old,3.10. Kostanay region,4.1. Married,5.1. Student,6.1. 85 000 tg - 150 000 tg,7.1. Civil service,2,2,2,2,2,2,2,2,9.7. Catering,10.3. Communication skills,"11.1. JSC ""Entrepreneurship Development Fund ""Damu""",1,1,1,1,1,1,1,1,1,3,14.3. Possibility of creating a family business,1,2,1,2,1,2,2,2,1,1,16.2. Implementation of artificial intelligence technologies to create digital twins of tourist sites that can be explored online or via VR
03.10.2024 17:36:29,,1.2. Female,2.1. 18 - 22 years old,3.3. Aktobe region,4.1. Married,5.1. Student,6.1. 85 000 tg - 150 000 tg,7.1. Civil service,2,2,2,2,2,2,2,2,9.5. Logistics,10.1. Analytics,"11.1. JSC ""Entrepreneurship Development Fund ""Damu""",1,2,1,2,1,2,1,2,1,3,14.6. Trips,3,2,2,3,2,3,3,3,3,3,16.2. Implementation of artificial intelligence technologies to create digital twins of tourist sites that can be explored online or via VR
03.10.2024 17:37:34,,1.2. Female,2.1. 18 - 22 years old,3.6. West Kazakhstan region,4.1. Married,5.3. Working specialist,6.3. 300 000 tg – 500 000 tg,7.3. Entrepreneurship,2,2,2,2,2,2,2,2,9.4. Art,10.2. Willingness to take risks,"11.1. JSC ""Entrepreneurship Development Fund ""Damu""",1,1,1,2,2,2,3,3,3,3,14.4. International Bisuness,1,2,1,2,1,2,2,2,2,2,16.1. Development of holographic guides that can accompany tourists to historical sites and attractions
03.10.2024 17:40:41,,1.2. Female,2.1. 18 - 22 years old,3.5. Atyrau region,4.2. Not married,5.4. Entrepreneur,6.3. 300 000 tg – 500 000 tg,7.2. Employment with guaranteed income,2,2,2,1,1,1,1,1,9.3. Information Technology,10.2. Willingness to take risks,11.2. JSC National Management Holding Baiterek,2,1,2,1,2,1,2,1,1,2,14.5. Independence and flexibility in work,1,2,1,1,2,2,2,2,2,2,16.2. Implementation of artificial intelligence technologies to create digital twins of tourist sites that can be explored online or via VR
03.10.2024 17:42:35,,1.2. Female,2.1. 18 - 22 years old,3.18. Astana city,4.2. Not married,5.3. Working specialist,6.3. 300 000 tg – 500 000 tg,7.2. Employment with guaranteed income,1,1,2,2,2,2,2,2,9.5. Logistics,10.1. Analytics,11.2. JSC National Management Holding Baiterek,1,2,1,2,1,2,3,3,3,4,"14.7.Financial support for start-up entrepreneurs, ",2,2,3,3,1,1,3,3,1,1,16.1. Development of holographic guides that can accompany tourists to historical sites and attractions
03.10.2024 20:13:53,,1.2. Female,2.4. 31 - 35 years old,3.13. Pavlodar region,4.1. Married,5.6. Unemployed,6.5. No income,7.3. Entrepreneurship,10,10,10,10,10,10,10,10,9.14. Tourism,"10.1. Analytics, 10.2. Willingness to take risks, 10.4. Leadership, 10.7. Stress resistance","11.1. JSC ""Entrepreneurship Development Fund ""Damu"", 11.2. JSC National Management Holding Baiterek, 11.3. JSC ""Qazaqstan Investment Corporation"", 11.5. National Chamber of Entrepreneurs ""Atameken"", 11.6. Grants for startups",10,10,10,10,10,10,10,10,10,5,"14.1. Quick start without initial investment, 14.2. Opportunities for innovation, 14.3. Possibility of creating a family business, 14.6. Trips",10,10,10,10,10,10,10,10,10,10,"16.1. Development of holographic guides that can accompany tourists to historical sites and attractions, 16.2. Implementation of artificial intelligence technologies to create digital twins of tourist sites that can be explored online or via VR, 16.3. Creating smart tours using biosensors that analyze tourists' emotions and states to offer personalized routes, 16.5. Implementation of 4D technologies, creating multidimensional tours that immerse you in the atmosphere of a place not only visually, but also tactilely and through smells"
03.10.2024 21:45:05,,1.2. Female,2.2. 23 - 25 years old,3.11. Kyzylorda region,4.2. Not married,5.1. Student,6.1. 85 000 tg - 150 000 tg,7.2. Employment with guaranteed income,10,10,10,10,10,10,10,10,9.14. Tourism,"10.4. Leadership, 10.7. Stress resistance",11.2. JSC National Management Holding Baiterek,10,10,10,10,10,10,10,10,10,5,14.5. Independence and flexibility in work,10,10,10,10,10,10,10,10,10,10,16.7. Development of universal mobile applications for travel planning and booking services
03.10.2024 21:47:05,,1.2. Female,2.1. 18 - 22 years old,3.11. Kyzylorda region,4.2. Not married,5.1. Student,6.1. 85 000 tg - 150 000 tg,7.2. Employment with guaranteed income,10,10,10,10,10,10,10,10,9.14. Tourism,10.7. Stress resistance,11.9. Online Resources and Platforms for Entrepreneurs,10,10,10,10,10,10,10,10,10,5,14.6. Trips,10,10,10,10,10,10,10,10,10,10,"16.1. Development of holographic guides that can accompany tourists to historical sites and attractions, 16.2. Implementation of artificial intelligence technologies to create digital twins of tourist sites that can be explored online or via VR, 16.3. Creating smart tours using biosensors that analyze tourists' emotions and states to offer personalized routes, 16.4.Development of neural interfaces that allow tourists to interact with tourism applications and services using thoughts, 16.6. Creating ""digital avatars"" of tourists that can represent them in an online environment and interact with other tourists and locals, 16.7. Development of universal mobile applications for travel planning and booking services"
03.10.2024 21:48:20,,1.1. Male,2.1. 18 - 22 years old,3.11. Kyzylorda region,4.2. Not married,5.1. Student,6.1. 85 000 tg - 150 000 tg,7.2. Employment with guaranteed income,10,10,10,10,10,10,10,10,9.14. Tourism,10.4. Leadership,"11.8. Educational courses and seminars on entrepreneurship, 11.10. Private Business Incubators and Accelerators",10,10,10,10,10,10,10,10,10,5,14.6. Trips,10,10,10,10,10,10,10,10,10,10,"16.1. Development of holographic guides that can accompany tourists to historical sites and attractions, 16.2. Implementation of artificial intelligence technologies to create digital twins of tourist sites that can be explored online or via VR, 16.3. Creating smart tours using biosensors that analyze tourists' emotions and states to offer personalized routes, 16.6. Creating ""digital avatars"" of tourists that can represent them in an online environment and interact with other tourists and locals"
03.10.2024 21:50:00,,1.2. Female,2.1. 18 - 22 years old,3.11. Kyzylorda region,4.2. Not married,5.6. Unemployed,6.1. 85 000 tg - 150 000 tg,7.2. Employment with guaranteed income,10,10,10,10,10,10,10,10,9.14. Tourism,10.5. Problem solving skills,"11.5. National Chamber of Entrepreneurs ""Atameken"", 11.6. Grants for startups, 11.10. Private Business Incubators and Accelerators",10,10,10,10,10,10,10,10,10,5,14.6. Trips,10,10,10,10,10,10,10,10,10,10,16.3. Creating smart tours using biosensors that analyze tourists' emotions and states to offer personalized routes
03.10.2024 21:54:42,,1.2. Female,2.1. 18 - 22 years old,3.11. Kyzylorda region,4.2. Not married,5.1. Student,6.1. 85 000 tg - 150 000 tg,7.3. Entrepreneurship,10,10,10,10,10,10,10,10,9.14. Tourism,"10.4. Leadership, 10.7. Stress resistance, 10.9. Project management","11.5. National Chamber of Entrepreneurs ""Atameken"", 11.9. Online Resources and Platforms for Entrepreneurs, 11.10. Private Business Incubators and Accelerators",10,10,10,10,10,10,10,10,10,5,"14.6. Trips, 14.7.Financial support for start-up entrepreneurs",10,9,10,9,10,9,10,9,10,9,"16.5. Implementation of 4D technologies, creating multidimensional tours that immerse you in the atmosphere of a place not only visually, but also tactilely and through smells, 16.7. Development of universal mobile applications for travel planning and booking services"
03.10.2024 21:56:58,,1.1. Male,2.1. 18 - 22 years old,3.11. Kyzylorda region,4.2. Not married,5.1. Student,6.1. 85 000 tg - 150 000 tg,7.3. Entrepreneurship,10,10,10,10,10,10,10,10,9.14. Tourism,"10.3. Communication skills, 10.5. Problem solving skills, 10.7. Stress resistance, 10.9. Project management","11.6. Grants for startups, 11.8. Educational courses and seminars on entrepreneurship, 11.9. Online Resources and Platforms for Entrepreneurs, 11.10. Private Business Incubators and Accelerators",10,10,10,10,10,10,10,10,10,5,14.6. Trips,10,10,10,10,10,10,10,10,10,10,16.3. Creating smart tours using biosensors that analyze tourists' emotions and states to offer personalized routes
03.10.2024 21:58:54,,1.2. Female,2.1. 18 - 22 years old,3.11. Kyzylorda region,4.2. Not married,5.1. Student,6.1. 85 000 tg - 150 000 tg,7.1. Civil service,10,10,10,10,10,10,10,10,9.14. Tourism,10.6. Planning,"11.5. National Chamber of Entrepreneurs ""Atameken"", 11.8. Educational courses and seminars on entrepreneurship, 11.10. Private Business Incubators and Accelerators",10,10,10,10,10,10,10,10,10,5,"14.5. Independence and flexibility in work, 14.6. Trips, 14.7.Financial support for start-up entrepreneurs",10,10,10,10,10,10,10,10,10,10,16.7. Development of universal mobile applications for travel planning and booking services
03.10.2024 22:00:14,,1.1. Male,2.1. 18 - 22 years old,3.11. Kyzylorda region,4.2. Not married,5.4. Entrepreneur,6.1. 85 000 tg - 150 000 tg,7.2. Employment with guaranteed income,10,10,10,10,10,10,10,10,9.14. Tourism,"10.4. Leadership, 10.7. Stress resistance, 10.8. Creative thinking, 10.9. Project management","11.3. JSC ""Qazaqstan Investment Corporation"", 11.6. Grants for startups, 11.8. Educational courses and seminars on entrepreneurship, 11.10. Private Business Incubators and Accelerators",10,10,10,10,10,10,10,10,10,5,14.6. Trips,10,10,10,10,10,10,10,10,10,10,"16.5. Implementation of 4D technologies, creating multidimensional tours that immerse you in the atmosphere of a place not only visually, but also tactilely and through smells, 16.6. Creating ""digital avatars"" of tourists that can represent them in an online environment and interact with other tourists and locals"
03.10.2024 22:01:43,,1.2. Female,2.1. 18 - 22 years old,3.11. Kyzylorda region,4.2. Not married,5.5. Freelancer / self-employed,6.2. 150 000 tg – 300 000 tg,7.2. Employment with guaranteed income,10,10,10,10,10,10,10,10,9.14. Tourism,"10.4. Leadership, 10.6. Planning, 10.8. Creative thinking, 10.9. Project management","11.1. JSC ""Entrepreneurship Development Fund ""Damu"", 11.2. JSC National Management Holding Baiterek, 11.9. Online Resources and Platforms for Entrepreneurs",10,10,10,10,10,10,10,10,10,5,14.6. Trips,10,10,10,10,10,10,10,10,10,10,16.3. Creating smart tours using biosensors that analyze tourists' emotions and states to offer personalized routes
03.10.2024 22:03:21,,1.2. Female,2.1. 18 - 22 years old,3.11. Kyzylorda region,4.2. Not married,5.4. Entrepreneur,6.1. 85 000 tg - 150 000 tg,7.2. Employment with guaranteed income,10,10,10,10,10,10,10,10,9.14. Tourism,"10.6. Planning, 10.9. Project management, 10.10. Financial literacy","11.3. JSC ""Qazaqstan Investment Corporation"", 11.5. National Chamber of Entrepreneurs ""Atameken"", 11.9. Online Resources and Platforms for Entrepreneurs",10,10,10,10,10,10,10,10,10,5,"14.5. Independence and flexibility in work, 14.6. Trips",10,10,10,10,10,10,10,10,10,10,16.3. Creating smart tours using biosensors that analyze tourists' emotions and states to offer personalized routes
03.10.2024 22:04:58,,1.2. Female,2.1. 18 - 22 years old,3.11. Kyzylorda region,4.2. Not married,5.1. Student,6.1. 85 000 tg - 150 000 tg,7.1. Civil service,10,10,10,10,10,10,10,10,9.14. Tourism,"10.7. Stress resistance, 10.8. Creative thinking, 10.9. Project management","11.3. JSC ""Qazaqstan Investment Corporation"", 11.6. Grants for startups, 11.7. Consulting and mentoring from experienced entrepreneurs, 11.10. Private Business Incubators and Accelerators",10,10,10,8,8,10,10,10,10,5,"14.5. Independence and flexibility in work, 14.6. Trips",8,8,8,7,8,7,8,7,8,7,"16.2. Implementation of artificial intelligence technologies to create digital twins of tourist sites that can be explored online or via VR, 16.4.Development of neural interfaces that allow tourists to interact with tourism applications and services using thoughts"
03.10.2024 22:06:06,,1.1. Male,2.1. 18 - 22 years old,3.11. Kyzylorda region,4.2. Not married,5.1. Student,6.1. 85 000 tg - 150 000 tg,7.1. Civil service,4,5,4,7,7,4,7,4,9.14. Tourism,"10.3. Communication skills, 10.5. Problem solving skills, 10.7. Stress resistance, 10.9. Project management","11.4.State program ""Business Roadmap - 2025"", 11.5. National Chamber of Entrepreneurs ""Atameken"", 11.7. Consulting and mentoring from experienced entrepreneurs, 11.10. Private Business Incubators and Accelerators",8,7,6,7,7,8,6,7,8,4,"14.3. Possibility of creating a family business, 14.6. Trips",9,8,7,6,5,4,3,2,1,8,"16.2. Implementation of artificial intelligence technologies to create digital twins of tourist sites that can be explored online or via VR, 16.3. Creating smart tours using biosensors that analyze tourists' emotions and states to offer personalized routes, 16.4.Development of neural interfaces that allow tourists to interact with tourism applications and services using thoughts"
03.10.2024 22:07:11,,1.1. Male,2.1. 18 - 22 years old,3.11. Kyzylorda region,4.2. Not married,5.1. Student,6.4. More than 500 000 tg,7.2. Employment with guaranteed income,8,7,8,7,8,7,8,7,9.14. Tourism,"10.4. Leadership, 10.6. Planning, 10.9. Project management","11.7. Consulting and mentoring from experienced entrepreneurs, 11.8. Educational courses and seminars on entrepreneurship, 11.9. Online Resources and Platforms for Entrepreneurs",8,7,8,7,8,7,8,7,8,4,14.3. Possibility of creating a family business,9,8,9,8,9,8,9,8,9,8,"16.4.Development of neural interfaces that allow tourists to interact with tourism applications and services using thoughts, 16.5. Implementation of 4D technologies, creating multidimensional tours that immerse you in the atmosphere of a place not only visually, but also tactilely and through smells"
03.10.2024 22:09:00,,1.2. Female,2.2. 23 - 25 years old,3.11. Kyzylorda region,4.1. Married,5.4. Entrepreneur,6.3. 300 000 tg – 500 000 tg,7.2. Employment with guaranteed income,8,8,7,5,6,8,5,8,9.14. Tourism,"10.1. Analytics, 10.2. Willingness to take risks, 10.7. Stress resistance","11.3. JSC ""Qazaqstan Investment Corporation"", 11.5. National Chamber of Entrepreneurs ""Atameken"", 11.9. Online Resources and Platforms for Entrepreneurs",8,8,7,8,6,8,6,7,8,4,"14.1. Quick start without initial investment, 14.2. Opportunities for innovation, 14.3. Possibility of creating a family business, 14.5. Independence and flexibility in work, 14.6. Trips",6,6,6,9,8,9,7,9,7,9,16.4.Development of neural interfaces that allow tourists to interact with tourism applications and services using thoughts
03.10.2024 22:10:28,,1.2. Female,2.3. 26 - 30 years old,3.11. Kyzylorda region,4.1. Married,5.2. Civil servant,6.3. 300 000 tg – 500 000 tg,7.2. Employment with guaranteed income,10,9,8,10,9,8,10,9,9.14. Tourism,"10.2. Willingness to take risks, 10.4. Leadership, 10.6. Planning, 10.8. Creative thinking","11.4.State program ""Business Roadmap - 2025"", 11.6. Grants for startups, 11.8. Educational courses and seminars on entrepreneurship, 11.9. Online Resources and Platforms for Entrepreneurs",10,9,8,7,10,9,8,7,9,4,"14.4. International Bisuness, 14.6. Trips",10,9,8,7,10,9,8,7,10,8,16.4.Development of neural interfaces that allow tourists to interact with tourism applications and services using thoughts
03.10.2024 22:11:34,,1.1. Male,2.3. 26 - 30 years old,3.12. Mangistau region,4.2. Not married,5.1. Student,6.2. 150 000 tg – 300 000 tg,7.3. Entrepreneurship,7,8,7,8,7,8,7,8,9.14. Tourism,"10.4. Leadership, 10.6. Planning, 10.7. Stress resistance","11.1. JSC ""Entrepreneurship Development Fund ""Damu"", 11.5. National Chamber of Entrepreneurs ""Atameken"", 11.6. Grants for startups",8,7,6,8,7,6,5,4,3,5,14.6. Trips,9,9,8,8,7,8,9,7,8,9,"16.3. Creating smart tours using biosensors that analyze tourists' emotions and states to offer personalized routes, 16.4.Development of neural interfaces that allow tourists to interact with tourism applications and services using thoughts"
03.10.2024 22:13:05,,1.1. Male,2.1. 18 - 22 years old,3.12. Mangistau region,4.2. Not married,5.3. Working specialist,6.3. 300 000 tg – 500 000 tg,7.2. Employment with guaranteed income,10,9,8,7,6,5,4,3,9.14. Tourism,"10.2. Willingness to take risks, 10.4. Leadership, 10.8. Creative thinking, 10.9. Project management","11.1. JSC ""Entrepreneurship Development Fund ""Damu"", 11.2. JSC National Management Holding Baiterek, 11.5. National Chamber of Entrepreneurs ""Atameken"", 11.6. Grants for startups, 11.8. Educational courses and seminars on entrepreneurship, 11.11. No knowledge of such resources",10,9,8,7,6,5,4,3,10,5,"14.5. Independence and flexibility in work, 14.6. Trips",10,9,8,10,9,8,10,9,8,9,"16.5. Implementation of 4D technologies, creating multidimensional tours that immerse you in the atmosphere of a place not only visually, but also tactilely and through smells"
03.10.2024 22:14:45,,1.2. Female,2.2. 23 - 25 years old,3.11. Kyzylorda region,4.2. Not married,5.1. Student,6.2. 150 000 tg – 300 000 tg,7.1. Civil service,10,9,8,7,6,5,4,3,9.14. Tourism,"10.2. Willingness to take risks, 10.4. Leadership, 10.6. Planning, 10.8. Creative thinking, 10.10. Financial literacy","11.1. JSC ""Entrepreneurship Development Fund ""Damu"", 11.3. JSC ""Qazaqstan Investment Corporation"", 11.5. National Chamber of Entrepreneurs ""Atameken"", 11.7. Consulting and mentoring from experienced entrepreneurs, 11.9. Online Resources and Platforms for Entrepreneurs, 11.11. No knowledge of such resources",8,7,6,5,2,4,6,4,7,5,"14.2. Opportunities for innovation, 14.4. International Bisuness, 14.6. Trips",9,6,8,7,8,5,10,8,9,8,16.3. Creating smart tours using biosensors that analyze tourists' emotions and states to offer personalized routes
03.10.2024 22:21:26,,1.2. Female,2.1. 18 - 22 years old,3.19. Almaty city,4.2. Not married,5.5. Freelancer / self-employed,6.2. 150 000 tg – 300 000 tg,7.3. Entrepreneurship,8,10,10,7,9,10,10,9,9.14. Tourism,"10.2. Willingness to take risks, 10.3. Communication skills, 10.5. Problem solving skills, 10.7. Stress resistance, 10.8. Creative thinking, 10.10. Financial literacy","11.3. JSC ""Qazaqstan Investment Corporation"", 11.6. Grants for startups, 11.8. Educational courses and seminars on entrepreneurship, 11.9. Online Resources and Platforms for Entrepreneurs, 11.10. Private Business Incubators and Accelerators",8,8,10,9,7,9,10,10,10,5,"14.1. Quick start without initial investment, 14.4. International Bisuness, 14.5. Independence and flexibility in work, 14.6. Trips",9,10,10,6,9,10,7,4,3,6,"16.1. Development of holographic guides that can accompany tourists to historical sites and attractions, 16.4.Development of neural interfaces that allow tourists to interact with tourism applications and services using thoughts, 16.6. Creating ""digital avatars"" of tourists that can represent them in an online environment and interact with other tourists and locals"
03.10.2024 22:24:30,,1.2. Female,2.1. 18 - 22 years old,3.19. Almaty city,4.2. Not married,5.4. Entrepreneur,6.3. 300 000 tg – 500 000 tg,7.2. Employment with guaranteed income,9,10,7,7,8,10,8,10,9.14. Tourism,"10.1. Analytics, 10.2. Willingness to take risks, 10.5. Problem solving skills, 10.7. Stress resistance","11.1. JSC ""Entrepreneurship Development Fund ""Damu"", 11.2. JSC National Management Holding Baiterek, 11.5. National Chamber of Entrepreneurs ""Atameken"", 11.8. Educational courses and seminars on entrepreneurship",8,10,10,8,6,9,6,10,10,5,"14.2. Opportunities for innovation, 14.4. International Bisuness, 14.6. Trips",10,10,10,3,3,4,5,3,3,9,"16.1. Development of holographic guides that can accompany tourists to historical sites and attractions, 16.4.Development of neural interfaces that allow tourists to interact with tourism applications and services using thoughts, 16.6. Creating ""digital avatars"" of tourists that can represent them in an online environment and interact with other tourists and locals"
03.10.2024 22:27:40,,1.2. Female,2.1. 18 - 22 years old,3.19. Almaty city,4.2. Not married,5.5. Freelancer / self-employed,6.3. 300 000 tg – 500 000 tg,7.2. Employment with guaranteed income,9,10,10,8,8,10,8,10,9.14. Tourism,"10.1. Analytics, 10.2. Willingness to take risks, 10.6. Planning","11.2. JSC National Management Holding Baiterek, 11.5. National Chamber of Entrepreneurs ""Atameken"", 11.10. Private Business Incubators and Accelerators",8,10,10,10,7,9,9,10,10,5,"14.2. Opportunities for innovation, 14.5. Independence and flexibility in work, 14.6. Trips",10,10,10,3,3,3,10,3,3,9,"16.3. Creating smart tours using biosensors that analyze tourists' emotions and states to offer personalized routes, 16.5. Implementation of 4D technologies, creating multidimensional tours that immerse you in the atmosphere of a place not only visually, but also tactilely and through smells"
03.10.2024 22:32:55,,1.2. Female,2.1. 18 - 22 years old,3.19. Almaty city,4.2. Not married,5.1. Student,6.5. No income,7.3. Entrepreneurship,10,9,9,8,9,10,9,10,9.14. Tourism,"10.2. Willingness to take risks, 10.5. Problem solving skills, 10.7. Stress resistance, 10.8. Creative thinking","11.5. National Chamber of Entrepreneurs ""Atameken"", 11.8. Educational courses and seminars on entrepreneurship, 11.10. Private Business Incubators and Accelerators",9,10,10,9,6,9,9,10,10,5,"14.2. Opportunities for innovation, 14.5. Жұмыстағы тәуелсіздік және икемділік, 14.6. Trips",10,10,10,6,6,3,9,6,3,9,"16.1. Development of holographic guides that can accompany tourists to historical sites and attractions, 16.2. Implementation of artificial intelligence technologies to create digital twins of tourist sites that can be explored online or via VR, 16.5. Implementation of 4D technologies, creating multidimensional tours that immerse you in the atmosphere of a place not only visually, but also tactilely and through smells, 16.7. Development of universal mobile applications for travel planning and booking services"
03.10.2024 22:36:43,,1.1. Male,2.1. 18 - 22 years old,3.11. Kyzylorda region,4.2. Not married,5.3. Working specialist,6.2. 150 000 tg – 300 000 tg,7.2. Employment with guaranteed income,10,9,9,8,9,10,9,10,9.14. Tourism,"10.1. Analytics, 10.2. Willingness to take risks, 10.4. Leadership, 10.5. Problem solving skills, 10.7. Stress resistance, 10.8. Creative thinking","11.2. JSC National Management Holding Baiterek, 11.4.State program ""Business Roadmap - 2025"", 11.7. Consulting and mentoring from experienced entrepreneurs, 11.9. Online Resources and Platforms for Entrepreneurs",9,9,8,10,7,9,9,10,10,5,"14.1. Quick start without initial investment, 14.2. Opportunities for innovation, 14.4. International Bisuness, 14.6. Trips",10,10,10,7,3,3,9,3,3,9,"16.1. Development of holographic guides that can accompany tourists to historical sites and attractions, 16.3. Creating smart tours using biosensors that analyze tourists' emotions and states to offer personalized routes, 16.5. Implementation of 4D technologies, creating multidimensional tours that immerse you in the atmosphere of a place not only visually, but also tactilely and through smells"
03.10.2024 22:42:38,,1.1. Male,2.1. 18 - 22 years old,3.19. Almaty city,4.2. Not married,5.4. Entrepreneur,6.1. 85 000 tg - 150 000 tg,7.2. Employment with guaranteed income,10,10,9,9,9,10,9,10,9.14. Tourism,"10.1. Analytics, 10.4. Leadership, 10.6. Planning, 10.7. Stress resistance","11.1. JSC ""Entrepreneurship Development Fund ""Damu"", 11.6. Grants for startups, 11.8. Educational courses and seminars on entrepreneurship",10,10,9,9,8,9,9,10,10,5,"14.1. Quick start without initial investment, 14.2. Opportunities for innovation",10,10,10,10,2,2,9,2,2,10,"16.2. Implementation of artificial intelligence technologies to create digital twins of tourist sites that can be explored online or via VR, 16.5. Implementation of 4D technologies, creating multidimensional tours that immerse you in the atmosphere of a place not only visually, but also tactilely and through smells, 16.7. Development of universal mobile applications for travel planning and booking services"
03.10.2024 22:47:13,,1.2. Female,2.1. 18 - 22 years old,3.19. Almaty city,4.2. Not married,5.5. Freelancer / self-employed,6.2. 150 000 tg – 300 000 tg,7.2. Employment with guaranteed income,10,10,9,9,9,10,9,10,9.14. Tourism,"10.2. Willingness to take risks, 10.5. Problem solving skills, 10.7. Stress resistance, 10.9. Project management","11.2. JSC National Management Holding Baiterek, 11.5. National Chamber of Entrepreneurs ""Atameken"", 11.7. Consulting and mentoring from experienced entrepreneurs, 11.8. Educational courses and seminars on entrepreneurship, 11.9. Online Resources and Platforms for Entrepreneurs",9,10,9,10,9,10,10,10,10,5,"14.1. Quick start without initial investment, 14.2. Opportunities for innovation, 14.4. International Bisuness, 14.6. Trips",10,10,10,10,2,2,9,2,2,10,"16.1. Development of holographic guides that can accompany tourists to historical sites and attractions, 16.4.Development of neural interfaces that allow tourists to interact with tourism applications and services using thoughts"
23.12.2024 17:54:40,,1.1. Male,2.4. 31 - 35 years old,3.16. Ulytau region,4.1. Married,5.2. Civil servant,6.4. More than 500 000 tg,7.1. Civil service,5,6,7,8,9,10,10,10,9.12. Trade,10.2. Willingness to take risks,"11.3. JSC ""Qazaqstan Investment Corporation""",1,2,3,4,5,6,7,8,9,5,"14.1. Quick start without initial investment, 14.7.Financial support for start-up entrepreneurs",2,3,1,5,6,7,8,9,10,10,16.1. Development of holographic guides that can accompany tourists to historical sites and attractions